2026-07-02 14:34:03 - [32minfo[39m: Reading configs from /Users/tsl/Documents/projects/qa-automation/browserstack.yml
2026-07-02 14:34:03 - [32minfo[39m: Log Directory has been set to /Users/tsl/Documents/projects/qa-automation/log
2026-07-02 14:34:03 - [32minfo[39m: Running SDK with args /opt/homebrew/Cellar/node/26.0.0/bin/node /Users/tsl/Documents/projects/qa-automation/node_modules/.bin/browserstack-node-sdk playwright test login --project=chromium
2026-07-02 14:34:03 - [32minfo[39m: SDK run started with id: 715daa5a-1197-404d-8ac0-2816f0437805
2026-07-02 14:34:03 - [32minfo[39m: Project and debug logs are captured by default. To disable, set disableAutoCaptureLogs: true in config.
2026-07-02 14:34:03 - [32minfo[39m: [BrowserstackCLI] startMain: Starting main process
2026-07-02 14:34:03 - [32minfo[39m: [CLIUtils] Current CLI Path Found: 
2026-07-02 14:34:06 - [32minfo[39m: [BrowserstackCLI] spawning command='/Users/tsl/.browserstack/cli/binary-macos-arm64,sdk'
2026-07-02 14:34:07 - [32minfo[39m: [BrowserstackCLI] CLI params loaded: {"id":"639450b1-11a1-4ac6-8bb4-ba3c3c7a7ec3","listen":"unix:/tmp/sdk-platform-639450b1-11a1-4ac6-8bb4-ba3c3c7a7ec3.sock"}
2026-07-02 14:34:07 - [32minfo[39m: [GrpcClient] Connected to gRPC server at unix:/tmp/sdk-platform-639450b1-11a1-4ac6-8bb4-ba3c3c7a7ec3.sock
2026-07-02 14:34:07 - [32minfo[39m: [GrpcClient] Initialized gRPC client with bin session id: 639450b1-11a1-4ac6-8bb4-ba3c3c7a7ec3 and listen address: unix:/tmp/sdk-platform-639450b1-11a1-4ac6-8bb4-ba3c3c7a7ec3.sock
2026-07-02 14:34:07 - [32minfo[39m: [GrpcClient] startBinSession: Calling startBinSession
2026-07-02 14:34:07 - [32minfo[39m: [GrpcClient] setCliArgs: cliArgs=["playwright","test","login","--project=chromium"], parsedConfig=[]
2026-07-02 14:34:09 - [32minfo[39m: [GrpcClient] StartBinSession successful
2026-07-02 14:34:09 - [32minfo[39m: [BrowserstackCLI] loadModules: Loading modules
2026-07-02 14:34:09 - [32minfo[39m: [BrowserstackCLI] loadModules: binSessionId=639450b1-11a1-4ac6-8bb4-ba3c3c7a7ec3
2026-07-02 14:34:09 - [32minfo[39m: [BrowserstackCLI] loading Modules.
2026-07-02 14:34:09 - [32minfo[39m: [BrowserstackCLI] setCliArgs: cliArgs=["playwright","test","login","--project=chromium"]
2026-07-02 14:34:09 - [32minfo[39m: [BrowserstackCLI] Accessibility success=false
2026-07-02 14:34:11 - [32minfo[39m: [BrowserstackCLI] Starting as child process with session ID: 639450b1-11a1-4ac6-8bb4-ba3c3c7a7ec3
2026-07-02 14:34:11 - [32minfo[39m: [GrpcClient] Connected to gRPC server at unix:/tmp/sdk-platform-639450b1-11a1-4ac6-8bb4-ba3c3c7a7ec3.sock
2026-07-02 14:34:11 - [32minfo[39m: [GrpcClient] Connecting bin session
2026-07-02 14:34:11 - [32minfo[39m: [GrpcClient] ConnectBinSession successful
2026-07-02 14:34:11 - [32minfo[39m: [BrowserstackCLI] loadModules: Loading modules
2026-07-02 14:34:11 - [32minfo[39m: [BrowserstackCLI] loadModules: binSessionId=639450b1-11a1-4ac6-8bb4-ba3c3c7a7ec3
2026-07-02 14:34:11 - [32minfo[39m: [BrowserstackCLI] loading Modules.
2026-07-02 14:34:11 - [32minfo[39m: [BrowserstackCLI] Accessibility success=false
2026-07-02 14:34:11 - [32minfo[39m: [GrpcClient] Getting Playwright config
2026-07-02 14:34:11 - [32minfo[39m: [GrpcClient] PlaywrightConfig request successful
2026-07-02 14:34:11 - [32minfo[39m: [BrowserstackCLI] stop: CLI stop triggered
2026-07-02 14:34:11 - [32minfo[39m: [GrpcClient] Stopping bin session
2026-07-02 14:34:12 - [32minfo[39m: [GrpcClient] StopBinSession successful
2026-07-02 14:34:12 - [32minfo[39m: stop: stopBinSession build_link=null hashed_id=null o11y_uuid=mmgtlhez1wkekca3spcrhjjafpe2bxc2h1tqssk7
2026-07-02 14:34:12 - [32minfo[39m: [BrowserstackCLI] Unconfiguring modules
2026-07-02 14:34:12 - [32minfo[39m: [BrowserstackCLI] stop: channel closed
2026-07-02 14:34:17 - [32minfo[39m: [BrowserstackCLI] stop: shutting down CLI
2026-07-02 14:34:17 - [32minfo[39m: [BrowserstackCLI] stop: CLI process exited
2026-07-02 14:34:17 - [32minfo[39m: Visit https://automation.browserstack.com/builds/mmgtlhez1wkekca3spcrhjjafpe2bxc2h1tqssk7 to view build report, insights, and many more debugging information all at one place!

2026-07-02 14:34:18 - [32minfo[39m: SDK run ended for id: 715daa5a-1197-404d-8ac0-2816f0437805, testhub id: mmgtlhez1wkekca3spcrhjjafpe2bxc2h1tqssk7
2026-07-02 14:34:19 - [32minfo[39m: Deleting /Users/tsl/Documents/projects/qa-automation/playwright-browserstack-sdk.config.ts
2026-07-02 14:34:20 - [32minfo[39m: [BrowserstackCLI] stop: CLI is not running, skipping stop
2026-07-02 14:39:32 - [32minfo[39m: Reading configs from /Users/tsl/Documents/projects/qa-automation/browserstack.yml
2026-07-02 14:39:32 - [32minfo[39m: Log Directory has been set to /Users/tsl/Documents/projects/qa-automation/log
2026-07-02 14:39:32 - [32minfo[39m: Running SDK with args /opt/homebrew/Cellar/node/26.0.0/bin/node /Users/tsl/Documents/projects/qa-automation/node_modules/.bin/browserstack-node-sdk playwright test tests/e2e/login.spec.ts
2026-07-02 14:39:32 - [32minfo[39m: SDK run started with id: c09b1014-4791-4d3e-96ad-29137caded96
2026-07-02 14:39:33 - [32minfo[39m: Project and debug logs are captured by default. To disable, set disableAutoCaptureLogs: true in config.
2026-07-02 14:39:33 - [32minfo[39m: [BrowserstackCLI] startMain: Starting main process
2026-07-02 14:39:33 - [32minfo[39m: [CLIUtils] Current CLI Path Found: /Users/tsl/.browserstack/cli/binary-macos-arm64
2026-07-02 14:39:34 - [32minfo[39m: [BrowserstackCLI] spawning command='/Users/tsl/.browserstack/cli/binary-macos-arm64,sdk'
2026-07-02 14:39:34 - [32minfo[39m: [BrowserstackCLI] CLI params loaded: {"id":"02cc7352-3e0c-4c7b-8c09-804938cf09fe","listen":"unix:/tmp/sdk-platform-02cc7352-3e0c-4c7b-8c09-804938cf09fe.sock"}
2026-07-02 14:39:34 - [32minfo[39m: [GrpcClient] Connected to gRPC server at unix:/tmp/sdk-platform-02cc7352-3e0c-4c7b-8c09-804938cf09fe.sock
2026-07-02 14:39:34 - [32minfo[39m: [GrpcClient] Initialized gRPC client with bin session id: 02cc7352-3e0c-4c7b-8c09-804938cf09fe and listen address: unix:/tmp/sdk-platform-02cc7352-3e0c-4c7b-8c09-804938cf09fe.sock
2026-07-02 14:39:34 - [32minfo[39m: [GrpcClient] startBinSession: Calling startBinSession
2026-07-02 14:39:34 - [32minfo[39m: [GrpcClient] setCliArgs: cliArgs=["playwright","test","tests/e2e/login.spec.ts"], parsedConfig=[]
2026-07-02 14:39:37 - [32minfo[39m: [GrpcClient] StartBinSession successful
2026-07-02 14:39:37 - [32minfo[39m: [BrowserstackCLI] loadModules: Loading modules
2026-07-02 14:39:37 - [32minfo[39m: [BrowserstackCLI] loadModules: binSessionId=02cc7352-3e0c-4c7b-8c09-804938cf09fe
2026-07-02 14:39:37 - [32minfo[39m: [BrowserstackCLI] loading Modules.
2026-07-02 14:39:37 - [32minfo[39m: [BrowserstackCLI] setCliArgs: cliArgs=["playwright","test","tests/e2e/login.spec.ts"]
2026-07-02 14:39:37 - [32minfo[39m: [BrowserstackCLI] Accessibility success=false
2026-07-02 14:39:38 - [32minfo[39m: [BrowserstackCLI] Starting as child process with session ID: 02cc7352-3e0c-4c7b-8c09-804938cf09fe
2026-07-02 14:39:38 - [32minfo[39m: [GrpcClient] Connected to gRPC server at unix:/tmp/sdk-platform-02cc7352-3e0c-4c7b-8c09-804938cf09fe.sock
2026-07-02 14:39:38 - [32minfo[39m: [GrpcClient] Connecting bin session
2026-07-02 14:39:38 - [32minfo[39m: [GrpcClient] ConnectBinSession successful
2026-07-02 14:39:38 - [32minfo[39m: [BrowserstackCLI] loadModules: Loading modules
2026-07-02 14:39:38 - [32minfo[39m: [BrowserstackCLI] loadModules: binSessionId=02cc7352-3e0c-4c7b-8c09-804938cf09fe
2026-07-02 14:39:38 - [32minfo[39m: [BrowserstackCLI] loading Modules.
2026-07-02 14:39:38 - [32minfo[39m: [BrowserstackCLI] Accessibility success=false
2026-07-02 14:39:38 - [32minfo[39m: [GrpcClient] Getting Playwright config
2026-07-02 14:39:38 - [32minfo[39m: [GrpcClient] PlaywrightConfig request successful
2026-07-02 14:39:38 - [32minfo[39m: Setting up TestInfo directory at /Users/tsl/Documents/projects/qa-automation/log/.obs_test_details-default
2026-07-02 14:39:38 - [32minfo[39m: [PlaywrightTestFramework] trackPlaywrightInstance: created instance for target=76238:0, state=TestFrameworkState.INIT_TEST
2026-07-02 14:39:38 - [32minfo[39m: [PlaywrightTestFramework] trackPlaywrightInstance: saved instance contextId=0de51e3284abda7228e2a45a54e94f9214efd8d2e8c561c35acc142d98b07a9d target=76238:0
2026-07-02 14:39:39 - [32minfo[39m: [BrowserstackCLI] Starting as child process with session ID: 02cc7352-3e0c-4c7b-8c09-804938cf09fe
2026-07-02 14:39:39 - [32minfo[39m: [GrpcClient] Connected to gRPC server at unix:/tmp/sdk-platform-02cc7352-3e0c-4c7b-8c09-804938cf09fe.sock
2026-07-02 14:39:39 - [32minfo[39m: [GrpcClient] Connecting bin session
2026-07-02 14:39:39 - [32minfo[39m: [GrpcClient] ConnectBinSession successful
2026-07-02 14:39:39 - [32minfo[39m: [BrowserstackCLI] loadModules: Loading modules
2026-07-02 14:39:39 - [32minfo[39m: [BrowserstackCLI] loadModules: binSessionId=02cc7352-3e0c-4c7b-8c09-804938cf09fe
2026-07-02 14:39:39 - [32minfo[39m: [BrowserstackCLI] loading Modules.
2026-07-02 14:39:39 - [32minfo[39m: [BrowserstackCLI] Accessibility success=false
2026-07-02 14:39:39 - [32minfo[39m: [GrpcClient] Getting Playwright config
2026-07-02 14:39:39 - [32minfo[39m: [GrpcClient] PlaywrightConfig request successful
2026-07-02 14:39:39 - [32minfo[39m: [GrpcClient] Sending TestFrameworkEvent
2026-07-02 14:39:39 - [32minfo[39m: [GrpcClient] TestFrameworkEvent request successful
2026-07-02 14:39:39 - [32minfo[39m: [BrowserstackCLI] Starting as child process with session ID: 02cc7352-3e0c-4c7b-8c09-804938cf09fe
2026-07-02 14:39:39 - [32minfo[39m: [BrowserstackCLI] startChild: client and channel already exist, stopping here
2026-07-02 14:39:39 - [32minfo[39m: [PlaywrightAutomationFramework] trackPlaywrightInstance: created instance for target=76240:0, state=AutomationFrameworkState.CREATE
2026-07-02 14:39:39 - [32minfo[39m: [PlaywrightAutomationFramework] trackPlaywrightInstance: saved instance contextId=6b0fc41a428c0769b8937984b5cf25853375443f4f1379cf10fa8fc9969523e4 target=76240:0
2026-07-02 14:39:44 - [32minfo[39m: [PlaywrightAutomationFramework] trackPlaywrightInstance: instance already exists
2026-07-02 14:39:44 - [32minfo[39m: [PlaywrightAutomationFramework] trackPlaywrightInstance: instance already exists
2026-07-02 14:39:44 - [32minfo[39m: [GrpcClient] Sending DriverInit
2026-07-02 14:39:44 - [32minfo[39m: [GrpcClient] DriverInit request successful
2026-07-02 14:39:45 - [32minfo[39m: [PlaywrightAutomationFramework] trackPlaywrightInstance: instance already exists
2026-07-02 14:39:45 - [32minfo[39m: [PlaywrightAutomationFramework] trackPlaywrightInstance: instance already exists
2026-07-02 14:39:45 - [32minfo[39m: [GrpcClient] Sending TestSessionEvent
2026-07-02 14:39:45 - [32minfo[39m: [GrpcClient] TestSessionEvent request successful
2026-07-02 14:39:45 - [32minfo[39m: [ObservabilityModule] onBeforeTest: TEST REPORTING AND ANALYTICS sync done
2026-07-02 14:39:46 - [32minfo[39m: Automate test case execution has ended. Processing for accessibility testing is underway. 
2026-07-02 14:39:46 - [33mwarn[39m: Not a valid Accessibility Automation session for playwright-page, cannot perform scan with retry.
2026-07-02 14:39:46 - [33mwarn[39m: Not a valid Accessibility Automation session for playwright-page, cannot save accessibility results with retry.
2026-07-02 14:39:46 - [32minfo[39m: Accessibility testing for this test case has ended.
2026-07-02 14:39:46 - [32minfo[39m: [Accessibility] afterTestHook state: accessibilityPlatform=false, bstackA11yShouldScan=true
2026-07-02 14:39:46 - [32minfo[39m: [PlaywrightAutomationFramework] trackPlaywrightInstance: instance already exists
2026-07-02 14:39:46 - [32minfo[39m: [GrpcClient] Sending TestSessionEvent
2026-07-02 14:39:46 - [32minfo[39m: [GrpcClient] TestSessionEvent request successful
2026-07-02 14:39:46 - [32minfo[39m: [ObservabilityModule] onBeforeTest: TEST REPORTING AND ANALYTICS sync done
2026-07-02 14:39:47 - [32minfo[39m: [PlaywrightDriverModule] testId: 537b83cfbdf14afda252-35b58795cca1dc249e25
2026-07-02 14:39:47 - [32minfo[39m: [PlaywrightDriverModule] testData from onAfterTest: {
  uuid: 'fbeaade2-2abc-402a-b7d6-134a526dc4d5',
  test_framework_name: 'Playwright',
  test_framework_version: '1.61.0',
  test_logs: [],
  test_hooks_finished: {},
  test_hooks_started: {},
  test_uuid: 'fbeaade2-2abc-402a-b7d6-134a526dc4d5',
  test_result: 'pending',
  automate_session_name: 'e2e/login.spec.ts - successful login redirects to products page',
  test_file_path: '/Users/tsl/Documents/projects/qa-automation/tests/e2e/login.spec.ts',
  test_id: '537b83cfbdf14afda252-35b58795cca1dc249e25',
  test_name: 'successful login redirects to products page',
  test_location: '/Users/tsl/Documents/projects/qa-automation/tests/e2e/login.spec.ts',
  test_code: 'async ({\n' +
    '  page\n' +
    '}) => {\n' +
    '  const loginPage = new _login.LoginPage(page);\n' +
    '  await loginPage.login(_user.Usernames.STANDARD, _user.Passwords.STANDARD_PASSWORD);\n' +
    '  await (0, _test.expect)(page).toHaveURL(/inventory/);\n' +
    '  await (0, _test.expect)(page.locator(".title")).toHaveText("Products");\n' +
    '}',
  test_tags: [],
  test_started_at: '2026-07-02T12:39:39.140Z',
  test_scope: 'e2e/login.spec.ts - successful login redirects to products page',
  test_scopes: [],
  test_rerun_name: ' -latest:Windows 11-browserstack e2e/login.spec.ts successful login redirects to products page'
}
2026-07-02 14:39:47 - [32minfo[39m: [GrpcClient] Sending TestSessionEvent
2026-07-02 14:39:47 - [32minfo[39m: [GrpcClient] TestSessionEvent request successful
2026-07-02 14:39:47 - [32minfo[39m: [PlaywrightDriverModule] markSessionStatusViaRestApi: PUT https://api.browserstack.com/automate/sessions/2b738ea69380f0324829dafb5e7d439d3786935c.json status=passed
2026-07-02 14:39:48 - [32minfo[39m: getting screenshots results.
2026-07-02 14:39:48 - [32minfo[39m: [GrpcClient] Sending LogCreatedEvent
2026-07-02 14:39:48 - [32minfo[39m: [GrpcClient] Sending TestFrameworkEvent
2026-07-02 14:39:48 - [32minfo[39m: [GrpcClient] LogCreatedEvent request successful
2026-07-02 14:39:48 - [32minfo[39m: [GrpcClient] Sending TestFrameworkEvent
2026-07-02 14:39:48 - [32minfo[39m: [GrpcClient] TestFrameworkEvent request successful
2026-07-02 14:39:48 - [32minfo[39m: [GrpcClient] TestFrameworkEvent request successful
2026-07-02 14:39:48 - [32minfo[39m: [PlaywrightAutomationFramework] trackPlaywrightInstance: instance already exists
2026-07-02 14:39:48 - [32minfo[39m: [PlaywrightAutomationFramework] trackPlaywrightInstance: instance already exists
2026-07-02 14:39:48 - [32minfo[39m: [GrpcClient] Sending TestSessionEvent
2026-07-02 14:39:48 - [32minfo[39m: [GrpcClient] TestSessionEvent request successful
2026-07-02 14:39:48 - [32minfo[39m: [ObservabilityModule] onBeforeTest: TEST REPORTING AND ANALYTICS sync done
2026-07-02 14:39:49 - [32minfo[39m: Automate test case execution has ended. Processing for accessibility testing is underway. 
2026-07-02 14:39:49 - [33mwarn[39m: Not a valid Accessibility Automation session for playwright-page, cannot perform scan with retry.
2026-07-02 14:39:49 - [33mwarn[39m: Not a valid Accessibility Automation session for playwright-page, cannot save accessibility results with retry.
2026-07-02 14:39:49 - [32minfo[39m: Accessibility testing for this test case has ended.
2026-07-02 14:39:49 - [32minfo[39m: [Accessibility] afterTestHook state: accessibilityPlatform=false, bstackA11yShouldScan=true
2026-07-02 14:39:49 - [32minfo[39m: [PlaywrightAutomationFramework] trackPlaywrightInstance: instance already exists
2026-07-02 14:39:49 - [32minfo[39m: [GrpcClient] Sending TestSessionEvent
2026-07-02 14:39:49 - [32minfo[39m: [GrpcClient] TestSessionEvent request successful
2026-07-02 14:39:49 - [32minfo[39m: [ObservabilityModule] onBeforeTest: TEST REPORTING AND ANALYTICS sync done
2026-07-02 14:39:50 - [32minfo[39m: [PlaywrightDriverModule] testId: 537b83cfbdf14afda252-f54344e0c95999009928
2026-07-02 14:39:50 - [32minfo[39m: [PlaywrightDriverModule] testData from onAfterTest: {
  uuid: '4a04f62c-110e-4eaf-a17c-619c1c936a7e',
  test_framework_name: 'Playwright',
  test_framework_version: '1.61.0',
  test_logs: [],
  test_hooks_finished: {},
  test_hooks_started: {},
  test_uuid: '4a04f62c-110e-4eaf-a17c-619c1c936a7e',
  test_result: 'pending',
  automate_session_name: 'e2e/login.spec.ts - wrong password shows error',
  test_file_path: '/Users/tsl/Documents/projects/qa-automation/tests/e2e/login.spec.ts',
  test_id: '537b83cfbdf14afda252-f54344e0c95999009928',
  test_name: 'wrong password shows error',
  test_location: '/Users/tsl/Documents/projects/qa-automation/tests/e2e/login.spec.ts',
  test_code: 'async ({\n' +
    '  page\n' +
    '}) => {\n' +
    '  const loginPage = new _login.LoginPage(page);\n' +
    '  await loginPage.login(_user.Usernames.STANDARD, _user.Passwords.WRONG_PASSWORD);\n' +
    '  await (0, _test.expect)(loginPage.getErrorBanner()).toBeVisible();\n' +
    '}',
  test_tags: [],
  test_started_at: '2026-07-02T12:39:48.216Z',
  test_scope: 'e2e/login.spec.ts - wrong password shows error',
  test_scopes: [],
  test_rerun_name: ' -latest:Windows 11-browserstack e2e/login.spec.ts wrong password shows error'
}
2026-07-02 14:39:50 - [32minfo[39m: [GrpcClient] Sending TestSessionEvent
2026-07-02 14:39:50 - [32minfo[39m: [GrpcClient] TestSessionEvent request successful
2026-07-02 14:39:50 - [32minfo[39m: [PlaywrightDriverModule] markSessionStatusViaRestApi: PUT https://api.browserstack.com/automate/sessions/2b738ea69380f0324829dafb5e7d439d3786935c.json status=passed
2026-07-02 14:39:50 - [32minfo[39m: getting screenshots results.
2026-07-02 14:39:50 - [32minfo[39m: [GrpcClient] Sending LogCreatedEvent
2026-07-02 14:39:50 - [32minfo[39m: [GrpcClient] Sending TestFrameworkEvent
2026-07-02 14:39:50 - [32minfo[39m: [GrpcClient] LogCreatedEvent request successful
2026-07-02 14:39:50 - [32minfo[39m: [GrpcClient] Sending TestFrameworkEvent
2026-07-02 14:39:50 - [32minfo[39m: [GrpcClient] TestFrameworkEvent request successful
2026-07-02 14:39:50 - [32minfo[39m: [GrpcClient] TestFrameworkEvent request successful
2026-07-02 14:39:51 - [32minfo[39m: [PlaywrightAutomationFramework] trackPlaywrightInstance: instance already exists
2026-07-02 14:39:51 - [32minfo[39m: [PlaywrightAutomationFramework] trackPlaywrightInstance: instance already exists
2026-07-02 14:39:51 - [32minfo[39m: [GrpcClient] Sending TestSessionEvent
2026-07-02 14:39:51 - [32minfo[39m: [GrpcClient] TestSessionEvent request successful
2026-07-02 14:39:51 - [32minfo[39m: [ObservabilityModule] onBeforeTest: TEST REPORTING AND ANALYTICS sync done
2026-07-02 14:39:52 - [32minfo[39m: Automate test case execution has ended. Processing for accessibility testing is underway. 
2026-07-02 14:39:52 - [33mwarn[39m: Not a valid Accessibility Automation session for playwright-page, cannot perform scan with retry.
2026-07-02 14:39:52 - [33mwarn[39m: Not a valid Accessibility Automation session for playwright-page, cannot save accessibility results with retry.
2026-07-02 14:39:52 - [32minfo[39m: Accessibility testing for this test case has ended.
2026-07-02 14:39:52 - [32minfo[39m: [Accessibility] afterTestHook state: accessibilityPlatform=false, bstackA11yShouldScan=true
2026-07-02 14:39:52 - [32minfo[39m: [PlaywrightAutomationFramework] trackPlaywrightInstance: instance already exists
2026-07-02 14:39:52 - [32minfo[39m: [GrpcClient] Sending TestSessionEvent
2026-07-02 14:39:52 - [32minfo[39m: [GrpcClient] TestSessionEvent request successful
2026-07-02 14:39:52 - [32minfo[39m: [ObservabilityModule] onBeforeTest: TEST REPORTING AND ANALYTICS sync done
2026-07-02 14:39:53 - [32minfo[39m: [PlaywrightDriverModule] testId: 537b83cfbdf14afda252-718fbb77e918c549a6ef
2026-07-02 14:39:53 - [32minfo[39m: [PlaywrightDriverModule] testData from onAfterTest: {
  uuid: '21659dcc-729d-49b3-97c1-d363da72dc3a',
  test_framework_name: 'Playwright',
  test_framework_version: '1.61.0',
  test_logs: [],
  test_hooks_finished: {},
  test_hooks_started: {},
  test_uuid: '21659dcc-729d-49b3-97c1-d363da72dc3a',
  test_result: 'pending',
  automate_session_name: 'e2e/login.spec.ts - locked user login shows error',
  test_file_path: '/Users/tsl/Documents/projects/qa-automation/tests/e2e/login.spec.ts',
  test_id: '537b83cfbdf14afda252-718fbb77e918c549a6ef',
  test_name: 'locked user login shows error',
  test_location: '/Users/tsl/Documents/projects/qa-automation/tests/e2e/login.spec.ts',
  test_code: 'async ({\n' +
    '  page\n' +
    '}) => {\n' +
    '  const loginPage = new _login.LoginPage(page);\n' +
    '  const banner = loginPage.getErrorBanner();\n' +
    '  await loginPage.login(_user.Usernames.LOCKED_OUT, _user.Passwords.STANDARD_PASSWORD);\n' +
    '  await (0, _test.expect)(page).toHaveURL(/saucedemo\\.com\\/$/);\n' +
    '  await (0, _test.expect)(banner).toBeVisible();\n' +
    '  await (0, _test.expect)(banner).toContainText(_login2.LoginMessages.LOCKED_OUT);\n' +
    '}',
  test_tags: [],
  test_started_at: '2026-07-02T12:39:50.962Z',
  test_scope: 'e2e/login.spec.ts - locked user login shows error',
  test_scopes: [],
  test_rerun_name: ' -latest:Windows 11-browserstack e2e/login.spec.ts locked user login shows error'
}
2026-07-02 14:39:53 - [32minfo[39m: [GrpcClient] Sending TestSessionEvent
2026-07-02 14:39:53 - [32minfo[39m: [GrpcClient] TestSessionEvent request successful
2026-07-02 14:39:53 - [32minfo[39m: [PlaywrightDriverModule] markSessionStatusViaRestApi: PUT https://api.browserstack.com/automate/sessions/2b738ea69380f0324829dafb5e7d439d3786935c.json status=passed
2026-07-02 14:39:53 - [32minfo[39m: getting screenshots results.
2026-07-02 14:39:53 - [32minfo[39m: [GrpcClient] Sending LogCreatedEvent
2026-07-02 14:39:53 - [32minfo[39m: [GrpcClient] LogCreatedEvent request successful
2026-07-02 14:39:53 - [32minfo[39m: [GrpcClient] Sending TestFrameworkEvent
2026-07-02 14:39:53 - [32minfo[39m: [GrpcClient] TestFrameworkEvent request successful
2026-07-02 14:39:53 - [32minfo[39m: [BrowserstackCLI] stop: CLI stop triggered
2026-07-02 14:39:53 - [32minfo[39m: [GrpcClient] Stopping bin session
2026-07-02 14:39:55 - [32minfo[39m: [GrpcClient] StopBinSession successful
2026-07-02 14:39:55 - [32minfo[39m: stop: stopBinSession build_link=https://automate.browserstack.com/dashboard/v2/builds/3e02d15ca1c0178c188c3fae041a151b0a33aa62 hashed_id=3e02d15ca1c0178c188c3fae041a151b0a33aa62 o11y_uuid=2nbfycccwl0ly7gyotsfonq1loglpms8f8djvyjm
2026-07-02 14:39:55 - [32minfo[39m: [BrowserstackCLI] Unconfiguring modules
2026-07-02 14:39:55 - [32minfo[39m: [BrowserstackCLI] stop: channel closed
2026-07-02 14:40:00 - [32minfo[39m: [BrowserstackCLI] stop: shutting down CLI
2026-07-02 14:40:00 - [32minfo[39m: [BrowserstackCLI] stop: CLI process exited
2026-07-02 14:40:00 - [32minfo[39m: Visit https://automation.browserstack.com/builds/2nbfycccwl0ly7gyotsfonq1loglpms8f8djvyjm to view build report, insights, and many more debugging information all at one place!

2026-07-02 14:40:01 - [32minfo[39m: View build on BrowserStack dashboard: https://automate.browserstack.com/dashboard/v2/builds/3e02d15ca1c0178c188c3fae041a151b0a33aa62
2026-07-02 14:40:01 - [32minfo[39m: SDK run ended for id: c09b1014-4791-4d3e-96ad-29137caded96, testhub id: 2nbfycccwl0ly7gyotsfonq1loglpms8f8djvyjm
2026-07-02 14:40:02 - [32minfo[39m: Deleting /Users/tsl/Documents/projects/qa-automation/playwright-browserstack-sdk.config.ts
2026-07-02 14:40:03 - [32minfo[39m: [BrowserstackCLI] stop: CLI is not running, skipping stop
2026-07-02 15:04:43 - [32minfo[39m: Reading configs from /Users/tsl/Documents/projects/qa-automation/browserstack.yml
2026-07-02 15:04:43 - [32minfo[39m: Log Directory has been set to /Users/tsl/Documents/projects/qa-automation/log
2026-07-02 15:04:43 - [32minfo[39m: Running SDK with args /opt/homebrew/Cellar/node/26.0.0/bin/node /Users/tsl/Documents/projects/qa-automation/node_modules/.bin/browserstack-node-sdk playwright test tests/e2e/login.spec.ts
2026-07-02 15:04:43 - [32minfo[39m: SDK run started with id: 1f4c2912-ce84-44d8-beed-1c71144cc5b9
2026-07-02 15:04:43 - [32minfo[39m: Project and debug logs are captured by default. To disable, set disableAutoCaptureLogs: true in config.
2026-07-02 15:04:44 - [32minfo[39m: [BrowserstackCLI] startMain: Starting main process
2026-07-02 15:04:44 - [32minfo[39m: [CLIUtils] Current CLI Path Found: /Users/tsl/.browserstack/cli/binary-macos-arm64
2026-07-02 15:04:45 - [32minfo[39m: [BrowserstackCLI] spawning command='/Users/tsl/.browserstack/cli/binary-macos-arm64,sdk'
2026-07-02 15:04:46 - [32minfo[39m: [BrowserstackCLI] CLI params loaded: {"id":"3596c76f-7387-4051-87bb-96066a95b4b6","listen":"unix:/tmp/sdk-platform-3596c76f-7387-4051-87bb-96066a95b4b6.sock"}
2026-07-02 15:04:46 - [32minfo[39m: [GrpcClient] Connected to gRPC server at unix:/tmp/sdk-platform-3596c76f-7387-4051-87bb-96066a95b4b6.sock
2026-07-02 15:04:46 - [32minfo[39m: [GrpcClient] Initialized gRPC client with bin session id: 3596c76f-7387-4051-87bb-96066a95b4b6 and listen address: unix:/tmp/sdk-platform-3596c76f-7387-4051-87bb-96066a95b4b6.sock
2026-07-02 15:04:46 - [32minfo[39m: [GrpcClient] startBinSession: Calling startBinSession
2026-07-02 15:04:46 - [32minfo[39m: [GrpcClient] setCliArgs: cliArgs=["playwright","test","tests/e2e/login.spec.ts"], parsedConfig=[]
2026-07-02 15:04:47 - [32minfo[39m: [GrpcClient] StartBinSession successful
2026-07-02 15:04:47 - [32minfo[39m: [BrowserstackCLI] loadModules: Loading modules
2026-07-02 15:04:47 - [32minfo[39m: [BrowserstackCLI] loadModules: binSessionId=3596c76f-7387-4051-87bb-96066a95b4b6
2026-07-02 15:04:47 - [32minfo[39m: [BrowserstackCLI] loading Modules.
2026-07-02 15:04:47 - [32minfo[39m: [BrowserstackCLI] setCliArgs: cliArgs=["playwright","test","tests/e2e/login.spec.ts"]
2026-07-02 15:04:47 - [32minfo[39m: [BrowserstackCLI] Accessibility success=false
2026-07-02 15:04:48 - [32minfo[39m: [BrowserstackCLI] Starting as child process with session ID: 3596c76f-7387-4051-87bb-96066a95b4b6
2026-07-02 15:04:48 - [32minfo[39m: [GrpcClient] Connected to gRPC server at unix:/tmp/sdk-platform-3596c76f-7387-4051-87bb-96066a95b4b6.sock
2026-07-02 15:04:48 - [32minfo[39m: [GrpcClient] Connecting bin session
2026-07-02 15:04:48 - [32minfo[39m: [GrpcClient] ConnectBinSession successful
2026-07-02 15:04:48 - [32minfo[39m: [BrowserstackCLI] loadModules: Loading modules
2026-07-02 15:04:48 - [32minfo[39m: [BrowserstackCLI] loadModules: binSessionId=3596c76f-7387-4051-87bb-96066a95b4b6
2026-07-02 15:04:48 - [32minfo[39m: [BrowserstackCLI] loading Modules.
2026-07-02 15:04:48 - [32minfo[39m: [BrowserstackCLI] Accessibility success=false
2026-07-02 15:04:48 - [32minfo[39m: [GrpcClient] Getting Playwright config
2026-07-02 15:04:48 - [32minfo[39m: [GrpcClient] PlaywrightConfig request successful
2026-07-02 15:04:48 - [32minfo[39m: Setting up TestInfo directory at /Users/tsl/Documents/projects/qa-automation/log/.obs_test_details-default
2026-07-02 15:04:48 - [32minfo[39m: [PlaywrightTestFramework] trackPlaywrightInstance: created instance for target=77263:0, state=TestFrameworkState.INIT_TEST
2026-07-02 15:04:48 - [32minfo[39m: [PlaywrightTestFramework] trackPlaywrightInstance: saved instance contextId=7f2885e2d3ad880c0c81a865d001aa8851916bee36263e93f1cca3698940e28c target=77263:0
2026-07-02 15:04:49 - [32minfo[39m: [BrowserstackCLI] Starting as child process with session ID: 3596c76f-7387-4051-87bb-96066a95b4b6
2026-07-02 15:04:49 - [32minfo[39m: [GrpcClient] Connected to gRPC server at unix:/tmp/sdk-platform-3596c76f-7387-4051-87bb-96066a95b4b6.sock
2026-07-02 15:04:49 - [32minfo[39m: [GrpcClient] Connecting bin session
2026-07-02 15:04:49 - [32minfo[39m: [GrpcClient] ConnectBinSession successful
2026-07-02 15:04:49 - [32minfo[39m: [BrowserstackCLI] loadModules: Loading modules
2026-07-02 15:04:49 - [32minfo[39m: [BrowserstackCLI] loadModules: binSessionId=3596c76f-7387-4051-87bb-96066a95b4b6
2026-07-02 15:04:49 - [32minfo[39m: [BrowserstackCLI] loading Modules.
2026-07-02 15:04:49 - [32minfo[39m: [BrowserstackCLI] Accessibility success=false
2026-07-02 15:04:49 - [32minfo[39m: [GrpcClient] Getting Playwright config
2026-07-02 15:04:49 - [32minfo[39m: [GrpcClient] PlaywrightConfig request successful
2026-07-02 15:04:49 - [32minfo[39m: [GrpcClient] Sending TestFrameworkEvent
2026-07-02 15:04:49 - [32minfo[39m: [GrpcClient] TestFrameworkEvent request successful
2026-07-02 15:04:49 - [32minfo[39m: [BrowserstackCLI] Starting as child process with session ID: 3596c76f-7387-4051-87bb-96066a95b4b6
2026-07-02 15:04:49 - [32minfo[39m: [BrowserstackCLI] startChild: client and channel already exist, stopping here
2026-07-02 15:04:49 - [32minfo[39m: [PlaywrightAutomationFramework] trackPlaywrightInstance: created instance for target=77265:0, state=AutomationFrameworkState.CREATE
2026-07-02 15:04:49 - [32minfo[39m: [PlaywrightAutomationFramework] trackPlaywrightInstance: saved instance contextId=4a3c0a343c4befa64573fbb6b8bdfae4ea11433bfee5a4a218c37ac63e257ebb target=77265:0
2026-07-02 15:04:57 - [32minfo[39m: [PlaywrightAutomationFramework] trackPlaywrightInstance: instance already exists
2026-07-02 15:04:57 - [32minfo[39m: [PlaywrightAutomationFramework] trackPlaywrightInstance: instance already exists
2026-07-02 15:04:57 - [32minfo[39m: [GrpcClient] Sending DriverInit
2026-07-02 15:04:57 - [32minfo[39m: [GrpcClient] DriverInit request successful
2026-07-02 15:04:58 - [32minfo[39m: [PlaywrightAutomationFramework] trackPlaywrightInstance: instance already exists
2026-07-02 15:04:58 - [32minfo[39m: [PlaywrightAutomationFramework] trackPlaywrightInstance: instance already exists
2026-07-02 15:04:58 - [32minfo[39m: [GrpcClient] Sending TestSessionEvent
2026-07-02 15:04:59 - [32minfo[39m: [GrpcClient] TestSessionEvent request successful
2026-07-02 15:04:59 - [32minfo[39m: [ObservabilityModule] onBeforeTest: TEST REPORTING AND ANALYTICS sync done
2026-07-02 15:05:01 - [32minfo[39m: Automate test case execution has ended. Processing for accessibility testing is underway. 
2026-07-02 15:05:01 - [33mwarn[39m: Not a valid Accessibility Automation session for playwright-page, cannot perform scan with retry.
2026-07-02 15:05:01 - [33mwarn[39m: Not a valid Accessibility Automation session for playwright-page, cannot save accessibility results with retry.
2026-07-02 15:05:01 - [32minfo[39m: Accessibility testing for this test case has ended.
2026-07-02 15:05:01 - [32minfo[39m: [Accessibility] afterTestHook state: accessibilityPlatform=false, bstackA11yShouldScan=true
2026-07-02 15:05:01 - [32minfo[39m: [PlaywrightAutomationFramework] trackPlaywrightInstance: instance already exists
2026-07-02 15:05:01 - [32minfo[39m: [GrpcClient] Sending TestSessionEvent
2026-07-02 15:05:01 - [32minfo[39m: [GrpcClient] TestSessionEvent request successful
2026-07-02 15:05:01 - [32minfo[39m: [ObservabilityModule] onBeforeTest: TEST REPORTING AND ANALYTICS sync done
2026-07-02 15:05:02 - [32minfo[39m: [PlaywrightDriverModule] testId: 537b83cfbdf14afda252-35b58795cca1dc249e25
2026-07-02 15:05:02 - [32minfo[39m: [PlaywrightDriverModule] testData from onAfterTest: {
  uuid: '74e36d56-412b-4325-850b-1b93f45c13e6',
  test_framework_name: 'Playwright',
  test_framework_version: '1.61.0',
  test_logs: [],
  test_hooks_finished: {},
  test_hooks_started: {},
  test_uuid: '74e36d56-412b-4325-850b-1b93f45c13e6',
  test_result: 'pending',
  automate_session_name: 'e2e/login.spec.ts - successful login redirects to products page',
  test_file_path: '/Users/tsl/Documents/projects/qa-automation/tests/e2e/login.spec.ts',
  test_id: '537b83cfbdf14afda252-35b58795cca1dc249e25',
  test_name: 'successful login redirects to products page',
  test_location: '/Users/tsl/Documents/projects/qa-automation/tests/e2e/login.spec.ts',
  test_code: 'async ({\n' +
    '  page\n' +
    '}) => {\n' +
    '  const loginPage = new _login.LoginPage(page);\n' +
    '  await loginPage.login(_user.Usernames.STANDARD, _user.Passwords.STANDARD_PASSWORD);\n' +
    '  await (0, _test.expect)(page).toHaveURL(/inventory/);\n' +
    '  await (0, _test.expect)(page.locator(".title")).toHaveText("Products");\n' +
    '}',
  test_tags: [],
  test_started_at: '2026-07-02T13:04:49.470Z',
  test_scope: 'e2e/login.spec.ts - successful login redirects to products page',
  test_scopes: [],
  test_rerun_name: ' -latest:Windows 11-browserstack e2e/login.spec.ts successful login redirects to products page'
}
2026-07-02 15:05:02 - [32minfo[39m: [GrpcClient] Sending TestSessionEvent
2026-07-02 15:05:02 - [32minfo[39m: [GrpcClient] TestSessionEvent request successful
2026-07-02 15:05:02 - [32minfo[39m: [PlaywrightDriverModule] markSessionStatusViaRestApi: PUT https://api.browserstack.com/automate/sessions/1a777aae108ab168bfa0d3d989e7afef2be5cfce.json status=passed
2026-07-02 15:05:03 - [32minfo[39m: getting screenshots results.
2026-07-02 15:05:03 - [32minfo[39m: [GrpcClient] Sending LogCreatedEvent
2026-07-02 15:05:03 - [32minfo[39m: [GrpcClient] LogCreatedEvent request successful
2026-07-02 15:05:03 - [32minfo[39m: [GrpcClient] Sending TestFrameworkEvent
2026-07-02 15:05:03 - [32minfo[39m: [GrpcClient] TestFrameworkEvent request successful
2026-07-02 15:05:03 - [32minfo[39m: [BrowserstackCLI] stop: CLI stop triggered
2026-07-02 15:05:03 - [32minfo[39m: [GrpcClient] Stopping bin session
2026-07-02 15:05:05 - [32minfo[39m: [GrpcClient] StopBinSession successful
2026-07-02 15:05:05 - [32minfo[39m: stop: stopBinSession build_link=https://automate.browserstack.com/dashboard/v2/builds/096dfee9ec66390f3fc2540d335c888ef5b3692e hashed_id=096dfee9ec66390f3fc2540d335c888ef5b3692e o11y_uuid=zzh2mxmm1lcxpp3jxzx6b5ipmnmfydh5ixlfvtxs
2026-07-02 15:05:05 - [32minfo[39m: [BrowserstackCLI] Unconfiguring modules
2026-07-02 15:05:05 - [32minfo[39m: [BrowserstackCLI] stop: channel closed
2026-07-02 15:05:10 - [32minfo[39m: [BrowserstackCLI] stop: shutting down CLI
2026-07-02 15:05:10 - [32minfo[39m: [BrowserstackCLI] stop: CLI process exited
2026-07-02 15:05:10 - [32minfo[39m: Visit https://automation.browserstack.com/builds/zzh2mxmm1lcxpp3jxzx6b5ipmnmfydh5ixlfvtxs to view build report, insights, and many more debugging information all at one place!

2026-07-02 15:05:10 - [32minfo[39m: View build on BrowserStack dashboard: https://automate.browserstack.com/dashboard/v2/builds/096dfee9ec66390f3fc2540d335c888ef5b3692e
2026-07-02 15:05:11 - [32minfo[39m: SDK run ended for id: 1f4c2912-ce84-44d8-beed-1c71144cc5b9, testhub id: zzh2mxmm1lcxpp3jxzx6b5ipmnmfydh5ixlfvtxs
2026-07-02 15:05:12 - [32minfo[39m: Deleting /Users/tsl/Documents/projects/qa-automation/playwright-browserstack-sdk.config.ts
2026-07-02 15:05:13 - [32minfo[39m: [BrowserstackCLI] stop: CLI is not running, skipping stop
2026-07-02 15:08:20 - [32minfo[39m: Reading configs from /Users/tsl/Documents/projects/qa-automation/browserstack.yml
2026-07-02 15:08:20 - [32minfo[39m: Log Directory has been set to /Users/tsl/Documents/projects/qa-automation/log
2026-07-02 15:08:20 - [32minfo[39m: Running SDK with args /opt/homebrew/Cellar/node/26.0.0/bin/node /Users/tsl/Documents/projects/qa-automation/node_modules/.bin/browserstack-node-sdk playwright test tests/e2e/login.spec.ts
2026-07-02 15:08:20 - [32minfo[39m: SDK run started with id: 24cccb91-cc15-4196-a3d6-f9e4a18dbc38
2026-07-02 15:08:20 - [32minfo[39m: Project and debug logs are captured by default. To disable, set disableAutoCaptureLogs: true in config.
2026-07-02 15:08:21 - [32minfo[39m: [BrowserstackCLI] startMain: Starting main process
2026-07-02 15:08:21 - [32minfo[39m: [CLIUtils] Current CLI Path Found: /Users/tsl/.browserstack/cli/binary-macos-arm64
2026-07-02 15:08:22 - [32minfo[39m: [BrowserstackCLI] spawning command='/Users/tsl/.browserstack/cli/binary-macos-arm64,sdk'
2026-07-02 15:08:23 - [32minfo[39m: [BrowserstackCLI] CLI params loaded: {"id":"30ef759e-07a4-45bc-b2f0-b4d0f3cc345c","listen":"unix:/tmp/sdk-platform-30ef759e-07a4-45bc-b2f0-b4d0f3cc345c.sock"}
2026-07-02 15:08:23 - [32minfo[39m: [GrpcClient] Connected to gRPC server at unix:/tmp/sdk-platform-30ef759e-07a4-45bc-b2f0-b4d0f3cc345c.sock
2026-07-02 15:08:23 - [32minfo[39m: [GrpcClient] Initialized gRPC client with bin session id: 30ef759e-07a4-45bc-b2f0-b4d0f3cc345c and listen address: unix:/tmp/sdk-platform-30ef759e-07a4-45bc-b2f0-b4d0f3cc345c.sock
2026-07-02 15:08:23 - [32minfo[39m: [GrpcClient] startBinSession: Calling startBinSession
2026-07-02 15:08:23 - [32minfo[39m: [GrpcClient] setCliArgs: cliArgs=["playwright","test","tests/e2e/login.spec.ts"], parsedConfig=[]
2026-07-02 15:08:25 - [32minfo[39m: [GrpcClient] StartBinSession successful
2026-07-02 15:08:25 - [32minfo[39m: [BrowserstackCLI] loadModules: Loading modules
2026-07-02 15:08:25 - [32minfo[39m: [BrowserstackCLI] loadModules: binSessionId=30ef759e-07a4-45bc-b2f0-b4d0f3cc345c
2026-07-02 15:08:25 - [32minfo[39m: [BrowserstackCLI] loading Modules.
2026-07-02 15:08:25 - [32minfo[39m: [BrowserstackCLI] setCliArgs: cliArgs=["playwright","test","tests/e2e/login.spec.ts"]
2026-07-02 15:08:25 - [32minfo[39m: [BrowserstackCLI] Accessibility success=false
2026-07-02 15:08:26 - [32minfo[39m: [BrowserstackCLI] Starting as child process with session ID: 30ef759e-07a4-45bc-b2f0-b4d0f3cc345c
2026-07-02 15:08:26 - [32minfo[39m: [GrpcClient] Connected to gRPC server at unix:/tmp/sdk-platform-30ef759e-07a4-45bc-b2f0-b4d0f3cc345c.sock
2026-07-02 15:08:26 - [32minfo[39m: [GrpcClient] Connecting bin session
2026-07-02 15:08:26 - [32minfo[39m: [GrpcClient] ConnectBinSession successful
2026-07-02 15:08:26 - [32minfo[39m: [BrowserstackCLI] loadModules: Loading modules
2026-07-02 15:08:26 - [32minfo[39m: [BrowserstackCLI] loadModules: binSessionId=30ef759e-07a4-45bc-b2f0-b4d0f3cc345c
2026-07-02 15:08:26 - [32minfo[39m: [BrowserstackCLI] loading Modules.
2026-07-02 15:08:26 - [32minfo[39m: [BrowserstackCLI] Accessibility success=false
2026-07-02 15:08:26 - [32minfo[39m: [GrpcClient] Getting Playwright config
2026-07-02 15:08:26 - [32minfo[39m: [GrpcClient] PlaywrightConfig request successful
2026-07-02 15:08:26 - [32minfo[39m: Setting up TestInfo directory at /Users/tsl/Documents/projects/qa-automation/log/.obs_test_details-default
2026-07-02 15:08:26 - [32minfo[39m: [PlaywrightTestFramework] trackPlaywrightInstance: created instance for target=77513:0, state=TestFrameworkState.INIT_TEST
2026-07-02 15:08:26 - [32minfo[39m: [PlaywrightTestFramework] trackPlaywrightInstance: saved instance contextId=3c7b4f28ebaf0729ea7d79e776a6cfc477021e7e9a40bd989b53f414aa9a5962 target=77513:0
2026-07-02 15:08:27 - [32minfo[39m: [BrowserstackCLI] Starting as child process with session ID: 30ef759e-07a4-45bc-b2f0-b4d0f3cc345c
2026-07-02 15:08:27 - [32minfo[39m: [GrpcClient] Connected to gRPC server at unix:/tmp/sdk-platform-30ef759e-07a4-45bc-b2f0-b4d0f3cc345c.sock
2026-07-02 15:08:27 - [32minfo[39m: [GrpcClient] Connecting bin session
2026-07-02 15:08:27 - [32minfo[39m: [GrpcClient] ConnectBinSession successful
2026-07-02 15:08:27 - [32minfo[39m: [BrowserstackCLI] loadModules: Loading modules
2026-07-02 15:08:27 - [32minfo[39m: [BrowserstackCLI] loadModules: binSessionId=30ef759e-07a4-45bc-b2f0-b4d0f3cc345c
2026-07-02 15:08:27 - [32minfo[39m: [BrowserstackCLI] loading Modules.
2026-07-02 15:08:27 - [32minfo[39m: [BrowserstackCLI] Accessibility success=false
2026-07-02 15:08:27 - [32minfo[39m: [GrpcClient] Getting Playwright config
2026-07-02 15:08:27 - [32minfo[39m: [GrpcClient] PlaywrightConfig request successful
2026-07-02 15:08:27 - [32minfo[39m: [GrpcClient] Sending TestFrameworkEvent
2026-07-02 15:08:27 - [32minfo[39m: [GrpcClient] TestFrameworkEvent request successful
2026-07-02 15:08:27 - [32minfo[39m: [BrowserstackCLI] Starting as child process with session ID: 30ef759e-07a4-45bc-b2f0-b4d0f3cc345c
2026-07-02 15:08:27 - [32minfo[39m: [BrowserstackCLI] startChild: client and channel already exist, stopping here
2026-07-02 15:08:27 - [32minfo[39m: [PlaywrightAutomationFramework] trackPlaywrightInstance: created instance for target=77515:0, state=AutomationFrameworkState.CREATE
2026-07-02 15:08:27 - [32minfo[39m: [PlaywrightAutomationFramework] trackPlaywrightInstance: saved instance contextId=347f072f3a2677f9d40a9672b7396f1ffee5704527e9a63f2e820e9ff6c91600 target=77515:0
2026-07-02 15:08:37 - [32minfo[39m: [PlaywrightAutomationFramework] trackPlaywrightInstance: instance already exists
2026-07-02 15:08:37 - [32minfo[39m: [PlaywrightAutomationFramework] trackPlaywrightInstance: instance already exists
2026-07-02 15:08:37 - [32minfo[39m: [GrpcClient] Sending DriverInit
2026-07-02 15:08:37 - [32minfo[39m: [GrpcClient] DriverInit request successful
2026-07-02 15:08:37 - [32minfo[39m: [PlaywrightAutomationFramework] trackPlaywrightInstance: instance already exists
2026-07-02 15:08:38 - [32minfo[39m: [PlaywrightAutomationFramework] trackPlaywrightInstance: instance already exists
2026-07-02 15:08:38 - [32minfo[39m: [GrpcClient] Sending TestSessionEvent
2026-07-02 15:08:38 - [32minfo[39m: [GrpcClient] TestSessionEvent request successful
2026-07-02 15:08:38 - [32minfo[39m: [ObservabilityModule] onBeforeTest: TEST REPORTING AND ANALYTICS sync done
2026-07-02 15:08:41 - [32minfo[39m: Automate test case execution has ended. Processing for accessibility testing is underway. 
2026-07-02 15:08:41 - [33mwarn[39m: Not a valid Accessibility Automation session for playwright-page, cannot perform scan with retry.
2026-07-02 15:08:41 - [33mwarn[39m: Not a valid Accessibility Automation session for playwright-page, cannot save accessibility results with retry.
2026-07-02 15:08:41 - [32minfo[39m: Accessibility testing for this test case has ended.
2026-07-02 15:08:42 - [32minfo[39m: [Accessibility] afterTestHook state: accessibilityPlatform=false, bstackA11yShouldScan=true
2026-07-02 15:08:42 - [32minfo[39m: [PlaywrightAutomationFramework] trackPlaywrightInstance: instance already exists
2026-07-02 15:08:42 - [32minfo[39m: [GrpcClient] Sending TestSessionEvent
2026-07-02 15:08:42 - [32minfo[39m: [GrpcClient] TestSessionEvent request successful
2026-07-02 15:08:42 - [32minfo[39m: [ObservabilityModule] onBeforeTest: TEST REPORTING AND ANALYTICS sync done
2026-07-02 15:08:42 - [32minfo[39m: [PlaywrightDriverModule] testId: 537b83cfbdf14afda252-35b58795cca1dc249e25
2026-07-02 15:08:42 - [32minfo[39m: [PlaywrightDriverModule] testData from onAfterTest: {
  uuid: '80897b29-4eb3-495f-b91b-11bac3e6ba42',
  test_framework_name: 'Playwright',
  test_framework_version: '1.61.0',
  test_logs: [],
  test_hooks_finished: {},
  test_hooks_started: {},
  test_uuid: '80897b29-4eb3-495f-b91b-11bac3e6ba42',
  test_result: 'pending',
  automate_session_name: 'e2e/login.spec.ts - successful login redirects to products page',
  test_file_path: '/Users/tsl/Documents/projects/qa-automation/tests/e2e/login.spec.ts',
  test_id: '537b83cfbdf14afda252-35b58795cca1dc249e25',
  test_name: 'successful login redirects to products page',
  test_location: '/Users/tsl/Documents/projects/qa-automation/tests/e2e/login.spec.ts',
  test_code: 'async ({\n' +
    '  page\n' +
    '}) => {\n' +
    '  const loginPage = new _login.LoginPage(page);\n' +
    '  await loginPage.login(_user.Usernames.STANDARD, _user.Passwords.STANDARD_PASSWORD);\n' +
    '  await (0, _test.expect)(page).toHaveURL(/inventory/);\n' +
    '  await (0, _test.expect)(page.locator(".title")).toHaveText("Products");\n' +
    '}',
  test_tags: [],
  test_started_at: '2026-07-02T13:08:27.148Z',
  test_scope: 'e2e/login.spec.ts - successful login redirects to products page',
  test_scopes: [],
  test_rerun_name: ' -latest:Windows 11-browserstack e2e/login.spec.ts successful login redirects to products page'
}
2026-07-02 15:08:42 - [32minfo[39m: [GrpcClient] Sending TestSessionEvent
2026-07-02 15:08:42 - [32minfo[39m: [GrpcClient] TestSessionEvent request successful
2026-07-02 15:08:43 - [32minfo[39m: [PlaywrightDriverModule] markSessionStatusViaRestApi: PUT https://api.browserstack.com/automate/sessions/78671d868e662eeb8fad4bb7c620f54de146dde4.json status=passed
2026-07-02 15:08:44 - [32minfo[39m: getting screenshots results.
2026-07-02 15:08:44 - [32minfo[39m: [GrpcClient] Sending LogCreatedEvent
2026-07-02 15:08:44 - [32minfo[39m: [GrpcClient] Sending TestFrameworkEvent
2026-07-02 15:08:44 - [32minfo[39m: [GrpcClient] LogCreatedEvent request successful
2026-07-02 15:08:44 - [32minfo[39m: [GrpcClient] Sending TestFrameworkEvent
2026-07-02 15:08:44 - [32minfo[39m: [GrpcClient] TestFrameworkEvent request successful
2026-07-02 15:08:44 - [32minfo[39m: [GrpcClient] TestFrameworkEvent request successful
2026-07-02 15:08:44 - [32minfo[39m: [PlaywrightAutomationFramework] trackPlaywrightInstance: instance already exists
2026-07-02 15:08:45 - [32minfo[39m: [PlaywrightAutomationFramework] trackPlaywrightInstance: instance already exists
2026-07-02 15:08:45 - [32minfo[39m: [GrpcClient] Sending TestSessionEvent
2026-07-02 15:08:45 - [32minfo[39m: [GrpcClient] TestSessionEvent request successful
2026-07-02 15:08:45 - [32minfo[39m: [ObservabilityModule] onBeforeTest: TEST REPORTING AND ANALYTICS sync done
2026-07-02 15:08:47 - [32minfo[39m: Automate test case execution has ended. Processing for accessibility testing is underway. 
2026-07-02 15:08:47 - [33mwarn[39m: Not a valid Accessibility Automation session for playwright-page, cannot perform scan with retry.
2026-07-02 15:08:47 - [33mwarn[39m: Not a valid Accessibility Automation session for playwright-page, cannot save accessibility results with retry.
2026-07-02 15:08:47 - [32minfo[39m: Accessibility testing for this test case has ended.
2026-07-02 15:08:47 - [32minfo[39m: [Accessibility] afterTestHook state: accessibilityPlatform=false, bstackA11yShouldScan=true
2026-07-02 15:08:47 - [32minfo[39m: [PlaywrightAutomationFramework] trackPlaywrightInstance: instance already exists
2026-07-02 15:08:47 - [32minfo[39m: [GrpcClient] Sending TestSessionEvent
2026-07-02 15:08:47 - [32minfo[39m: [GrpcClient] TestSessionEvent request successful
2026-07-02 15:08:47 - [32minfo[39m: [ObservabilityModule] onBeforeTest: TEST REPORTING AND ANALYTICS sync done
2026-07-02 15:08:48 - [32minfo[39m: [PlaywrightDriverModule] testId: 537b83cfbdf14afda252-f54344e0c95999009928
2026-07-02 15:08:48 - [32minfo[39m: [PlaywrightDriverModule] testData from onAfterTest: {
  uuid: 'bb11bc74-d493-4357-8aed-9af9d7994a57',
  test_framework_name: 'Playwright',
  test_framework_version: '1.61.0',
  test_logs: [],
  test_hooks_finished: {},
  test_hooks_started: {},
  test_uuid: 'bb11bc74-d493-4357-8aed-9af9d7994a57',
  test_result: 'pending',
  automate_session_name: 'e2e/login.spec.ts - wrong password shows error',
  test_file_path: '/Users/tsl/Documents/projects/qa-automation/tests/e2e/login.spec.ts',
  test_id: '537b83cfbdf14afda252-f54344e0c95999009928',
  test_name: 'wrong password shows error',
  test_location: '/Users/tsl/Documents/projects/qa-automation/tests/e2e/login.spec.ts',
  test_code: 'async ({\n' +
    '  page\n' +
    '}) => {\n' +
    '  const loginPage = new _login.LoginPage(page);\n' +
    '  await loginPage.login(_user.Usernames.STANDARD, _user.Passwords.WRONG_PASSWORD);\n' +
    '  await (0, _test.expect)(loginPage.getErrorBanner()).toBeVisible();\n' +
    '}',
  test_tags: [],
  test_started_at: '2026-07-02T13:08:44.240Z',
  test_scope: 'e2e/login.spec.ts - wrong password shows error',
  test_scopes: [],
  test_rerun_name: ' -latest:Windows 11-browserstack e2e/login.spec.ts wrong password shows error'
}
2026-07-02 15:08:48 - [32minfo[39m: [GrpcClient] Sending TestSessionEvent
2026-07-02 15:08:48 - [32minfo[39m: [GrpcClient] TestSessionEvent request successful
2026-07-02 15:08:48 - [32minfo[39m: [PlaywrightDriverModule] markSessionStatusViaRestApi: PUT https://api.browserstack.com/automate/sessions/78671d868e662eeb8fad4bb7c620f54de146dde4.json status=passed
2026-07-02 15:08:48 - [32minfo[39m: getting screenshots results.
2026-07-02 15:08:48 - [32minfo[39m: [GrpcClient] Sending LogCreatedEvent
2026-07-02 15:08:48 - [32minfo[39m: [GrpcClient] Sending TestFrameworkEvent
2026-07-02 15:08:48 - [32minfo[39m: [GrpcClient] LogCreatedEvent request successful
2026-07-02 15:08:48 - [32minfo[39m: [GrpcClient] Sending TestFrameworkEvent
2026-07-02 15:08:48 - [32minfo[39m: [GrpcClient] TestFrameworkEvent request successful
2026-07-02 15:08:48 - [32minfo[39m: [GrpcClient] TestFrameworkEvent request successful
2026-07-02 15:08:49 - [32minfo[39m: [PlaywrightAutomationFramework] trackPlaywrightInstance: instance already exists
2026-07-02 15:08:49 - [32minfo[39m: [PlaywrightAutomationFramework] trackPlaywrightInstance: instance already exists
2026-07-02 15:08:49 - [32minfo[39m: [GrpcClient] Sending TestSessionEvent
2026-07-02 15:08:49 - [32minfo[39m: [GrpcClient] TestSessionEvent request successful
2026-07-02 15:08:49 - [32minfo[39m: [ObservabilityModule] onBeforeTest: TEST REPORTING AND ANALYTICS sync done
2026-07-02 15:08:52 - [32minfo[39m: Automate test case execution has ended. Processing for accessibility testing is underway. 
2026-07-02 15:08:52 - [33mwarn[39m: Not a valid Accessibility Automation session for playwright-page, cannot perform scan with retry.
2026-07-02 15:08:52 - [33mwarn[39m: Not a valid Accessibility Automation session for playwright-page, cannot save accessibility results with retry.
2026-07-02 15:08:52 - [32minfo[39m: Accessibility testing for this test case has ended.
2026-07-02 15:08:52 - [32minfo[39m: [Accessibility] afterTestHook state: accessibilityPlatform=false, bstackA11yShouldScan=true
2026-07-02 15:08:52 - [32minfo[39m: [PlaywrightAutomationFramework] trackPlaywrightInstance: instance already exists
2026-07-02 15:08:52 - [32minfo[39m: [GrpcClient] Sending TestSessionEvent
2026-07-02 15:08:52 - [32minfo[39m: [GrpcClient] TestSessionEvent request successful
2026-07-02 15:08:52 - [32minfo[39m: [ObservabilityModule] onBeforeTest: TEST REPORTING AND ANALYTICS sync done
2026-07-02 15:08:53 - [32minfo[39m: [PlaywrightDriverModule] testId: 537b83cfbdf14afda252-718fbb77e918c549a6ef
2026-07-02 15:08:53 - [32minfo[39m: [PlaywrightDriverModule] testData from onAfterTest: {
  uuid: '48bb109d-6510-4dd9-96a7-1bd24936ac1c',
  test_framework_name: 'Playwright',
  test_framework_version: '1.61.0',
  test_logs: [],
  test_hooks_finished: {},
  test_hooks_started: {},
  test_uuid: '48bb109d-6510-4dd9-96a7-1bd24936ac1c',
  test_result: 'pending',
  automate_session_name: 'e2e/login.spec.ts - locked user login shows error',
  test_file_path: '/Users/tsl/Documents/projects/qa-automation/tests/e2e/login.spec.ts',
  test_id: '537b83cfbdf14afda252-718fbb77e918c549a6ef',
  test_name: 'locked user login shows error',
  test_location: '/Users/tsl/Documents/projects/qa-automation/tests/e2e/login.spec.ts',
  test_code: 'async ({\n' +
    '  page\n' +
    '}) => {\n' +
    '  const loginPage = new _login.LoginPage(page);\n' +
    '  const banner = loginPage.getErrorBanner();\n' +
    '  await loginPage.login(_user.Usernames.LOCKED_OUT, _user.Passwords.STANDARD_PASSWORD);\n' +
    '  await (0, _test.expect)(page).toHaveURL(/saucedemo\\.com\\/$/);\n' +
    '  await (0, _test.expect)(banner).toBeVisible();\n' +
    '  await (0, _test.expect)(banner).toContainText(_login2.LoginMessages.LOCKED_OUT);\n' +
    '}',
  test_tags: [],
  test_started_at: '2026-07-02T13:08:48.978Z',
  test_scope: 'e2e/login.spec.ts - locked user login shows error',
  test_scopes: [],
  test_rerun_name: ' -latest:Windows 11-browserstack e2e/login.spec.ts locked user login shows error'
}
2026-07-02 15:08:53 - [32minfo[39m: [GrpcClient] Sending TestSessionEvent
2026-07-02 15:08:53 - [32minfo[39m: [GrpcClient] TestSessionEvent request successful
2026-07-02 15:08:53 - [32minfo[39m: [PlaywrightDriverModule] markSessionStatusViaRestApi: PUT https://api.browserstack.com/automate/sessions/78671d868e662eeb8fad4bb7c620f54de146dde4.json status=passed
2026-07-02 15:08:53 - [32minfo[39m: getting screenshots results.
2026-07-02 15:08:53 - [32minfo[39m: [GrpcClient] Sending LogCreatedEvent
2026-07-02 15:08:53 - [32minfo[39m: [GrpcClient] LogCreatedEvent request successful
2026-07-02 15:08:53 - [32minfo[39m: [GrpcClient] Sending TestFrameworkEvent
2026-07-02 15:08:53 - [32minfo[39m: [GrpcClient] TestFrameworkEvent request successful
2026-07-02 15:08:53 - [32minfo[39m: [BrowserstackCLI] stop: CLI stop triggered
2026-07-02 15:08:53 - [32minfo[39m: [GrpcClient] Stopping bin session
2026-07-02 15:08:55 - [32minfo[39m: [GrpcClient] StopBinSession successful
2026-07-02 15:08:55 - [32minfo[39m: stop: stopBinSession build_link=https://automate.browserstack.com/dashboard/v2/builds/f00e9413337ba5125a45123b693b72d5d4d6dc2b hashed_id=f00e9413337ba5125a45123b693b72d5d4d6dc2b o11y_uuid=fca5hg2jvloaypfpl1l5x0eoyw4iairocaium1ma
2026-07-02 15:08:55 - [32minfo[39m: [BrowserstackCLI] Unconfiguring modules
2026-07-02 15:08:55 - [32minfo[39m: [BrowserstackCLI] stop: channel closed
2026-07-02 15:09:00 - [32minfo[39m: [BrowserstackCLI] stop: shutting down CLI
2026-07-02 15:09:00 - [32minfo[39m: [BrowserstackCLI] stop: CLI process exited
2026-07-02 15:09:00 - [32minfo[39m: Visit https://automation.browserstack.com/builds/fca5hg2jvloaypfpl1l5x0eoyw4iairocaium1ma to view build report, insights, and many more debugging information all at one place!

2026-07-02 15:09:00 - [32minfo[39m: View build on BrowserStack dashboard: https://automate.browserstack.com/dashboard/v2/builds/f00e9413337ba5125a45123b693b72d5d4d6dc2b
2026-07-02 15:09:01 - [32minfo[39m: SDK run ended for id: 24cccb91-cc15-4196-a3d6-f9e4a18dbc38, testhub id: fca5hg2jvloaypfpl1l5x0eoyw4iairocaium1ma
2026-07-02 15:09:02 - [32minfo[39m: Deleting /Users/tsl/Documents/projects/qa-automation/playwright-browserstack-sdk.config.ts
2026-07-02 15:09:03 - [32minfo[39m: [BrowserstackCLI] stop: CLI is not running, skipping stop
2026-07-02 15:11:02 - [32minfo[39m: Reading configs from /Users/tsl/Documents/projects/qa-automation/browserstack.yml
2026-07-02 15:11:02 - [32minfo[39m: Log Directory has been set to /Users/tsl/Documents/projects/qa-automation/log
2026-07-02 15:11:02 - [32minfo[39m: Running SDK with args /opt/homebrew/Cellar/node/26.0.0/bin/node /Users/tsl/Documents/projects/qa-automation/node_modules/.bin/browserstack-node-sdk playwright test tests/e2e/login.spec.ts --project=chromium
2026-07-02 15:11:02 - [32minfo[39m: SDK run started with id: ed9bec91-c008-44aa-82c6-e7dd29d5ddda
2026-07-02 15:11:02 - [32minfo[39m: Project and debug logs are captured by default. To disable, set disableAutoCaptureLogs: true in config.
2026-07-02 15:11:04 - [32minfo[39m: [BrowserstackCLI] startMain: Starting main process
2026-07-02 15:11:04 - [32minfo[39m: [CLIUtils] Current CLI Path Found: /Users/tsl/.browserstack/cli/binary-macos-arm64
2026-07-02 15:11:04 - [32minfo[39m: [BrowserstackCLI] spawning command='/Users/tsl/.browserstack/cli/binary-macos-arm64,sdk'
2026-07-02 15:11:05 - [32minfo[39m: [BrowserstackCLI] CLI params loaded: {"id":"3bbe5885-34cb-48f5-b312-95918733ed96","listen":"unix:/tmp/sdk-platform-3bbe5885-34cb-48f5-b312-95918733ed96.sock"}
2026-07-02 15:11:05 - [32minfo[39m: [GrpcClient] Connected to gRPC server at unix:/tmp/sdk-platform-3bbe5885-34cb-48f5-b312-95918733ed96.sock
2026-07-02 15:11:05 - [32minfo[39m: [GrpcClient] Initialized gRPC client with bin session id: 3bbe5885-34cb-48f5-b312-95918733ed96 and listen address: unix:/tmp/sdk-platform-3bbe5885-34cb-48f5-b312-95918733ed96.sock
2026-07-02 15:11:05 - [32minfo[39m: [GrpcClient] startBinSession: Calling startBinSession
2026-07-02 15:11:05 - [32minfo[39m: [GrpcClient] setCliArgs: cliArgs=["playwright","test","tests/e2e/login.spec.ts","--project=chromium"], parsedConfig=[]
2026-07-02 15:11:07 - [32minfo[39m: [GrpcClient] StartBinSession successful
2026-07-02 15:11:07 - [32minfo[39m: [BrowserstackCLI] loadModules: Loading modules
2026-07-02 15:11:07 - [32minfo[39m: [BrowserstackCLI] loadModules: binSessionId=3bbe5885-34cb-48f5-b312-95918733ed96
2026-07-02 15:11:07 - [32minfo[39m: [BrowserstackCLI] loading Modules.
2026-07-02 15:11:07 - [32minfo[39m: [BrowserstackCLI] setCliArgs: cliArgs=["playwright","test","tests/e2e/login.spec.ts","--project=chromium"]
2026-07-02 15:11:07 - [32minfo[39m: [BrowserstackCLI] Accessibility success=false
2026-07-02 15:11:08 - [32minfo[39m: [BrowserstackCLI] Starting as child process with session ID: 3bbe5885-34cb-48f5-b312-95918733ed96
2026-07-02 15:11:08 - [32minfo[39m: [GrpcClient] Connected to gRPC server at unix:/tmp/sdk-platform-3bbe5885-34cb-48f5-b312-95918733ed96.sock
2026-07-02 15:11:08 - [32minfo[39m: [GrpcClient] Connecting bin session
2026-07-02 15:11:08 - [32minfo[39m: [GrpcClient] ConnectBinSession successful
2026-07-02 15:11:08 - [32minfo[39m: [BrowserstackCLI] loadModules: Loading modules
2026-07-02 15:11:08 - [32minfo[39m: [BrowserstackCLI] loadModules: binSessionId=3bbe5885-34cb-48f5-b312-95918733ed96
2026-07-02 15:11:08 - [32minfo[39m: [BrowserstackCLI] loading Modules.
2026-07-02 15:11:08 - [32minfo[39m: [BrowserstackCLI] Accessibility success=false
2026-07-02 15:11:08 - [32minfo[39m: [GrpcClient] Getting Playwright config
2026-07-02 15:11:08 - [32minfo[39m: [GrpcClient] PlaywrightConfig request successful
2026-07-02 15:11:08 - [32minfo[39m: [BrowserstackCLI] stop: CLI stop triggered
2026-07-02 15:11:08 - [32minfo[39m: [GrpcClient] Stopping bin session
2026-07-02 15:11:09 - [32minfo[39m: [GrpcClient] StopBinSession successful
2026-07-02 15:11:09 - [32minfo[39m: stop: stopBinSession build_link=null hashed_id=null o11y_uuid=2nthmyuektanjvomiiw4rzw8oqkggkhbqkckbp9m
2026-07-02 15:11:09 - [32minfo[39m: [BrowserstackCLI] Unconfiguring modules
2026-07-02 15:11:09 - [32minfo[39m: [BrowserstackCLI] stop: channel closed
2026-07-02 15:11:14 - [32minfo[39m: [BrowserstackCLI] stop: shutting down CLI
2026-07-02 15:11:14 - [32minfo[39m: [BrowserstackCLI] stop: CLI process exited
2026-07-02 15:11:14 - [32minfo[39m: Visit https://automation.browserstack.com/builds/2nthmyuektanjvomiiw4rzw8oqkggkhbqkckbp9m to view build report, insights, and many more debugging information all at one place!

2026-07-02 15:11:15 - [32minfo[39m: SDK run ended for id: ed9bec91-c008-44aa-82c6-e7dd29d5ddda, testhub id: 2nthmyuektanjvomiiw4rzw8oqkggkhbqkckbp9m
2026-07-02 15:11:16 - [32minfo[39m: Deleting /Users/tsl/Documents/projects/qa-automation/playwright-browserstack-sdk.config.ts
2026-07-02 15:11:17 - [32minfo[39m: [BrowserstackCLI] stop: CLI is not running, skipping stop
2026-07-02 15:11:47 - [32minfo[39m: Reading configs from /Users/tsl/Documents/projects/qa-automation/browserstack.yml
2026-07-02 15:11:47 - [32minfo[39m: Log Directory has been set to /Users/tsl/Documents/projects/qa-automation/log
2026-07-02 15:11:47 - [32minfo[39m: Running SDK with args /opt/homebrew/Cellar/node/26.0.0/bin/node /Users/tsl/Documents/projects/qa-automation/node_modules/.bin/browserstack-node-sdk playwright test tests/e2e/login.spec.ts --project=chromium
2026-07-02 15:11:47 - [32minfo[39m: SDK run started with id: 0e73bbae-5306-4869-817c-c05823514b8c
2026-07-02 15:11:48 - [32minfo[39m: Project and debug logs are captured by default. To disable, set disableAutoCaptureLogs: true in config.
2026-07-02 15:11:49 - [32minfo[39m: [BrowserstackCLI] startMain: Starting main process
2026-07-02 15:11:49 - [32minfo[39m: [CLIUtils] Current CLI Path Found: /Users/tsl/.browserstack/cli/binary-macos-arm64
2026-07-02 15:11:49 - [32minfo[39m: [BrowserstackCLI] spawning command='/Users/tsl/.browserstack/cli/binary-macos-arm64,sdk'
2026-07-02 15:11:50 - [32minfo[39m: [BrowserstackCLI] CLI params loaded: {"id":"44b4477c-c0c5-4220-9dfc-42615a656fc5","listen":"unix:/tmp/sdk-platform-44b4477c-c0c5-4220-9dfc-42615a656fc5.sock"}
2026-07-02 15:11:50 - [32minfo[39m: [GrpcClient] Connected to gRPC server at unix:/tmp/sdk-platform-44b4477c-c0c5-4220-9dfc-42615a656fc5.sock
2026-07-02 15:11:50 - [32minfo[39m: [GrpcClient] Initialized gRPC client with bin session id: 44b4477c-c0c5-4220-9dfc-42615a656fc5 and listen address: unix:/tmp/sdk-platform-44b4477c-c0c5-4220-9dfc-42615a656fc5.sock
2026-07-02 15:11:50 - [32minfo[39m: [GrpcClient] startBinSession: Calling startBinSession
2026-07-02 15:11:50 - [32minfo[39m: [GrpcClient] setCliArgs: cliArgs=["playwright","test","tests/e2e/login.spec.ts","--project=chromium"], parsedConfig=[]
2026-07-02 15:11:52 - [32minfo[39m: [GrpcClient] StartBinSession successful
2026-07-02 15:11:52 - [32minfo[39m: [BrowserstackCLI] loadModules: Loading modules
2026-07-02 15:11:52 - [32minfo[39m: [BrowserstackCLI] loadModules: binSessionId=44b4477c-c0c5-4220-9dfc-42615a656fc5
2026-07-02 15:11:52 - [32minfo[39m: [BrowserstackCLI] loading Modules.
2026-07-02 15:11:52 - [32minfo[39m: [BrowserstackCLI] setCliArgs: cliArgs=["playwright","test","tests/e2e/login.spec.ts","--project=chromium"]
2026-07-02 15:11:52 - [32minfo[39m: [BrowserstackCLI] Accessibility success=false
2026-07-02 15:11:53 - [32minfo[39m: [BrowserstackCLI] Starting as child process with session ID: 44b4477c-c0c5-4220-9dfc-42615a656fc5
2026-07-02 15:11:53 - [32minfo[39m: [GrpcClient] Connected to gRPC server at unix:/tmp/sdk-platform-44b4477c-c0c5-4220-9dfc-42615a656fc5.sock
2026-07-02 15:11:53 - [32minfo[39m: [GrpcClient] Connecting bin session
2026-07-02 15:11:53 - [32minfo[39m: [GrpcClient] ConnectBinSession successful
2026-07-02 15:11:53 - [32minfo[39m: [BrowserstackCLI] loadModules: Loading modules
2026-07-02 15:11:53 - [32minfo[39m: [BrowserstackCLI] loadModules: binSessionId=44b4477c-c0c5-4220-9dfc-42615a656fc5
2026-07-02 15:11:53 - [32minfo[39m: [BrowserstackCLI] loading Modules.
2026-07-02 15:11:53 - [32minfo[39m: [BrowserstackCLI] Accessibility success=false
2026-07-02 15:11:53 - [32minfo[39m: [GrpcClient] Getting Playwright config
2026-07-02 15:11:53 - [32minfo[39m: [GrpcClient] PlaywrightConfig request successful
2026-07-02 15:11:53 - [32minfo[39m: [BrowserstackCLI] stop: CLI stop triggered
2026-07-02 15:11:53 - [32minfo[39m: [GrpcClient] Stopping bin session
2026-07-02 15:11:54 - [32minfo[39m: [GrpcClient] StopBinSession successful
2026-07-02 15:11:54 - [32minfo[39m: stop: stopBinSession build_link=null hashed_id=null o11y_uuid=mjhb84mpqg9jo9fbcmfthjx57vlqkf9trxcrewhp
2026-07-02 15:11:54 - [32minfo[39m: [BrowserstackCLI] Unconfiguring modules
2026-07-02 15:11:54 - [32minfo[39m: [BrowserstackCLI] stop: channel closed
2026-07-02 15:11:59 - [32minfo[39m: [BrowserstackCLI] stop: shutting down CLI
2026-07-02 15:11:59 - [32minfo[39m: [BrowserstackCLI] stop: CLI process exited
2026-07-02 15:11:59 - [32minfo[39m: Visit https://automation.browserstack.com/builds/mjhb84mpqg9jo9fbcmfthjx57vlqkf9trxcrewhp to view build report, insights, and many more debugging information all at one place!

2026-07-02 15:12:00 - [32minfo[39m: SDK run ended for id: 0e73bbae-5306-4869-817c-c05823514b8c, testhub id: mjhb84mpqg9jo9fbcmfthjx57vlqkf9trxcrewhp
2026-07-02 15:12:01 - [32minfo[39m: Deleting /Users/tsl/Documents/projects/qa-automation/playwright-browserstack-sdk.config.ts
2026-07-02 15:12:02 - [32minfo[39m: [BrowserstackCLI] stop: CLI is not running, skipping stop
2026-07-02 15:13:10 - [32minfo[39m: Reading configs from /Users/tsl/Documents/projects/qa-automation/browserstack.yml
2026-07-02 15:13:10 - [32minfo[39m: Log Directory has been set to /Users/tsl/Documents/projects/qa-automation/log
2026-07-02 15:13:10 - [32minfo[39m: Running SDK with args /opt/homebrew/Cellar/node/26.0.0/bin/node /Users/tsl/Documents/projects/qa-automation/node_modules/.bin/browserstack-node-sdk playwright test tests/e2e/login.spec.ts --project=chromium
2026-07-02 15:13:10 - [32minfo[39m: SDK run started with id: e5a9a45b-368b-446e-af98-6b09605fe2e8
2026-07-02 15:13:10 - [32minfo[39m: Project and debug logs are captured by default. To disable, set disableAutoCaptureLogs: true in config.
2026-07-02 15:13:11 - [32minfo[39m: [BrowserstackCLI] startMain: Starting main process
2026-07-02 15:13:11 - [32minfo[39m: [CLIUtils] Current CLI Path Found: /Users/tsl/.browserstack/cli/binary-macos-arm64
2026-07-02 15:13:12 - [32minfo[39m: [BrowserstackCLI] spawning command='/Users/tsl/.browserstack/cli/binary-macos-arm64,sdk'
2026-07-02 15:13:12 - [32minfo[39m: [BrowserstackCLI] CLI params loaded: {"id":"d80de1d2-0894-41f7-abf0-adddd8ab5ac8","listen":"unix:/tmp/sdk-platform-d80de1d2-0894-41f7-abf0-adddd8ab5ac8.sock"}
2026-07-02 15:13:12 - [32minfo[39m: [GrpcClient] Connected to gRPC server at unix:/tmp/sdk-platform-d80de1d2-0894-41f7-abf0-adddd8ab5ac8.sock
2026-07-02 15:13:12 - [32minfo[39m: [GrpcClient] Initialized gRPC client with bin session id: d80de1d2-0894-41f7-abf0-adddd8ab5ac8 and listen address: unix:/tmp/sdk-platform-d80de1d2-0894-41f7-abf0-adddd8ab5ac8.sock
2026-07-02 15:13:12 - [32minfo[39m: [GrpcClient] startBinSession: Calling startBinSession
2026-07-02 15:13:12 - [32minfo[39m: [GrpcClient] setCliArgs: cliArgs=["playwright","test","tests/e2e/login.spec.ts","--project=chromium"], parsedConfig=[]
2026-07-02 15:13:15 - [32minfo[39m: [GrpcClient] StartBinSession successful
2026-07-02 15:13:15 - [32minfo[39m: [BrowserstackCLI] loadModules: Loading modules
2026-07-02 15:13:15 - [32minfo[39m: [BrowserstackCLI] loadModules: binSessionId=d80de1d2-0894-41f7-abf0-adddd8ab5ac8
2026-07-02 15:13:15 - [32minfo[39m: [BrowserstackCLI] loading Modules.
2026-07-02 15:13:15 - [32minfo[39m: [BrowserstackCLI] setCliArgs: cliArgs=["playwright","test","tests/e2e/login.spec.ts","--project=chromium"]
2026-07-02 15:13:15 - [32minfo[39m: [BrowserstackCLI] Accessibility success=false
2026-07-02 15:13:15 - [32minfo[39m: [BrowserstackCLI] Starting as child process with session ID: d80de1d2-0894-41f7-abf0-adddd8ab5ac8
2026-07-02 15:13:15 - [32minfo[39m: [GrpcClient] Connected to gRPC server at unix:/tmp/sdk-platform-d80de1d2-0894-41f7-abf0-adddd8ab5ac8.sock
2026-07-02 15:13:15 - [32minfo[39m: [GrpcClient] Connecting bin session
2026-07-02 15:13:16 - [32minfo[39m: [GrpcClient] ConnectBinSession successful
2026-07-02 15:13:16 - [32minfo[39m: [BrowserstackCLI] loadModules: Loading modules
2026-07-02 15:13:16 - [32minfo[39m: [BrowserstackCLI] loadModules: binSessionId=d80de1d2-0894-41f7-abf0-adddd8ab5ac8
2026-07-02 15:13:16 - [32minfo[39m: [BrowserstackCLI] loading Modules.
2026-07-02 15:13:16 - [32minfo[39m: [BrowserstackCLI] Accessibility success=false
2026-07-02 15:13:16 - [32minfo[39m: [GrpcClient] Getting Playwright config
2026-07-02 15:13:16 - [32minfo[39m: [GrpcClient] PlaywrightConfig request successful
2026-07-02 15:13:16 - [32minfo[39m: [BrowserstackCLI] stop: CLI stop triggered
2026-07-02 15:13:16 - [32minfo[39m: [GrpcClient] Stopping bin session
2026-07-02 15:13:16 - [32minfo[39m: [GrpcClient] StopBinSession successful
2026-07-02 15:13:16 - [32minfo[39m: stop: stopBinSession build_link=null hashed_id=null o11y_uuid=t6isedo5bpu2p620jsozxwwd2mfvhktp1wyksg7c
2026-07-02 15:13:16 - [32minfo[39m: [BrowserstackCLI] Unconfiguring modules
2026-07-02 15:13:16 - [32minfo[39m: [BrowserstackCLI] stop: channel closed
2026-07-02 15:13:21 - [32minfo[39m: [BrowserstackCLI] stop: shutting down CLI
2026-07-02 15:13:21 - [32minfo[39m: [BrowserstackCLI] stop: CLI process exited
2026-07-02 15:13:21 - [32minfo[39m: Visit https://automation.browserstack.com/builds/t6isedo5bpu2p620jsozxwwd2mfvhktp1wyksg7c to view build report, insights, and many more debugging information all at one place!

2026-07-02 15:13:22 - [32minfo[39m: SDK run ended for id: e5a9a45b-368b-446e-af98-6b09605fe2e8, testhub id: t6isedo5bpu2p620jsozxwwd2mfvhktp1wyksg7c
2026-07-02 15:13:23 - [32minfo[39m: Deleting /Users/tsl/Documents/projects/qa-automation/playwright-browserstack-sdk.config.ts
2026-07-02 15:13:24 - [32minfo[39m: [BrowserstackCLI] stop: CLI is not running, skipping stop
2026-07-02 15:15:35 - [32minfo[39m: Reading configs from /Users/tsl/Documents/projects/qa-automation/browserstack.yml
2026-07-02 15:15:35 - [32minfo[39m: Log Directory has been set to /Users/tsl/Documents/projects/qa-automation/log
2026-07-02 15:15:35 - [32minfo[39m: Running SDK with args /opt/homebrew/Cellar/node/26.0.0/bin/node /Users/tsl/Documents/projects/qa-automation/node_modules/.bin/browserstack-node-sdk playwright test tests/e2e/login.spec.ts
2026-07-02 15:15:35 - [32minfo[39m: SDK run started with id: 6918e2a1-8851-4075-ac32-9be80019771f
2026-07-02 15:15:35 - [32minfo[39m: Project and debug logs are captured by default. To disable, set disableAutoCaptureLogs: true in config.
2026-07-02 15:15:36 - [32minfo[39m: [BrowserstackCLI] startMain: Starting main process
2026-07-02 15:15:36 - [32minfo[39m: [CLIUtils] Current CLI Path Found: /Users/tsl/.browserstack/cli/binary-macos-arm64
2026-07-02 15:15:37 - [32minfo[39m: [BrowserstackCLI] spawning command='/Users/tsl/.browserstack/cli/binary-macos-arm64,sdk'
2026-07-02 15:15:37 - [32minfo[39m: [BrowserstackCLI] CLI params loaded: {"id":"82b63476-62a9-4b95-8c82-b224f25a3742","listen":"unix:/tmp/sdk-platform-82b63476-62a9-4b95-8c82-b224f25a3742.sock"}
2026-07-02 15:15:37 - [32minfo[39m: [GrpcClient] Connected to gRPC server at unix:/tmp/sdk-platform-82b63476-62a9-4b95-8c82-b224f25a3742.sock
2026-07-02 15:15:37 - [32minfo[39m: [GrpcClient] Initialized gRPC client with bin session id: 82b63476-62a9-4b95-8c82-b224f25a3742 and listen address: unix:/tmp/sdk-platform-82b63476-62a9-4b95-8c82-b224f25a3742.sock
2026-07-02 15:15:37 - [32minfo[39m: [GrpcClient] startBinSession: Calling startBinSession
2026-07-02 15:15:37 - [32minfo[39m: [GrpcClient] setCliArgs: cliArgs=["playwright","test","tests/e2e/login.spec.ts"], parsedConfig=[]
2026-07-02 15:15:39 - [32minfo[39m: [GrpcClient] StartBinSession successful
2026-07-02 15:15:39 - [32minfo[39m: [BrowserstackCLI] loadModules: Loading modules
2026-07-02 15:15:39 - [32minfo[39m: [BrowserstackCLI] loadModules: binSessionId=82b63476-62a9-4b95-8c82-b224f25a3742
2026-07-02 15:15:39 - [32minfo[39m: [BrowserstackCLI] loading Modules.
2026-07-02 15:15:39 - [32minfo[39m: [BrowserstackCLI] setCliArgs: cliArgs=["playwright","test","tests/e2e/login.spec.ts"]
2026-07-02 15:15:39 - [32minfo[39m: [BrowserstackCLI] Accessibility success=false
2026-07-02 15:15:40 - [32minfo[39m: [BrowserstackCLI] Starting as child process with session ID: 82b63476-62a9-4b95-8c82-b224f25a3742
2026-07-02 15:15:40 - [32minfo[39m: [GrpcClient] Connected to gRPC server at unix:/tmp/sdk-platform-82b63476-62a9-4b95-8c82-b224f25a3742.sock
2026-07-02 15:15:40 - [32minfo[39m: [GrpcClient] Connecting bin session
2026-07-02 15:15:40 - [32minfo[39m: [GrpcClient] ConnectBinSession successful
2026-07-02 15:15:40 - [32minfo[39m: [BrowserstackCLI] loadModules: Loading modules
2026-07-02 15:15:40 - [32minfo[39m: [BrowserstackCLI] loadModules: binSessionId=82b63476-62a9-4b95-8c82-b224f25a3742
2026-07-02 15:15:40 - [32minfo[39m: [BrowserstackCLI] loading Modules.
2026-07-02 15:15:40 - [32minfo[39m: [BrowserstackCLI] Accessibility success=false
2026-07-02 15:15:40 - [32minfo[39m: [GrpcClient] Getting Playwright config
2026-07-02 15:15:40 - [32minfo[39m: [GrpcClient] PlaywrightConfig request successful
2026-07-02 15:15:40 - [32minfo[39m: Setting up TestInfo directory at /Users/tsl/Documents/projects/qa-automation/log/.obs_test_details-default
2026-07-02 15:15:40 - [32minfo[39m: [PlaywrightTestFramework] trackPlaywrightInstance: created instance for target=78482:0, state=TestFrameworkState.INIT_TEST
2026-07-02 15:15:40 - [32minfo[39m: [PlaywrightTestFramework] trackPlaywrightInstance: saved instance contextId=8382875fe639cfb91bd995beed4f2ed2e1d46e8d1431ef462ed6845771e03057 target=78482:0
2026-07-02 15:15:41 - [32minfo[39m: [BrowserstackCLI] Starting as child process with session ID: 82b63476-62a9-4b95-8c82-b224f25a3742
2026-07-02 15:15:41 - [32minfo[39m: [GrpcClient] Connected to gRPC server at unix:/tmp/sdk-platform-82b63476-62a9-4b95-8c82-b224f25a3742.sock
2026-07-02 15:15:41 - [32minfo[39m: [GrpcClient] Connecting bin session
2026-07-02 15:15:41 - [32minfo[39m: [GrpcClient] ConnectBinSession successful
2026-07-02 15:15:41 - [32minfo[39m: [BrowserstackCLI] loadModules: Loading modules
2026-07-02 15:15:41 - [32minfo[39m: [BrowserstackCLI] loadModules: binSessionId=82b63476-62a9-4b95-8c82-b224f25a3742
2026-07-02 15:15:41 - [32minfo[39m: [BrowserstackCLI] loading Modules.
2026-07-02 15:15:41 - [32minfo[39m: [BrowserstackCLI] Accessibility success=false
2026-07-02 15:15:41 - [32minfo[39m: [GrpcClient] Getting Playwright config
2026-07-02 15:15:41 - [32minfo[39m: [GrpcClient] PlaywrightConfig request successful
2026-07-02 15:15:41 - [32minfo[39m: [GrpcClient] Sending TestFrameworkEvent
2026-07-02 15:15:41 - [32minfo[39m: [GrpcClient] TestFrameworkEvent request successful
2026-07-02 15:15:41 - [32minfo[39m: [BrowserstackCLI] Starting as child process with session ID: 82b63476-62a9-4b95-8c82-b224f25a3742
2026-07-02 15:15:41 - [32minfo[39m: [BrowserstackCLI] startChild: client and channel already exist, stopping here
2026-07-02 15:15:41 - [32minfo[39m: [PlaywrightAutomationFramework] trackPlaywrightInstance: created instance for target=78484:0, state=AutomationFrameworkState.CREATE
2026-07-02 15:15:41 - [32minfo[39m: [PlaywrightAutomationFramework] trackPlaywrightInstance: saved instance contextId=9fb60dc7afe208bcd1c384309b7896237eab891b3c4bd860cb1503209df695f2 target=78484:0
2026-07-02 15:15:47 - [32minfo[39m: [PlaywrightAutomationFramework] trackPlaywrightInstance: instance already exists
2026-07-02 15:15:47 - [32minfo[39m: [PlaywrightAutomationFramework] trackPlaywrightInstance: instance already exists
2026-07-02 15:15:47 - [32minfo[39m: [GrpcClient] Sending DriverInit
2026-07-02 15:15:47 - [32minfo[39m: [GrpcClient] DriverInit request successful
2026-07-02 15:15:47 - [32minfo[39m: [PlaywrightAutomationFramework] trackPlaywrightInstance: instance already exists
2026-07-02 15:15:47 - [32minfo[39m: [PlaywrightAutomationFramework] trackPlaywrightInstance: instance already exists
2026-07-02 15:15:47 - [32minfo[39m: [GrpcClient] Sending TestSessionEvent
2026-07-02 15:15:47 - [32minfo[39m: [GrpcClient] TestSessionEvent request successful
2026-07-02 15:15:47 - [32minfo[39m: [ObservabilityModule] onBeforeTest: TEST REPORTING AND ANALYTICS sync done
2026-07-02 15:15:49 - [32minfo[39m: Automate test case execution has ended. Processing for accessibility testing is underway. 
2026-07-02 15:15:49 - [33mwarn[39m: Not a valid Accessibility Automation session for playwright-page, cannot perform scan with retry.
2026-07-02 15:15:49 - [33mwarn[39m: Not a valid Accessibility Automation session for playwright-page, cannot save accessibility results with retry.
2026-07-02 15:15:49 - [32minfo[39m: Accessibility testing for this test case has ended.
2026-07-02 15:15:49 - [32minfo[39m: [Accessibility] afterTestHook state: accessibilityPlatform=false, bstackA11yShouldScan=true
2026-07-02 15:15:49 - [32minfo[39m: [PlaywrightAutomationFramework] trackPlaywrightInstance: instance already exists
2026-07-02 15:15:49 - [32minfo[39m: [GrpcClient] Sending TestSessionEvent
2026-07-02 15:15:49 - [32minfo[39m: [GrpcClient] TestSessionEvent request successful
2026-07-02 15:15:49 - [32minfo[39m: [ObservabilityModule] onBeforeTest: TEST REPORTING AND ANALYTICS sync done
2026-07-02 15:15:49 - [32minfo[39m: [PlaywrightDriverModule] testId: 537b83cfbdf14afda252-35b58795cca1dc249e25
2026-07-02 15:15:49 - [32minfo[39m: [PlaywrightDriverModule] testData from onAfterTest: {
  uuid: '18de10c4-68a3-49fb-9d9b-ff118691097f',
  test_framework_name: 'Playwright',
  test_framework_version: '1.61.0',
  test_logs: [],
  test_hooks_finished: {},
  test_hooks_started: {},
  test_uuid: '18de10c4-68a3-49fb-9d9b-ff118691097f',
  test_result: 'pending',
  automate_session_name: 'e2e/login.spec.ts - successful login redirects to products page',
  test_file_path: '/Users/tsl/Documents/projects/qa-automation/tests/e2e/login.spec.ts',
  test_id: '537b83cfbdf14afda252-35b58795cca1dc249e25',
  test_name: 'successful login redirects to products page',
  test_location: '/Users/tsl/Documents/projects/qa-automation/tests/e2e/login.spec.ts',
  test_code: 'async ({\n' +
    '  page\n' +
    '}) => {\n' +
    '  const loginPage = new _login.LoginPage(page);\n' +
    '  await loginPage.login(_user.Usernames.STANDARD, _user.Passwords.STANDARD_PASSWORD);\n' +
    '  await (0, _test.expect)(page).toHaveURL(/inventory/);\n' +
    '  await (0, _test.expect)(page.locator(".title")).toHaveText("Products");\n' +
    '}',
  test_tags: [],
  test_started_at: '2026-07-02T13:15:41.231Z',
  test_scope: 'e2e/login.spec.ts - successful login redirects to products page',
  test_scopes: [],
  test_rerun_name: ' -latest:Windows 11-browserstack e2e/login.spec.ts successful login redirects to products page'
}
2026-07-02 15:15:49 - [32minfo[39m: [GrpcClient] Sending TestSessionEvent
2026-07-02 15:15:49 - [32minfo[39m: [GrpcClient] TestSessionEvent request successful
2026-07-02 15:15:49 - [32minfo[39m: [PlaywrightDriverModule] markSessionStatusViaRestApi: PUT https://api.browserstack.com/automate/sessions/0134797489129aa60b0ce306b8e345a1999a8321.json status=passed
2026-07-02 15:15:50 - [32minfo[39m: getting screenshots results.
2026-07-02 15:15:50 - [32minfo[39m: [GrpcClient] Sending LogCreatedEvent
2026-07-02 15:15:50 - [32minfo[39m: [GrpcClient] Sending TestFrameworkEvent
2026-07-02 15:15:50 - [32minfo[39m: [GrpcClient] LogCreatedEvent request successful
2026-07-02 15:15:50 - [32minfo[39m: [GrpcClient] Sending TestFrameworkEvent
2026-07-02 15:15:50 - [32minfo[39m: [GrpcClient] TestFrameworkEvent request successful
2026-07-02 15:15:50 - [32minfo[39m: [GrpcClient] TestFrameworkEvent request successful
2026-07-02 15:15:50 - [32minfo[39m: [PlaywrightAutomationFramework] trackPlaywrightInstance: instance already exists
2026-07-02 15:15:50 - [32minfo[39m: [PlaywrightAutomationFramework] trackPlaywrightInstance: instance already exists
2026-07-02 15:15:50 - [32minfo[39m: [GrpcClient] Sending TestSessionEvent
2026-07-02 15:15:50 - [32minfo[39m: [GrpcClient] TestSessionEvent request successful
2026-07-02 15:15:51 - [32minfo[39m: [ObservabilityModule] onBeforeTest: TEST REPORTING AND ANALYTICS sync done
2026-07-02 15:15:52 - [32minfo[39m: Automate test case execution has ended. Processing for accessibility testing is underway. 
2026-07-02 15:15:52 - [33mwarn[39m: Not a valid Accessibility Automation session for playwright-page, cannot perform scan with retry.
2026-07-02 15:15:52 - [33mwarn[39m: Not a valid Accessibility Automation session for playwright-page, cannot save accessibility results with retry.
2026-07-02 15:15:52 - [32minfo[39m: Accessibility testing for this test case has ended.
2026-07-02 15:15:52 - [32minfo[39m: [Accessibility] afterTestHook state: accessibilityPlatform=false, bstackA11yShouldScan=true
2026-07-02 15:15:52 - [32minfo[39m: [PlaywrightAutomationFramework] trackPlaywrightInstance: instance already exists
2026-07-02 15:15:52 - [32minfo[39m: [GrpcClient] Sending TestSessionEvent
2026-07-02 15:15:52 - [32minfo[39m: [GrpcClient] TestSessionEvent request successful
2026-07-02 15:15:52 - [32minfo[39m: [ObservabilityModule] onBeforeTest: TEST REPORTING AND ANALYTICS sync done
2026-07-02 15:15:52 - [32minfo[39m: [PlaywrightDriverModule] testId: 537b83cfbdf14afda252-f54344e0c95999009928
2026-07-02 15:15:52 - [32minfo[39m: [PlaywrightDriverModule] testData from onAfterTest: {
  uuid: 'bb372d1e-5165-473a-836f-f940f930bdd7',
  test_framework_name: 'Playwright',
  test_framework_version: '1.61.0',
  test_logs: [],
  test_hooks_finished: {},
  test_hooks_started: {},
  test_uuid: 'bb372d1e-5165-473a-836f-f940f930bdd7',
  test_result: 'pending',
  automate_session_name: 'e2e/login.spec.ts - wrong password shows error',
  test_file_path: '/Users/tsl/Documents/projects/qa-automation/tests/e2e/login.spec.ts',
  test_id: '537b83cfbdf14afda252-f54344e0c95999009928',
  test_name: 'wrong password shows error',
  test_location: '/Users/tsl/Documents/projects/qa-automation/tests/e2e/login.spec.ts',
  test_code: 'async ({\n' +
    '  page\n' +
    '}) => {\n' +
    '  const loginPage = new _login.LoginPage(page);\n' +
    '  await loginPage.login(_user.Usernames.STANDARD, _user.Passwords.WRONG_PASSWORD);\n' +
    '  await (0, _test.expect)(loginPage.getErrorBanner()).toBeVisible();\n' +
    '}',
  test_tags: [],
  test_started_at: '2026-07-02T13:15:50.697Z',
  test_scope: 'e2e/login.spec.ts - wrong password shows error',
  test_scopes: [],
  test_rerun_name: ' -latest:Windows 11-browserstack e2e/login.spec.ts wrong password shows error'
}
2026-07-02 15:15:52 - [32minfo[39m: [GrpcClient] Sending TestSessionEvent
2026-07-02 15:15:52 - [32minfo[39m: [GrpcClient] TestSessionEvent request successful
2026-07-02 15:15:52 - [32minfo[39m: [PlaywrightDriverModule] markSessionStatusViaRestApi: PUT https://api.browserstack.com/automate/sessions/0134797489129aa60b0ce306b8e345a1999a8321.json status=passed
2026-07-02 15:15:53 - [32minfo[39m: getting screenshots results.
2026-07-02 15:15:53 - [32minfo[39m: [GrpcClient] Sending LogCreatedEvent
2026-07-02 15:15:53 - [32minfo[39m: [GrpcClient] Sending TestFrameworkEvent
2026-07-02 15:15:53 - [32minfo[39m: [GrpcClient] LogCreatedEvent request successful
2026-07-02 15:15:53 - [32minfo[39m: [GrpcClient] Sending TestFrameworkEvent
2026-07-02 15:15:53 - [32minfo[39m: [GrpcClient] TestFrameworkEvent request successful
2026-07-02 15:15:53 - [32minfo[39m: [GrpcClient] TestFrameworkEvent request successful
2026-07-02 15:15:53 - [32minfo[39m: [PlaywrightAutomationFramework] trackPlaywrightInstance: instance already exists
2026-07-02 15:15:54 - [32minfo[39m: [PlaywrightAutomationFramework] trackPlaywrightInstance: instance already exists
2026-07-02 15:15:54 - [32minfo[39m: [GrpcClient] Sending TestSessionEvent
2026-07-02 15:15:54 - [32minfo[39m: [GrpcClient] TestSessionEvent request successful
2026-07-02 15:15:54 - [32minfo[39m: [ObservabilityModule] onBeforeTest: TEST REPORTING AND ANALYTICS sync done
2026-07-02 15:15:55 - [32minfo[39m: Automate test case execution has ended. Processing for accessibility testing is underway. 
2026-07-02 15:15:55 - [33mwarn[39m: Not a valid Accessibility Automation session for playwright-page, cannot perform scan with retry.
2026-07-02 15:15:55 - [33mwarn[39m: Not a valid Accessibility Automation session for playwright-page, cannot save accessibility results with retry.
2026-07-02 15:15:55 - [32minfo[39m: Accessibility testing for this test case has ended.
2026-07-02 15:15:55 - [32minfo[39m: [Accessibility] afterTestHook state: accessibilityPlatform=false, bstackA11yShouldScan=true
2026-07-02 15:15:55 - [32minfo[39m: [PlaywrightAutomationFramework] trackPlaywrightInstance: instance already exists
2026-07-02 15:15:55 - [32minfo[39m: [GrpcClient] Sending TestSessionEvent
2026-07-02 15:15:55 - [32minfo[39m: [GrpcClient] TestSessionEvent request successful
2026-07-02 15:15:55 - [32minfo[39m: [ObservabilityModule] onBeforeTest: TEST REPORTING AND ANALYTICS sync done
2026-07-02 15:15:55 - [32minfo[39m: [PlaywrightDriverModule] testId: 537b83cfbdf14afda252-718fbb77e918c549a6ef
2026-07-02 15:15:55 - [32minfo[39m: [PlaywrightDriverModule] testData from onAfterTest: {
  uuid: '55b4bd31-18a3-4532-8f82-389eda4c6514',
  test_framework_name: 'Playwright',
  test_framework_version: '1.61.0',
  test_logs: [],
  test_hooks_finished: {},
  test_hooks_started: {},
  test_uuid: '55b4bd31-18a3-4532-8f82-389eda4c6514',
  test_result: 'pending',
  automate_session_name: 'e2e/login.spec.ts - locked user login shows error',
  test_file_path: '/Users/tsl/Documents/projects/qa-automation/tests/e2e/login.spec.ts',
  test_id: '537b83cfbdf14afda252-718fbb77e918c549a6ef',
  test_name: 'locked user login shows error',
  test_location: '/Users/tsl/Documents/projects/qa-automation/tests/e2e/login.spec.ts',
  test_code: 'async ({\n' +
    '  page\n' +
    '}) => {\n' +
    '  const loginPage = new _login.LoginPage(page);\n' +
    '  const banner = loginPage.getErrorBanner();\n' +
    '  await loginPage.login(_user.Usernames.LOCKED_OUT, _user.Passwords.STANDARD_PASSWORD);\n' +
    '  await (0, _test.expect)(page).toHaveURL(/saucedemo\\.com\\/$/);\n' +
    '  await (0, _test.expect)(banner).toBeVisible();\n' +
    '  await (0, _test.expect)(banner).toContainText(_login2.LoginMessages.LOCKED_OUT);\n' +
    '}',
  test_tags: [],
  test_started_at: '2026-07-02T13:15:53.723Z',
  test_scope: 'e2e/login.spec.ts - locked user login shows error',
  test_scopes: [],
  test_rerun_name: ' -latest:Windows 11-browserstack e2e/login.spec.ts locked user login shows error'
}
2026-07-02 15:15:55 - [32minfo[39m: [GrpcClient] Sending TestSessionEvent
2026-07-02 15:15:55 - [32minfo[39m: [GrpcClient] TestSessionEvent request successful
2026-07-02 15:15:55 - [32minfo[39m: [PlaywrightDriverModule] markSessionStatusViaRestApi: PUT https://api.browserstack.com/automate/sessions/0134797489129aa60b0ce306b8e345a1999a8321.json status=passed
2026-07-02 15:15:56 - [32minfo[39m: getting screenshots results.
2026-07-02 15:15:56 - [32minfo[39m: [GrpcClient] Sending LogCreatedEvent
2026-07-02 15:15:56 - [32minfo[39m: [GrpcClient] LogCreatedEvent request successful
2026-07-02 15:15:56 - [32minfo[39m: [GrpcClient] Sending TestFrameworkEvent
2026-07-02 15:15:56 - [32minfo[39m: [GrpcClient] TestFrameworkEvent request successful
2026-07-02 15:15:56 - [32minfo[39m: [BrowserstackCLI] stop: CLI stop triggered
2026-07-02 15:15:56 - [32minfo[39m: [GrpcClient] Stopping bin session
2026-07-02 15:15:58 - [32minfo[39m: [GrpcClient] StopBinSession successful
2026-07-02 15:15:58 - [32minfo[39m: stop: stopBinSession build_link=https://automate.browserstack.com/dashboard/v2/builds/b7f966e86ea9e41fe14d9482b499a517961e5b95 hashed_id=b7f966e86ea9e41fe14d9482b499a517961e5b95 o11y_uuid=2fbwhmil7vey2cnvetbxnknsno1itvyamaomttys
2026-07-02 15:15:58 - [32minfo[39m: [BrowserstackCLI] Unconfiguring modules
2026-07-02 15:15:58 - [32minfo[39m: [BrowserstackCLI] stop: channel closed
2026-07-02 15:16:03 - [32minfo[39m: [BrowserstackCLI] stop: shutting down CLI
2026-07-02 15:16:03 - [32minfo[39m: [BrowserstackCLI] stop: CLI process exited
2026-07-02 15:16:03 - [32minfo[39m: Visit https://automation.browserstack.com/builds/2fbwhmil7vey2cnvetbxnknsno1itvyamaomttys to view build report, insights, and many more debugging information all at one place!

2026-07-02 15:16:04 - [32minfo[39m: View build on BrowserStack dashboard: https://automate.browserstack.com/dashboard/v2/builds/b7f966e86ea9e41fe14d9482b499a517961e5b95
2026-07-02 15:16:04 - [32minfo[39m: SDK run ended for id: 6918e2a1-8851-4075-ac32-9be80019771f, testhub id: 2fbwhmil7vey2cnvetbxnknsno1itvyamaomttys
2026-07-02 15:16:06 - [32minfo[39m: Deleting /Users/tsl/Documents/projects/qa-automation/playwright-browserstack-sdk.config.ts
2026-07-02 15:16:06 - [32minfo[39m: [BrowserstackCLI] stop: CLI is not running, skipping stop
2026-07-02 15:17:48 - [32minfo[39m: Reading configs from /Users/tsl/Documents/projects/qa-automation/browserstack.yml
2026-07-02 15:17:48 - [32minfo[39m: Log Directory has been set to /Users/tsl/Documents/projects/qa-automation/log
2026-07-02 15:17:48 - [32minfo[39m: Running SDK with args /opt/homebrew/Cellar/node/26.0.0/bin/node /Users/tsl/Documents/projects/qa-automation/node_modules/.bin/browserstack-node-sdk playwright test tests/e2e/login.spec.ts
2026-07-02 15:17:48 - [32minfo[39m: SDK run started with id: cb53aec4-190d-4310-af15-149b09f1218d
2026-07-02 15:17:49 - [32minfo[39m: Project and debug logs are captured by default. To disable, set disableAutoCaptureLogs: true in config.
2026-07-02 15:17:49 - [32minfo[39m: [BrowserstackCLI] startMain: Starting main process
2026-07-02 15:17:49 - [32minfo[39m: [CLIUtils] Current CLI Path Found: /Users/tsl/.browserstack/cli/binary-macos-arm64
2026-07-02 15:17:50 - [32minfo[39m: [BrowserstackCLI] spawning command='/Users/tsl/.browserstack/cli/binary-macos-arm64,sdk'
2026-07-02 15:17:50 - [32minfo[39m: [BrowserstackCLI] CLI params loaded: {"id":"17ccfd89-89a2-44dc-8fbb-dc495c5d43f9","listen":"unix:/tmp/sdk-platform-17ccfd89-89a2-44dc-8fbb-dc495c5d43f9.sock"}
2026-07-02 15:17:50 - [32minfo[39m: [GrpcClient] Connected to gRPC server at unix:/tmp/sdk-platform-17ccfd89-89a2-44dc-8fbb-dc495c5d43f9.sock
2026-07-02 15:17:50 - [32minfo[39m: [GrpcClient] Initialized gRPC client with bin session id: 17ccfd89-89a2-44dc-8fbb-dc495c5d43f9 and listen address: unix:/tmp/sdk-platform-17ccfd89-89a2-44dc-8fbb-dc495c5d43f9.sock
2026-07-02 15:17:50 - [32minfo[39m: [GrpcClient] startBinSession: Calling startBinSession
2026-07-02 15:17:50 - [32minfo[39m: [GrpcClient] setCliArgs: cliArgs=["playwright","test","tests/e2e/login.spec.ts"], parsedConfig=[]
2026-07-02 15:17:53 - [32minfo[39m: [GrpcClient] StartBinSession successful
2026-07-02 15:17:53 - [32minfo[39m: [BrowserstackCLI] loadModules: Loading modules
2026-07-02 15:17:53 - [32minfo[39m: [BrowserstackCLI] loadModules: binSessionId=17ccfd89-89a2-44dc-8fbb-dc495c5d43f9
2026-07-02 15:17:53 - [32minfo[39m: [BrowserstackCLI] loading Modules.
2026-07-02 15:17:53 - [32minfo[39m: [BrowserstackCLI] setCliArgs: cliArgs=["playwright","test","tests/e2e/login.spec.ts"]
2026-07-02 15:17:53 - [32minfo[39m: [BrowserstackCLI] Accessibility success=false
2026-07-02 15:17:54 - [32minfo[39m: [BrowserstackCLI] Starting as child process with session ID: 17ccfd89-89a2-44dc-8fbb-dc495c5d43f9
2026-07-02 15:17:54 - [32minfo[39m: [GrpcClient] Connected to gRPC server at unix:/tmp/sdk-platform-17ccfd89-89a2-44dc-8fbb-dc495c5d43f9.sock
2026-07-02 15:17:54 - [32minfo[39m: [GrpcClient] Connecting bin session
2026-07-02 15:17:54 - [32minfo[39m: [GrpcClient] ConnectBinSession successful
2026-07-02 15:17:54 - [32minfo[39m: [BrowserstackCLI] loadModules: Loading modules
2026-07-02 15:17:54 - [32minfo[39m: [BrowserstackCLI] loadModules: binSessionId=17ccfd89-89a2-44dc-8fbb-dc495c5d43f9
2026-07-02 15:17:54 - [32minfo[39m: [BrowserstackCLI] loading Modules.
2026-07-02 15:17:54 - [32minfo[39m: [BrowserstackCLI] Accessibility success=false
2026-07-02 15:17:54 - [32minfo[39m: [GrpcClient] Getting Playwright config
2026-07-02 15:17:54 - [32minfo[39m: [GrpcClient] PlaywrightConfig request successful
2026-07-02 15:17:54 - [32minfo[39m: Setting up TestInfo directory at /Users/tsl/Documents/projects/qa-automation/log/.obs_test_details-default
2026-07-02 15:17:54 - [32minfo[39m: [PlaywrightTestFramework] trackPlaywrightInstance: created instance for target=78772:0, state=TestFrameworkState.INIT_TEST
2026-07-02 15:17:54 - [32minfo[39m: [PlaywrightTestFramework] trackPlaywrightInstance: saved instance contextId=37f75b02046ed7011f4fbc71ff3c70d8c34e4febfecd4e57ded0637de5c30fdd target=78772:0
2026-07-02 15:17:55 - [32minfo[39m: [BrowserstackCLI] Starting as child process with session ID: 17ccfd89-89a2-44dc-8fbb-dc495c5d43f9
2026-07-02 15:17:55 - [32minfo[39m: [GrpcClient] Connected to gRPC server at unix:/tmp/sdk-platform-17ccfd89-89a2-44dc-8fbb-dc495c5d43f9.sock
2026-07-02 15:17:55 - [32minfo[39m: [GrpcClient] Connecting bin session
2026-07-02 15:17:55 - [32minfo[39m: [GrpcClient] ConnectBinSession successful
2026-07-02 15:17:55 - [32minfo[39m: [BrowserstackCLI] loadModules: Loading modules
2026-07-02 15:17:55 - [32minfo[39m: [BrowserstackCLI] loadModules: binSessionId=17ccfd89-89a2-44dc-8fbb-dc495c5d43f9
2026-07-02 15:17:55 - [32minfo[39m: [BrowserstackCLI] loading Modules.
2026-07-02 15:17:55 - [32minfo[39m: [BrowserstackCLI] Accessibility success=false
2026-07-02 15:17:55 - [32minfo[39m: [GrpcClient] Getting Playwright config
2026-07-02 15:17:55 - [32minfo[39m: [GrpcClient] PlaywrightConfig request successful
2026-07-02 15:17:55 - [32minfo[39m: [GrpcClient] Sending TestFrameworkEvent
2026-07-02 15:17:55 - [32minfo[39m: [GrpcClient] TestFrameworkEvent request successful
2026-07-02 15:17:55 - [32minfo[39m: [BrowserstackCLI] Starting as child process with session ID: 17ccfd89-89a2-44dc-8fbb-dc495c5d43f9
2026-07-02 15:17:55 - [32minfo[39m: [BrowserstackCLI] startChild: client and channel already exist, stopping here
2026-07-02 15:17:55 - [32minfo[39m: [PlaywrightAutomationFramework] trackPlaywrightInstance: created instance for target=78774:0, state=AutomationFrameworkState.CREATE
2026-07-02 15:17:55 - [32minfo[39m: [PlaywrightAutomationFramework] trackPlaywrightInstance: saved instance contextId=f92cd1294505f50567959c47e5e081d1710093536222a5cfb89c7ca0ccfab9fd target=78774:0
2026-07-02 15:18:01 - [32minfo[39m: [PlaywrightAutomationFramework] trackPlaywrightInstance: instance already exists
2026-07-02 15:18:01 - [32minfo[39m: [PlaywrightAutomationFramework] trackPlaywrightInstance: instance already exists
2026-07-02 15:18:01 - [32minfo[39m: [GrpcClient] Sending DriverInit
2026-07-02 15:18:01 - [32minfo[39m: [GrpcClient] DriverInit request successful
2026-07-02 15:18:01 - [32minfo[39m: [PlaywrightAutomationFramework] trackPlaywrightInstance: instance already exists
2026-07-02 15:18:01 - [32minfo[39m: [PlaywrightAutomationFramework] trackPlaywrightInstance: instance already exists
2026-07-02 15:18:01 - [32minfo[39m: [GrpcClient] Sending TestSessionEvent
2026-07-02 15:18:01 - [32minfo[39m: [GrpcClient] TestSessionEvent request successful
2026-07-02 15:18:01 - [32minfo[39m: [ObservabilityModule] onBeforeTest: TEST REPORTING AND ANALYTICS sync done
2026-07-02 15:18:02 - [32minfo[39m: Automate test case execution has ended. Processing for accessibility testing is underway. 
2026-07-02 15:18:02 - [33mwarn[39m: Not a valid Accessibility Automation session for playwright-page, cannot perform scan with retry.
2026-07-02 15:18:02 - [33mwarn[39m: Not a valid Accessibility Automation session for playwright-page, cannot save accessibility results with retry.
2026-07-02 15:18:02 - [32minfo[39m: Accessibility testing for this test case has ended.
2026-07-02 15:18:02 - [32minfo[39m: [Accessibility] afterTestHook state: accessibilityPlatform=false, bstackA11yShouldScan=true
2026-07-02 15:18:02 - [32minfo[39m: [PlaywrightAutomationFramework] trackPlaywrightInstance: instance already exists
2026-07-02 15:18:02 - [32minfo[39m: [GrpcClient] Sending TestSessionEvent
2026-07-02 15:18:02 - [32minfo[39m: [GrpcClient] TestSessionEvent request successful
2026-07-02 15:18:02 - [32minfo[39m: [ObservabilityModule] onBeforeTest: TEST REPORTING AND ANALYTICS sync done
2026-07-02 15:18:03 - [32minfo[39m: [PlaywrightDriverModule] testId: 537b83cfbdf14afda252-35b58795cca1dc249e25
2026-07-02 15:18:03 - [32minfo[39m: [PlaywrightDriverModule] testData from onAfterTest: {
  uuid: 'c992f716-7565-43d9-9571-020c743f7975',
  test_framework_name: 'Playwright',
  test_framework_version: '1.61.0',
  test_logs: [],
  test_hooks_finished: {},
  test_hooks_started: {},
  test_uuid: 'c992f716-7565-43d9-9571-020c743f7975',
  test_result: 'pending',
  automate_session_name: 'e2e/login.spec.ts - successful login redirects to products page',
  test_file_path: '/Users/tsl/Documents/projects/qa-automation/tests/e2e/login.spec.ts',
  test_id: '537b83cfbdf14afda252-35b58795cca1dc249e25',
  test_name: 'successful login redirects to products page',
  test_location: '/Users/tsl/Documents/projects/qa-automation/tests/e2e/login.spec.ts',
  test_code: 'async ({\n' +
    '  page\n' +
    '}) => {\n' +
    '  const loginPage = new _login.LoginPage(page);\n' +
    '  await loginPage.login(_user.Usernames.STANDARD, _user.Passwords.STANDARD_PASSWORD);\n' +
    '  await (0, _test.expect)(page).toHaveURL(/inventory/);\n' +
    '  await (0, _test.expect)(page.locator(".title")).toHaveText("Products");\n' +
    '}',
  test_tags: [],
  test_started_at: '2026-07-02T13:17:55.217Z',
  test_scope: 'e2e/login.spec.ts - successful login redirects to products page',
  test_scopes: [],
  test_rerun_name: ' -latest:Windows 11-browserstack e2e/login.spec.ts successful login redirects to products page'
}
2026-07-02 15:18:03 - [32minfo[39m: [GrpcClient] Sending TestSessionEvent
2026-07-02 15:18:03 - [32minfo[39m: [GrpcClient] TestSessionEvent request successful
2026-07-02 15:18:03 - [32minfo[39m: [PlaywrightDriverModule] markSessionStatusViaRestApi: PUT https://api.browserstack.com/automate/sessions/d20bdfbe4030febf8a6b1915f9245bf8d5fa2860.json status=passed
2026-07-02 15:18:04 - [32minfo[39m: getting screenshots results.
2026-07-02 15:18:04 - [32minfo[39m: [GrpcClient] Sending LogCreatedEvent
2026-07-02 15:18:04 - [32minfo[39m: [GrpcClient] Sending TestFrameworkEvent
2026-07-02 15:18:04 - [32minfo[39m: [GrpcClient] LogCreatedEvent request successful
2026-07-02 15:18:04 - [32minfo[39m: [GrpcClient] Sending TestFrameworkEvent
2026-07-02 15:18:04 - [32minfo[39m: [GrpcClient] TestFrameworkEvent request successful
2026-07-02 15:18:04 - [32minfo[39m: [GrpcClient] TestFrameworkEvent request successful
2026-07-02 15:18:04 - [32minfo[39m: [PlaywrightAutomationFramework] trackPlaywrightInstance: instance already exists
2026-07-02 15:18:04 - [32minfo[39m: [PlaywrightAutomationFramework] trackPlaywrightInstance: instance already exists
2026-07-02 15:18:04 - [32minfo[39m: [GrpcClient] Sending TestSessionEvent
2026-07-02 15:18:04 - [32minfo[39m: [GrpcClient] TestSessionEvent request successful
2026-07-02 15:18:04 - [32minfo[39m: [ObservabilityModule] onBeforeTest: TEST REPORTING AND ANALYTICS sync done
2026-07-02 15:18:05 - [32minfo[39m: Automate test case execution has ended. Processing for accessibility testing is underway. 
2026-07-02 15:18:05 - [33mwarn[39m: Not a valid Accessibility Automation session for playwright-page, cannot perform scan with retry.
2026-07-02 15:18:05 - [33mwarn[39m: Not a valid Accessibility Automation session for playwright-page, cannot save accessibility results with retry.
2026-07-02 15:18:05 - [32minfo[39m: Accessibility testing for this test case has ended.
2026-07-02 15:18:05 - [32minfo[39m: [Accessibility] afterTestHook state: accessibilityPlatform=false, bstackA11yShouldScan=true
2026-07-02 15:18:05 - [32minfo[39m: [PlaywrightAutomationFramework] trackPlaywrightInstance: instance already exists
2026-07-02 15:18:05 - [32minfo[39m: [GrpcClient] Sending TestSessionEvent
2026-07-02 15:18:05 - [32minfo[39m: [GrpcClient] TestSessionEvent request successful
2026-07-02 15:18:05 - [32minfo[39m: [ObservabilityModule] onBeforeTest: TEST REPORTING AND ANALYTICS sync done
2026-07-02 15:18:06 - [32minfo[39m: [PlaywrightDriverModule] testId: 537b83cfbdf14afda252-f54344e0c95999009928
2026-07-02 15:18:06 - [32minfo[39m: [PlaywrightDriverModule] testData from onAfterTest: {
  uuid: '320b5384-c8ce-4095-b07b-f9531425855a',
  test_framework_name: 'Playwright',
  test_framework_version: '1.61.0',
  test_logs: [],
  test_hooks_finished: {},
  test_hooks_started: {},
  test_uuid: '320b5384-c8ce-4095-b07b-f9531425855a',
  test_result: 'pending',
  automate_session_name: 'e2e/login.spec.ts - wrong password shows error',
  test_file_path: '/Users/tsl/Documents/projects/qa-automation/tests/e2e/login.spec.ts',
  test_id: '537b83cfbdf14afda252-f54344e0c95999009928',
  test_name: 'wrong password shows error',
  test_location: '/Users/tsl/Documents/projects/qa-automation/tests/e2e/login.spec.ts',
  test_code: 'async ({\n' +
    '  page\n' +
    '}) => {\n' +
    '  const loginPage = new _login.LoginPage(page);\n' +
    '  await loginPage.login(_user.Usernames.STANDARD, _user.Passwords.WRONG_PASSWORD);\n' +
    '  await (0, _test.expect)(loginPage.getErrorBanner()).toBeVisible();\n' +
    '}',
  test_tags: [],
  test_started_at: '2026-07-02T13:18:04.393Z',
  test_scope: 'e2e/login.spec.ts - wrong password shows error',
  test_scopes: [],
  test_rerun_name: ' -latest:Windows 11-browserstack e2e/login.spec.ts wrong password shows error'
}
2026-07-02 15:18:06 - [32minfo[39m: [GrpcClient] Sending TestSessionEvent
2026-07-02 15:18:06 - [32minfo[39m: [GrpcClient] TestSessionEvent request successful
2026-07-02 15:18:06 - [32minfo[39m: [PlaywrightDriverModule] markSessionStatusViaRestApi: PUT https://api.browserstack.com/automate/sessions/d20bdfbe4030febf8a6b1915f9245bf8d5fa2860.json status=passed
2026-07-02 15:18:06 - [32minfo[39m: getting screenshots results.
2026-07-02 15:18:06 - [32minfo[39m: [GrpcClient] Sending LogCreatedEvent
2026-07-02 15:18:06 - [32minfo[39m: [GrpcClient] Sending TestFrameworkEvent
2026-07-02 15:18:06 - [32minfo[39m: [GrpcClient] LogCreatedEvent request successful
2026-07-02 15:18:06 - [32minfo[39m: [GrpcClient] Sending TestFrameworkEvent
2026-07-02 15:18:06 - [32minfo[39m: [GrpcClient] TestFrameworkEvent request successful
2026-07-02 15:18:06 - [32minfo[39m: [GrpcClient] TestFrameworkEvent request successful
2026-07-02 15:18:06 - [32minfo[39m: [PlaywrightAutomationFramework] trackPlaywrightInstance: instance already exists
2026-07-02 15:18:07 - [32minfo[39m: [PlaywrightAutomationFramework] trackPlaywrightInstance: instance already exists
2026-07-02 15:18:07 - [32minfo[39m: [GrpcClient] Sending TestSessionEvent
2026-07-02 15:18:07 - [32minfo[39m: [GrpcClient] TestSessionEvent request successful
2026-07-02 15:18:07 - [32minfo[39m: [ObservabilityModule] onBeforeTest: TEST REPORTING AND ANALYTICS sync done
2026-07-02 15:18:08 - [32minfo[39m: Automate test case execution has ended. Processing for accessibility testing is underway. 
2026-07-02 15:18:08 - [33mwarn[39m: Not a valid Accessibility Automation session for playwright-page, cannot perform scan with retry.
2026-07-02 15:18:08 - [33mwarn[39m: Not a valid Accessibility Automation session for playwright-page, cannot save accessibility results with retry.
2026-07-02 15:18:08 - [32minfo[39m: Accessibility testing for this test case has ended.
2026-07-02 15:18:08 - [32minfo[39m: [Accessibility] afterTestHook state: accessibilityPlatform=false, bstackA11yShouldScan=true
2026-07-02 15:18:08 - [32minfo[39m: [PlaywrightAutomationFramework] trackPlaywrightInstance: instance already exists
2026-07-02 15:18:08 - [32minfo[39m: [GrpcClient] Sending TestSessionEvent
2026-07-02 15:18:08 - [32minfo[39m: [GrpcClient] TestSessionEvent request successful
2026-07-02 15:18:08 - [32minfo[39m: [ObservabilityModule] onBeforeTest: TEST REPORTING AND ANALYTICS sync done
2026-07-02 15:18:08 - [32minfo[39m: [PlaywrightDriverModule] testId: 537b83cfbdf14afda252-718fbb77e918c549a6ef
2026-07-02 15:18:08 - [32minfo[39m: [PlaywrightDriverModule] testData from onAfterTest: {
  uuid: 'e7d12051-2e13-4688-82f2-8e482e86c07b',
  test_framework_name: 'Playwright',
  test_framework_version: '1.61.0',
  test_logs: [],
  test_hooks_finished: {},
  test_hooks_started: {},
  test_uuid: 'e7d12051-2e13-4688-82f2-8e482e86c07b',
  test_result: 'pending',
  automate_session_name: 'e2e/login.spec.ts - locked user login shows error',
  test_file_path: '/Users/tsl/Documents/projects/qa-automation/tests/e2e/login.spec.ts',
  test_id: '537b83cfbdf14afda252-718fbb77e918c549a6ef',
  test_name: 'locked user login shows error',
  test_location: '/Users/tsl/Documents/projects/qa-automation/tests/e2e/login.spec.ts',
  test_code: 'async ({\n' +
    '  page\n' +
    '}) => {\n' +
    '  const loginPage = new _login.LoginPage(page);\n' +
    '  const banner = loginPage.getErrorBanner();\n' +
    '  await loginPage.login(_user.Usernames.LOCKED_OUT, _user.Passwords.STANDARD_PASSWORD);\n' +
    '  await (0, _test.expect)(page).toHaveURL(/saucedemo\\.com\\/$/);\n' +
    '  await (0, _test.expect)(banner).toBeVisible();\n' +
    '  await (0, _test.expect)(banner).toContainText(_login2.LoginMessages.LOCKED_OUT);\n' +
    '}',
  test_tags: [],
  test_started_at: '2026-07-02T13:18:06.861Z',
  test_scope: 'e2e/login.spec.ts - locked user login shows error',
  test_scopes: [],
  test_rerun_name: ' -latest:Windows 11-browserstack e2e/login.spec.ts locked user login shows error'
}
2026-07-02 15:18:08 - [32minfo[39m: [GrpcClient] Sending TestSessionEvent
2026-07-02 15:18:08 - [32minfo[39m: [GrpcClient] TestSessionEvent request successful
2026-07-02 15:18:09 - [32minfo[39m: [PlaywrightDriverModule] markSessionStatusViaRestApi: PUT https://api.browserstack.com/automate/sessions/d20bdfbe4030febf8a6b1915f9245bf8d5fa2860.json status=passed
2026-07-02 15:18:09 - [32minfo[39m: getting screenshots results.
2026-07-02 15:18:09 - [32minfo[39m: [GrpcClient] Sending LogCreatedEvent
2026-07-02 15:18:09 - [32minfo[39m: [GrpcClient] LogCreatedEvent request successful
2026-07-02 15:18:09 - [32minfo[39m: [GrpcClient] Sending TestFrameworkEvent
2026-07-02 15:18:09 - [32minfo[39m: [GrpcClient] TestFrameworkEvent request successful
2026-07-02 15:18:09 - [32minfo[39m: [BrowserstackCLI] stop: CLI stop triggered
2026-07-02 15:18:09 - [32minfo[39m: [GrpcClient] Stopping bin session
2026-07-02 15:18:11 - [32minfo[39m: [GrpcClient] StopBinSession successful
2026-07-02 15:18:11 - [32minfo[39m: stop: stopBinSession build_link=https://automate.browserstack.com/dashboard/v2/builds/5ae7131fecbf4e7b48873511213f449b73391962 hashed_id=5ae7131fecbf4e7b48873511213f449b73391962 o11y_uuid=3lku3ufuuezpbwonxvix6tbh99x3eqlcnmyzmyuy
2026-07-02 15:18:11 - [32minfo[39m: [BrowserstackCLI] Unconfiguring modules
2026-07-02 15:18:11 - [32minfo[39m: [BrowserstackCLI] stop: channel closed
2026-07-02 15:18:16 - [32minfo[39m: [BrowserstackCLI] stop: shutting down CLI
2026-07-02 15:18:16 - [32minfo[39m: [BrowserstackCLI] stop: CLI process exited
2026-07-02 15:18:16 - [32minfo[39m: Visit https://automation.browserstack.com/builds/3lku3ufuuezpbwonxvix6tbh99x3eqlcnmyzmyuy to view build report, insights, and many more debugging information all at one place!

2026-07-02 15:18:16 - [32minfo[39m: View build on BrowserStack dashboard: https://automate.browserstack.com/dashboard/v2/builds/5ae7131fecbf4e7b48873511213f449b73391962
2026-07-02 15:18:16 - [32minfo[39m: SDK run ended for id: cb53aec4-190d-4310-af15-149b09f1218d, testhub id: 3lku3ufuuezpbwonxvix6tbh99x3eqlcnmyzmyuy
2026-07-02 15:18:17 - [32minfo[39m: Deleting /Users/tsl/Documents/projects/qa-automation/playwright-browserstack-sdk.config.ts
2026-07-02 15:18:19 - [32minfo[39m: [BrowserstackCLI] stop: CLI is not running, skipping stop
2026-07-02 15:55:34 - [32minfo[39m: Reading configs from /Users/tsl/Documents/projects/qa-automation/browserstack.yml
2026-07-02 15:55:34 - [32minfo[39m: Log Directory has been set to /Users/tsl/Documents/projects/qa-automation/log
2026-07-02 15:55:34 - [32minfo[39m: Running SDK with args /opt/homebrew/Cellar/node/26.0.0/bin/node /Users/tsl/Documents/projects/qa-automation/node_modules/.bin/browserstack-node-sdk playwright test tests/e2e/login.spec.ts --config=playwright.browserstack.config.ts
2026-07-02 15:55:34 - [32minfo[39m: SDK run started with id: e136eb99-de3a-4c37-b811-f61e46864e16
2026-07-02 15:55:34 - [32minfo[39m: Project and debug logs are captured by default. To disable, set disableAutoCaptureLogs: true in config.
2026-07-02 15:55:35 - [32minfo[39m: [BrowserstackCLI] startMain: Starting main process
2026-07-02 15:55:35 - [32minfo[39m: [CLIUtils] Current CLI Path Found: /Users/tsl/.browserstack/cli/binary-macos-arm64
2026-07-02 15:55:38 - [32minfo[39m: [BrowserstackCLI] spawning command='/Users/tsl/.browserstack/cli/binary-macos-arm64,sdk'
2026-07-02 15:55:40 - [32minfo[39m: [BrowserstackCLI] CLI params loaded: {"id":"72e1bee0-46c6-4eab-81b2-6c5a53548793","listen":"unix:/tmp/sdk-platform-72e1bee0-46c6-4eab-81b2-6c5a53548793.sock"}
2026-07-02 15:55:40 - [32minfo[39m: [GrpcClient] Connected to gRPC server at unix:/tmp/sdk-platform-72e1bee0-46c6-4eab-81b2-6c5a53548793.sock
2026-07-02 15:55:40 - [32minfo[39m: [GrpcClient] Initialized gRPC client with bin session id: 72e1bee0-46c6-4eab-81b2-6c5a53548793 and listen address: unix:/tmp/sdk-platform-72e1bee0-46c6-4eab-81b2-6c5a53548793.sock
2026-07-02 15:55:40 - [32minfo[39m: [GrpcClient] startBinSession: Calling startBinSession
2026-07-02 15:55:40 - [32minfo[39m: [GrpcClient] setCliArgs: cliArgs=["playwright","test","tests/e2e/login.spec.ts"], parsedConfig=[]
2026-07-02 15:55:42 - [32minfo[39m: [GrpcClient] StartBinSession successful
2026-07-02 15:55:42 - [32minfo[39m: [BrowserstackCLI] loadModules: Loading modules
2026-07-02 15:55:42 - [32minfo[39m: [BrowserstackCLI] loadModules: binSessionId=72e1bee0-46c6-4eab-81b2-6c5a53548793
2026-07-02 15:55:42 - [32minfo[39m: [BrowserstackCLI] loading Modules.
2026-07-02 15:55:42 - [32minfo[39m: [BrowserstackCLI] setCliArgs: cliArgs=["playwright","test","tests/e2e/login.spec.ts"]
2026-07-02 15:55:42 - [32minfo[39m: [BrowserstackCLI] Accessibility success=false
2026-07-02 15:55:43 - [32minfo[39m: [BrowserstackCLI] Starting as child process with session ID: 72e1bee0-46c6-4eab-81b2-6c5a53548793
2026-07-02 15:55:43 - [32minfo[39m: [GrpcClient] Connected to gRPC server at unix:/tmp/sdk-platform-72e1bee0-46c6-4eab-81b2-6c5a53548793.sock
2026-07-02 15:55:43 - [32minfo[39m: [GrpcClient] Connecting bin session
2026-07-02 15:55:43 - [32minfo[39m: [GrpcClient] ConnectBinSession successful
2026-07-02 15:55:43 - [32minfo[39m: [BrowserstackCLI] loadModules: Loading modules
2026-07-02 15:55:43 - [32minfo[39m: [BrowserstackCLI] loadModules: binSessionId=72e1bee0-46c6-4eab-81b2-6c5a53548793
2026-07-02 15:55:43 - [32minfo[39m: [BrowserstackCLI] loading Modules.
2026-07-02 15:55:43 - [32minfo[39m: [BrowserstackCLI] Accessibility success=false
2026-07-02 15:55:43 - [32minfo[39m: [GrpcClient] Getting Playwright config
2026-07-02 15:55:43 - [32minfo[39m: [GrpcClient] PlaywrightConfig request successful
2026-07-02 15:55:43 - [32minfo[39m: Setting up TestInfo directory at /Users/tsl/Documents/projects/qa-automation/log/.obs_test_details-default
2026-07-02 15:55:43 - [32minfo[39m: [PlaywrightTestFramework] trackPlaywrightInstance: created instance for target=79825:0, state=TestFrameworkState.INIT_TEST
2026-07-02 15:55:43 - [32minfo[39m: [PlaywrightTestFramework] trackPlaywrightInstance: saved instance contextId=6a743dd87cffc3467a768c5e74c122e4ce923e50e8d75bdf6c4e80bfa244c862 target=79825:0
2026-07-02 15:55:44 - [32minfo[39m: [BrowserstackCLI] Starting as child process with session ID: 72e1bee0-46c6-4eab-81b2-6c5a53548793
2026-07-02 15:55:44 - [32minfo[39m: [GrpcClient] Connected to gRPC server at unix:/tmp/sdk-platform-72e1bee0-46c6-4eab-81b2-6c5a53548793.sock
2026-07-02 15:55:44 - [32minfo[39m: [GrpcClient] Connecting bin session
2026-07-02 15:55:44 - [32minfo[39m: [BrowserstackCLI] Starting as child process with session ID: 72e1bee0-46c6-4eab-81b2-6c5a53548793
2026-07-02 15:55:44 - [32minfo[39m: [GrpcClient] Connected to gRPC server at unix:/tmp/sdk-platform-72e1bee0-46c6-4eab-81b2-6c5a53548793.sock
2026-07-02 15:55:44 - [32minfo[39m: [GrpcClient] Connecting bin session
2026-07-02 15:55:44 - [32minfo[39m: [GrpcClient] ConnectBinSession successful
2026-07-02 15:55:44 - [32minfo[39m: [GrpcClient] ConnectBinSession successful
2026-07-02 15:55:44 - [32minfo[39m: [BrowserstackCLI] loadModules: Loading modules
2026-07-02 15:55:44 - [32minfo[39m: [BrowserstackCLI] loadModules: binSessionId=72e1bee0-46c6-4eab-81b2-6c5a53548793
2026-07-02 15:55:44 - [32minfo[39m: [BrowserstackCLI] loading Modules.
2026-07-02 15:55:44 - [32minfo[39m: [BrowserstackCLI] Accessibility success=false
2026-07-02 15:55:44 - [32minfo[39m: [GrpcClient] Getting Playwright config
2026-07-02 15:55:44 - [32minfo[39m: [BrowserstackCLI] Starting as child process with session ID: 72e1bee0-46c6-4eab-81b2-6c5a53548793
2026-07-02 15:55:44 - [32minfo[39m: [GrpcClient] PlaywrightConfig request successful
2026-07-02 15:55:44 - [32minfo[39m: [GrpcClient] Connected to gRPC server at unix:/tmp/sdk-platform-72e1bee0-46c6-4eab-81b2-6c5a53548793.sock
2026-07-02 15:55:44 - [32minfo[39m: [GrpcClient] Connecting bin session
2026-07-02 15:55:44 - [32minfo[39m: [BrowserstackCLI] loadModules: Loading modules
2026-07-02 15:55:44 - [32minfo[39m: [BrowserstackCLI] loadModules: binSessionId=72e1bee0-46c6-4eab-81b2-6c5a53548793
2026-07-02 15:55:44 - [32minfo[39m: [BrowserstackCLI] loading Modules.
2026-07-02 15:55:44 - [32minfo[39m: [BrowserstackCLI] Accessibility success=false
2026-07-02 15:55:44 - [32minfo[39m: [GrpcClient] Getting Playwright config
2026-07-02 15:55:44 - [32minfo[39m: [GrpcClient] PlaywrightConfig request successful
2026-07-02 15:55:44 - [32minfo[39m: [GrpcClient] ConnectBinSession successful
2026-07-02 15:55:44 - [32minfo[39m: [BrowserstackCLI] loadModules: Loading modules
2026-07-02 15:55:44 - [32minfo[39m: [BrowserstackCLI] loadModules: binSessionId=72e1bee0-46c6-4eab-81b2-6c5a53548793
2026-07-02 15:55:44 - [32minfo[39m: [BrowserstackCLI] loading Modules.
2026-07-02 15:55:44 - [32minfo[39m: [BrowserstackCLI] Accessibility success=false
2026-07-02 15:55:44 - [32minfo[39m: [GrpcClient] Getting Playwright config
2026-07-02 15:55:44 - [32minfo[39m: [GrpcClient] PlaywrightConfig request successful
2026-07-02 15:55:44 - [32minfo[39m: [GrpcClient] Sending TestFrameworkEvent
2026-07-02 15:55:44 - [32minfo[39m: [GrpcClient] Sending TestFrameworkEvent
2026-07-02 15:55:44 - [32minfo[39m: [GrpcClient] TestFrameworkEvent request successful
2026-07-02 15:55:44 - [32minfo[39m: [BrowserstackCLI] Starting as child process with session ID: 72e1bee0-46c6-4eab-81b2-6c5a53548793
2026-07-02 15:55:44 - [32minfo[39m: [GrpcClient] TestFrameworkEvent request successful
2026-07-02 15:55:44 - [32minfo[39m: [BrowserstackCLI] Starting as child process with session ID: 72e1bee0-46c6-4eab-81b2-6c5a53548793
2026-07-02 15:55:44 - [32minfo[39m: [GrpcClient] Sending TestFrameworkEvent
2026-07-02 15:55:44 - [32minfo[39m: [GrpcClient] TestFrameworkEvent request successful
2026-07-02 15:55:44 - [32minfo[39m: [BrowserstackCLI] Starting as child process with session ID: 72e1bee0-46c6-4eab-81b2-6c5a53548793
2026-07-02 15:55:44 - [32minfo[39m: [BrowserstackCLI] startChild: client and channel already exist, stopping here
2026-07-02 15:55:44 - [32minfo[39m: [PlaywrightAutomationFramework] trackPlaywrightInstance: created instance for target=79833:0, state=AutomationFrameworkState.CREATE
2026-07-02 15:55:44 - [32minfo[39m: [PlaywrightAutomationFramework] trackPlaywrightInstance: saved instance contextId=6c7a51705ac7d758e2d00d6d63f0476942a37218d820fe32dc28718dd66276d5 target=79833:0
2026-07-02 15:55:44 - [32minfo[39m: [BrowserstackCLI] startChild: client and channel already exist, stopping here
2026-07-02 15:55:44 - [32minfo[39m: [PlaywrightAutomationFramework] trackPlaywrightInstance: created instance for target=79832:0, state=AutomationFrameworkState.CREATE
2026-07-02 15:55:44 - [32minfo[39m: [PlaywrightAutomationFramework] trackPlaywrightInstance: saved instance contextId=57f66dedff62e1043c33a73d5b477c66459fa85b3a9af0804e1fcddd1227e023 target=79832:0
2026-07-02 15:55:44 - [32minfo[39m: [BrowserstackCLI] startChild: client and channel already exist, stopping here
2026-07-02 15:55:44 - [32minfo[39m: [PlaywrightAutomationFramework] trackPlaywrightInstance: created instance for target=79831:0, state=AutomationFrameworkState.CREATE
2026-07-02 15:55:44 - [32minfo[39m: [PlaywrightAutomationFramework] trackPlaywrightInstance: saved instance contextId=22f3e23bbeac31b744f5d27f983daad4346fc40d73610087b63865a2ed78af77 target=79831:0
2026-07-02 15:55:49 - [32minfo[39m: [PlaywrightAutomationFramework] trackPlaywrightInstance: instance already exists
2026-07-02 15:55:49 - [32minfo[39m: [PlaywrightAutomationFramework] trackPlaywrightInstance: instance already exists
2026-07-02 15:55:49 - [32minfo[39m: [GrpcClient] Sending DriverInit
2026-07-02 15:55:49 - [32minfo[39m: [GrpcClient] DriverInit request successful
2026-07-02 15:55:50 - [32minfo[39m: [PlaywrightAutomationFramework] trackPlaywrightInstance: instance already exists
2026-07-02 15:55:50 - [32minfo[39m: [PlaywrightAutomationFramework] trackPlaywrightInstance: instance already exists
2026-07-02 15:55:50 - [32minfo[39m: [GrpcClient] Sending TestSessionEvent
2026-07-02 15:55:50 - [32minfo[39m: [GrpcClient] TestSessionEvent request successful
2026-07-02 15:55:50 - [32minfo[39m: [ObservabilityModule] onBeforeTest: TEST REPORTING AND ANALYTICS sync done
2026-07-02 15:55:52 - [32minfo[39m: [PlaywrightAutomationFramework] trackPlaywrightInstance: instance already exists
2026-07-02 15:55:52 - [32minfo[39m: [PlaywrightAutomationFramework] trackPlaywrightInstance: instance already exists
2026-07-02 15:55:52 - [32minfo[39m: [GrpcClient] Sending DriverInit
2026-07-02 15:55:52 - [32minfo[39m: [GrpcClient] DriverInit request successful
2026-07-02 15:55:52 - [32minfo[39m: [PlaywrightAutomationFramework] trackPlaywrightInstance: instance already exists
2026-07-02 15:55:52 - [33mwarn[39m: Accessibility Automation will run only on Chrome or ChromeForTesting browsers.
2026-07-02 15:55:52 - [32minfo[39m: [Accessibility] afterTestHook state: accessibilityPlatform=false, bstackA11yShouldScan=true
2026-07-02 15:55:52 - [32minfo[39m: [PlaywrightAutomationFramework] trackPlaywrightInstance: instance already exists
2026-07-02 15:55:52 - [32minfo[39m: [GrpcClient] Sending TestSessionEvent
2026-07-02 15:55:52 - [32minfo[39m: [GrpcClient] TestSessionEvent request successful
2026-07-02 15:55:52 - [32minfo[39m: [PlaywrightAutomationFramework] trackPlaywrightInstance: instance already exists
2026-07-02 15:55:52 - [32minfo[39m: [GrpcClient] Sending TestSessionEvent
2026-07-02 15:55:52 - [32minfo[39m: [GrpcClient] TestSessionEvent request successful
2026-07-02 15:55:52 - [32minfo[39m: [ObservabilityModule] onBeforeTest: TEST REPORTING AND ANALYTICS sync done
2026-07-02 15:55:52 - [32minfo[39m: [ObservabilityModule] onBeforeTest: TEST REPORTING AND ANALYTICS sync done
2026-07-02 15:55:52 - [32minfo[39m: [PlaywrightDriverModule] testId: 537b83cfbdf14afda252-c10a54f5d3a608be0c88
2026-07-02 15:55:52 - [32minfo[39m: [PlaywrightDriverModule] testData from onAfterTest: {
  uuid: '181f581b-c233-4531-996a-b59262161720',
  test_framework_name: 'Playwright',
  test_framework_version: '1.61.0',
  test_logs: [],
  test_hooks_finished: {},
  test_hooks_started: {},
  test_uuid: '181f581b-c233-4531-996a-b59262161720',
  test_result: 'pending',
  automate_session_name: 'e2e/login.spec.ts - successful login redirects to products page',
  test_file_path: '/Users/tsl/Documents/projects/qa-automation/tests/e2e/login.spec.ts',
  test_id: '537b83cfbdf14afda252-c10a54f5d3a608be0c88',
  test_name: 'successful login redirects to products page',
  test_location: '/Users/tsl/Documents/projects/qa-automation/tests/e2e/login.spec.ts',
  test_code: 'async ({\n' +
    '  page\n' +
    '}) => {\n' +
    '  const loginPage = new _login.LoginPage(page);\n' +
    '  await loginPage.login(_user.Usernames.STANDARD, _user.Passwords.STANDARD_PASSWORD);\n' +
    '  await (0, _test.expect)(page).toHaveURL(/inventory/);\n' +
    '  await (0, _test.expect)(page.locator(".title")).toHaveText("Products");\n' +
    '}',
  test_tags: [],
  test_started_at: '2026-07-02T13:55:44.164Z',
  test_scope: 'e2e/login.spec.ts - successful login redirects to products page',
  test_scopes: [],
  test_rerun_name: ' -latest:OSX Ventura-browserstack e2e/login.spec.ts successful login redirects to products page'
}
2026-07-02 15:55:52 - [32minfo[39m: [GrpcClient] Sending TestSessionEvent
2026-07-02 15:55:52 - [32minfo[39m: [GrpcClient] TestSessionEvent request successful
2026-07-02 15:55:52 - [32minfo[39m: [PlaywrightAutomationFramework] trackPlaywrightInstance: instance already exists
2026-07-02 15:55:52 - [32minfo[39m: [PlaywrightAutomationFramework] trackPlaywrightInstance: instance already exists
2026-07-02 15:55:52 - [32minfo[39m: [GrpcClient] Sending DriverInit
2026-07-02 15:55:52 - [32minfo[39m: [GrpcClient] DriverInit request successful
2026-07-02 15:55:52 - [32minfo[39m: [PlaywrightAutomationFramework] trackPlaywrightInstance: instance already exists
2026-07-02 15:55:53 - [32minfo[39m: [PlaywrightDriverModule] markSessionStatusViaRestApi: PUT https://api.browserstack.com/automate/sessions/d18cd1918ec8959c93eb9d99c142a11adec6eb60.json status=passed
2026-07-02 15:55:53 - [32minfo[39m: Automate test case execution has ended. Processing for accessibility testing is underway. 
2026-07-02 15:55:53 - [33mwarn[39m: Not a valid Accessibility Automation session for playwright-page, cannot perform scan with retry.
2026-07-02 15:55:53 - [33mwarn[39m: Not a valid Accessibility Automation session for playwright-page, cannot save accessibility results with retry.
2026-07-02 15:55:53 - [32minfo[39m: Accessibility testing for this test case has ended.
2026-07-02 15:55:53 - [32minfo[39m: getting screenshots results.
2026-07-02 15:55:53 - [32minfo[39m: [GrpcClient] Sending LogCreatedEvent
2026-07-02 15:55:53 - [32minfo[39m: [GrpcClient] Sending TestFrameworkEvent
2026-07-02 15:55:53 - [32minfo[39m: [GrpcClient] LogCreatedEvent request successful
2026-07-02 15:55:53 - [32minfo[39m: [GrpcClient] Sending TestFrameworkEvent
2026-07-02 15:55:53 - [32minfo[39m: [GrpcClient] TestFrameworkEvent request successful
2026-07-02 15:55:53 - [32minfo[39m: [GrpcClient] TestFrameworkEvent request successful
2026-07-02 15:55:53 - [32minfo[39m: [Accessibility] afterTestHook state: accessibilityPlatform=false, bstackA11yShouldScan=true
2026-07-02 15:55:53 - [32minfo[39m: [PlaywrightAutomationFramework] trackPlaywrightInstance: instance already exists
2026-07-02 15:55:53 - [32minfo[39m: [GrpcClient] Sending TestSessionEvent
2026-07-02 15:55:53 - [32minfo[39m: [GrpcClient] TestSessionEvent request successful
2026-07-02 15:55:53 - [32minfo[39m: [PlaywrightAutomationFramework] trackPlaywrightInstance: instance already exists
2026-07-02 15:55:53 - [32minfo[39m: [ObservabilityModule] onBeforeTest: TEST REPORTING AND ANALYTICS sync done
2026-07-02 15:55:54 - [32minfo[39m: [PlaywrightDriverModule] testId: 537b83cfbdf14afda252-35b58795cca1dc249e25
2026-07-02 15:55:54 - [32minfo[39m: [PlaywrightDriverModule] testData from onAfterTest: {
  uuid: 'ae4c8460-e25e-4f89-a353-f52a4f7ac301',
  test_framework_name: 'Playwright',
  test_framework_version: '1.61.0',
  test_logs: [],
  test_hooks_finished: {},
  test_hooks_started: {},
  test_uuid: 'ae4c8460-e25e-4f89-a353-f52a4f7ac301',
  test_result: 'pending',
  automate_session_name: 'e2e/login.spec.ts - successful login redirects to products page',
  test_file_path: '/Users/tsl/Documents/projects/qa-automation/tests/e2e/login.spec.ts',
  test_id: '537b83cfbdf14afda252-35b58795cca1dc249e25',
  test_name: 'successful login redirects to products page',
  test_location: '/Users/tsl/Documents/projects/qa-automation/tests/e2e/login.spec.ts',
  test_code: 'async ({\n' +
    '  page\n' +
    '}) => {\n' +
    '  const loginPage = new _login.LoginPage(page);\n' +
    '  await loginPage.login(_user.Usernames.STANDARD, _user.Passwords.STANDARD_PASSWORD);\n' +
    '  await (0, _test.expect)(page).toHaveURL(/inventory/);\n' +
    '  await (0, _test.expect)(page.locator(".title")).toHaveText("Products");\n' +
    '}',
  test_tags: [],
  test_started_at: '2026-07-02T13:55:44.187Z',
  test_scope: 'e2e/login.spec.ts - successful login redirects to products page',
  test_scopes: [],
  test_rerun_name: ' -latest:Windows 11-browserstack e2e/login.spec.ts successful login redirects to products page'
}
2026-07-02 15:55:54 - [32minfo[39m: [GrpcClient] Sending TestSessionEvent
2026-07-02 15:55:54 - [32minfo[39m: [GrpcClient] TestSessionEvent request successful
2026-07-02 15:55:54 - [32minfo[39m: [PlaywrightAutomationFramework] trackPlaywrightInstance: instance already exists
2026-07-02 15:55:54 - [32minfo[39m: [GrpcClient] Sending TestSessionEvent
2026-07-02 15:55:54 - [32minfo[39m: [GrpcClient] TestSessionEvent request successful
2026-07-02 15:55:54 - [32minfo[39m: [PlaywrightAutomationFramework] trackPlaywrightInstance: instance already exists
2026-07-02 15:55:54 - [32minfo[39m: [GrpcClient] Sending TestSessionEvent
2026-07-02 15:55:54 - [32minfo[39m: [GrpcClient] TestSessionEvent request successful
2026-07-02 15:55:54 - [32minfo[39m: [ObservabilityModule] onBeforeTest: TEST REPORTING AND ANALYTICS sync done
2026-07-02 15:55:54 - [32minfo[39m: [ObservabilityModule] onBeforeTest: TEST REPORTING AND ANALYTICS sync done
2026-07-02 15:55:54 - [32minfo[39m: [PlaywrightDriverModule] markSessionStatusViaRestApi: PUT https://api.browserstack.com/automate/sessions/26295321ad92712d2977ed663a4aa98534b616dc.json status=passed
2026-07-02 15:55:55 - [32minfo[39m: getting screenshots results.
2026-07-02 15:55:55 - [32minfo[39m: [GrpcClient] Sending LogCreatedEvent
2026-07-02 15:55:55 - [32minfo[39m: [GrpcClient] Sending TestFrameworkEvent
2026-07-02 15:55:55 - [32minfo[39m: [GrpcClient] LogCreatedEvent request successful
2026-07-02 15:55:55 - [32minfo[39m: [GrpcClient] Sending TestFrameworkEvent
2026-07-02 15:55:55 - [32minfo[39m: [GrpcClient] TestFrameworkEvent request successful
2026-07-02 15:55:55 - [32minfo[39m: [GrpcClient] TestFrameworkEvent request successful
2026-07-02 15:55:55 - [33mwarn[39m: Accessibility Automation will run only on Chrome or ChromeForTesting browsers.
2026-07-02 15:55:55 - [32minfo[39m: [PlaywrightAutomationFramework] trackPlaywrightInstance: instance already exists
2026-07-02 15:55:55 - [32minfo[39m: [Accessibility] afterTestHook state: accessibilityPlatform=false, bstackA11yShouldScan=true
2026-07-02 15:55:55 - [32minfo[39m: [PlaywrightAutomationFramework] trackPlaywrightInstance: instance already exists
2026-07-02 15:55:55 - [32minfo[39m: [GrpcClient] Sending TestSessionEvent
2026-07-02 15:55:55 - [32minfo[39m: [GrpcClient] TestSessionEvent request successful
2026-07-02 15:55:55 - [32minfo[39m: [ObservabilityModule] onBeforeTest: TEST REPORTING AND ANALYTICS sync done
2026-07-02 15:55:55 - [32minfo[39m: [PlaywrightAutomationFramework] trackPlaywrightInstance: instance already exists
2026-07-02 15:55:55 - [32minfo[39m: [GrpcClient] Sending TestSessionEvent
2026-07-02 15:55:55 - [32minfo[39m: [GrpcClient] TestSessionEvent request successful
2026-07-02 15:55:55 - [32minfo[39m: [ObservabilityModule] onBeforeTest: TEST REPORTING AND ANALYTICS sync done
2026-07-02 15:55:55 - [32minfo[39m: [PlaywrightDriverModule] testId: 537b83cfbdf14afda252-d34d80b0ed6dd5276f24
2026-07-02 15:55:55 - [32minfo[39m: [PlaywrightDriverModule] testData from onAfterTest: {
  uuid: '588c9d16-774e-4760-881c-6e749c0155dd',
  test_framework_name: 'Playwright',
  test_framework_version: '1.61.0',
  test_logs: [],
  test_hooks_finished: {},
  test_hooks_started: {},
  test_uuid: '588c9d16-774e-4760-881c-6e749c0155dd',
  test_result: 'pending',
  automate_session_name: 'e2e/login.spec.ts - wrong password shows error',
  test_file_path: '/Users/tsl/Documents/projects/qa-automation/tests/e2e/login.spec.ts',
  test_id: '537b83cfbdf14afda252-d34d80b0ed6dd5276f24',
  test_name: 'wrong password shows error',
  test_location: '/Users/tsl/Documents/projects/qa-automation/tests/e2e/login.spec.ts',
  test_code: 'async ({\n' +
    '  page\n' +
    '}) => {\n' +
    '  const loginPage = new _login.LoginPage(page);\n' +
    '  await loginPage.login(_user.Usernames.STANDARD, _user.Passwords.WRONG_PASSWORD);\n' +
    '  await (0, _test.expect)(loginPage.getErrorBanner()).toBeVisible();\n' +
    '}',
  test_tags: [],
  test_started_at: '2026-07-02T13:55:53.699Z',
  test_scope: 'e2e/login.spec.ts - wrong password shows error',
  test_scopes: [],
  test_rerun_name: ' -latest:OSX Ventura-browserstack e2e/login.spec.ts wrong password shows error'
}
2026-07-02 15:55:55 - [32minfo[39m: [GrpcClient] Sending TestSessionEvent
2026-07-02 15:55:55 - [32minfo[39m: [GrpcClient] TestSessionEvent request successful
2026-07-02 15:55:55 - [32minfo[39m: [PlaywrightDriverModule] markSessionStatusViaRestApi: PUT https://api.browserstack.com/automate/sessions/d18cd1918ec8959c93eb9d99c142a11adec6eb60.json status=passed
2026-07-02 15:55:55 - [33mwarn[39m: Accessibility Automation will run only on Chrome or ChromeForTesting browsers.
2026-07-02 15:55:56 - [32minfo[39m: [Accessibility] afterTestHook state: accessibilityPlatform=false, bstackA11yShouldScan=true
2026-07-02 15:55:56 - [32minfo[39m: [PlaywrightAutomationFramework] trackPlaywrightInstance: instance already exists
2026-07-02 15:55:56 - [32minfo[39m: [GrpcClient] Sending TestSessionEvent
2026-07-02 15:55:56 - [32minfo[39m: [GrpcClient] TestSessionEvent request successful
2026-07-02 15:55:56 - [32minfo[39m: [ObservabilityModule] onBeforeTest: TEST REPORTING AND ANALYTICS sync done
2026-07-02 15:55:56 - [32minfo[39m: [PlaywrightDriverModule] testId: 537b83cfbdf14afda252-c1c8d9b26a60fe56273c
2026-07-02 15:55:56 - [32minfo[39m: [PlaywrightDriverModule] testData from onAfterTest: {
  uuid: '54180e5b-1002-4825-b94e-eac8aaffe07f',
  test_framework_name: 'Playwright',
  test_framework_version: '1.61.0',
  test_logs: [],
  test_hooks_finished: {},
  test_hooks_started: {},
  test_uuid: '54180e5b-1002-4825-b94e-eac8aaffe07f',
  test_result: 'pending',
  automate_session_name: 'e2e/login.spec.ts - successful login redirects to products page',
  test_file_path: '/Users/tsl/Documents/projects/qa-automation/tests/e2e/login.spec.ts',
  test_id: '537b83cfbdf14afda252-c1c8d9b26a60fe56273c',
  test_name: 'successful login redirects to products page',
  test_location: '/Users/tsl/Documents/projects/qa-automation/tests/e2e/login.spec.ts',
  test_code: 'async ({\n' +
    '  page\n' +
    '}) => {\n' +
    '  const loginPage = new _login.LoginPage(page);\n' +
    '  await loginPage.login(_user.Usernames.STANDARD, _user.Passwords.STANDARD_PASSWORD);\n' +
    '  await (0, _test.expect)(page).toHaveURL(/inventory/);\n' +
    '  await (0, _test.expect)(page.locator(".title")).toHaveText("Products");\n' +
    '}',
  test_tags: [],
  test_started_at: '2026-07-02T13:55:44.166Z',
  test_scope: 'e2e/login.spec.ts - successful login redirects to products page',
  test_scopes: [],
  test_rerun_name: ' -latest:Windows 11-browserstack e2e/login.spec.ts successful login redirects to products page'
}
2026-07-02 15:55:56 - [32minfo[39m: [GrpcClient] Sending TestSessionEvent
2026-07-02 15:55:56 - [32minfo[39m: [GrpcClient] TestSessionEvent request successful
2026-07-02 15:55:56 - [32minfo[39m: Automate test case execution has ended. Processing for accessibility testing is underway. 
2026-07-02 15:55:56 - [33mwarn[39m: Not a valid Accessibility Automation session for playwright-page, cannot perform scan with retry.
2026-07-02 15:55:56 - [33mwarn[39m: Not a valid Accessibility Automation session for playwright-page, cannot save accessibility results with retry.
2026-07-02 15:55:56 - [32minfo[39m: Accessibility testing for this test case has ended.
2026-07-02 15:55:56 - [32minfo[39m: getting screenshots results.
2026-07-02 15:55:56 - [32minfo[39m: [GrpcClient] Sending LogCreatedEvent
2026-07-02 15:55:56 - [32minfo[39m: [GrpcClient] Sending TestFrameworkEvent
2026-07-02 15:55:56 - [32minfo[39m: [GrpcClient] LogCreatedEvent request successful
2026-07-02 15:55:56 - [32minfo[39m: [GrpcClient] Sending TestFrameworkEvent
2026-07-02 15:55:56 - [32minfo[39m: [GrpcClient] TestFrameworkEvent request successful
2026-07-02 15:55:56 - [32minfo[39m: [GrpcClient] TestFrameworkEvent request successful
2026-07-02 15:55:56 - [32minfo[39m: [PlaywrightAutomationFramework] trackPlaywrightInstance: instance already exists
2026-07-02 15:55:56 - [32minfo[39m: [Accessibility] afterTestHook state: accessibilityPlatform=false, bstackA11yShouldScan=true
2026-07-02 15:55:56 - [32minfo[39m: [PlaywrightAutomationFramework] trackPlaywrightInstance: instance already exists
2026-07-02 15:55:56 - [32minfo[39m: [GrpcClient] Sending TestSessionEvent
2026-07-02 15:55:56 - [32minfo[39m: [GrpcClient] TestSessionEvent request successful
2026-07-02 15:55:56 - [32minfo[39m: [ObservabilityModule] onBeforeTest: TEST REPORTING AND ANALYTICS sync done
2026-07-02 15:55:56 - [32minfo[39m: [PlaywrightDriverModule] markSessionStatusViaRestApi: PUT https://api.browserstack.com/automate/sessions/6beaf968c3c819cb625f1ebe10ce1aae944938af.json status=passed
2026-07-02 15:55:56 - [32minfo[39m: [PlaywrightAutomationFramework] trackPlaywrightInstance: instance already exists
2026-07-02 15:55:56 - [32minfo[39m: [GrpcClient] Sending TestSessionEvent
2026-07-02 15:55:56 - [32minfo[39m: [GrpcClient] TestSessionEvent request successful
2026-07-02 15:55:56 - [32minfo[39m: [PlaywrightDriverModule] testId: 537b83cfbdf14afda252-f54344e0c95999009928
2026-07-02 15:55:56 - [32minfo[39m: [PlaywrightDriverModule] testData from onAfterTest: {
  uuid: '24fc1cb5-6795-43bf-a771-6e343a728139',
  test_framework_name: 'Playwright',
  test_framework_version: '1.61.0',
  test_logs: [],
  test_hooks_finished: {},
  test_hooks_started: {},
  test_uuid: '24fc1cb5-6795-43bf-a771-6e343a728139',
  test_result: 'pending',
  automate_session_name: 'e2e/login.spec.ts - wrong password shows error',
  test_file_path: '/Users/tsl/Documents/projects/qa-automation/tests/e2e/login.spec.ts',
  test_id: '537b83cfbdf14afda252-f54344e0c95999009928',
  test_name: 'wrong password shows error',
  test_location: '/Users/tsl/Documents/projects/qa-automation/tests/e2e/login.spec.ts',
  test_code: 'async ({\n' +
    '  page\n' +
    '}) => {\n' +
    '  const loginPage = new _login.LoginPage(page);\n' +
    '  await loginPage.login(_user.Usernames.STANDARD, _user.Passwords.WRONG_PASSWORD);\n' +
    '  await (0, _test.expect)(loginPage.getErrorBanner()).toBeVisible();\n' +
    '}',
  test_tags: [],
  test_started_at: '2026-07-02T13:55:55.009Z',
  test_scope: 'e2e/login.spec.ts - wrong password shows error',
  test_scopes: [],
  test_rerun_name: ' -latest:Windows 11-browserstack e2e/login.spec.ts wrong password shows error'
}
2026-07-02 15:55:56 - [32minfo[39m: [GrpcClient] Sending TestSessionEvent
2026-07-02 15:55:56 - [32minfo[39m: [GrpcClient] TestSessionEvent request successful
2026-07-02 15:55:56 - [32minfo[39m: [ObservabilityModule] onBeforeTest: TEST REPORTING AND ANALYTICS sync done
2026-07-02 15:55:57 - [32minfo[39m: getting screenshots results.
2026-07-02 15:55:57 - [32minfo[39m: [GrpcClient] Sending LogCreatedEvent
2026-07-02 15:55:57 - [32minfo[39m: [GrpcClient] Sending TestFrameworkEvent
2026-07-02 15:55:57 - [32minfo[39m: [GrpcClient] LogCreatedEvent request successful
2026-07-02 15:55:57 - [32minfo[39m: [GrpcClient] Sending TestFrameworkEvent
2026-07-02 15:55:57 - [32minfo[39m: [GrpcClient] TestFrameworkEvent request successful
2026-07-02 15:55:57 - [32minfo[39m: [GrpcClient] TestFrameworkEvent request successful
2026-07-02 15:55:57 - [32minfo[39m: [PlaywrightDriverModule] markSessionStatusViaRestApi: PUT https://api.browserstack.com/automate/sessions/26295321ad92712d2977ed663a4aa98534b616dc.json status=passed
2026-07-02 15:55:57 - [32minfo[39m: [PlaywrightAutomationFramework] trackPlaywrightInstance: instance already exists
2026-07-02 15:55:57 - [32minfo[39m: [PlaywrightAutomationFramework] trackPlaywrightInstance: instance already exists
2026-07-02 15:55:57 - [32minfo[39m: [GrpcClient] Sending TestSessionEvent
2026-07-02 15:55:57 - [32minfo[39m: [GrpcClient] TestSessionEvent request successful
2026-07-02 15:55:57 - [32minfo[39m: [ObservabilityModule] onBeforeTest: TEST REPORTING AND ANALYTICS sync done
2026-07-02 15:55:57 - [32minfo[39m: getting screenshots results.
2026-07-02 15:55:57 - [32minfo[39m: [GrpcClient] Sending LogCreatedEvent
2026-07-02 15:55:57 - [32minfo[39m: [GrpcClient] Sending TestFrameworkEvent
2026-07-02 15:55:57 - [32minfo[39m: [GrpcClient] LogCreatedEvent request successful
2026-07-02 15:55:57 - [32minfo[39m: [GrpcClient] Sending TestFrameworkEvent
2026-07-02 15:55:57 - [32minfo[39m: [GrpcClient] TestFrameworkEvent request successful
2026-07-02 15:55:57 - [32minfo[39m: [GrpcClient] TestFrameworkEvent request successful
2026-07-02 15:55:57 - [32minfo[39m: [PlaywrightAutomationFramework] trackPlaywrightInstance: instance already exists
2026-07-02 15:55:57 - [33mwarn[39m: Accessibility Automation will run only on Chrome or ChromeForTesting browsers.
2026-07-02 15:55:57 - [32minfo[39m: [Accessibility] afterTestHook state: accessibilityPlatform=false, bstackA11yShouldScan=true
2026-07-02 15:55:57 - [32minfo[39m: [PlaywrightAutomationFramework] trackPlaywrightInstance: instance already exists
2026-07-02 15:55:57 - [32minfo[39m: [PlaywrightAutomationFramework] trackPlaywrightInstance: instance already exists
2026-07-02 15:55:57 - [32minfo[39m: [GrpcClient] Sending TestSessionEvent
2026-07-02 15:55:57 - [32minfo[39m: [GrpcClient] Sending TestSessionEvent
2026-07-02 15:55:57 - [32minfo[39m: [GrpcClient] TestSessionEvent request successful
2026-07-02 15:55:57 - [32minfo[39m: [GrpcClient] TestSessionEvent request successful
2026-07-02 15:55:58 - [32minfo[39m: [ObservabilityModule] onBeforeTest: TEST REPORTING AND ANALYTICS sync done
2026-07-02 15:55:58 - [32minfo[39m: [ObservabilityModule] onBeforeTest: TEST REPORTING AND ANALYTICS sync done
2026-07-02 15:55:58 - [32minfo[39m: [PlaywrightDriverModule] testId: 537b83cfbdf14afda252-0bd5001251d09742046f
2026-07-02 15:55:58 - [32minfo[39m: [PlaywrightDriverModule] testData from onAfterTest: {
  uuid: '1bdc46c4-36fd-4bee-af0a-c319d465f0b9',
  test_framework_name: 'Playwright',
  test_framework_version: '1.61.0',
  test_logs: [],
  test_hooks_finished: {},
  test_hooks_started: {},
  test_uuid: '1bdc46c4-36fd-4bee-af0a-c319d465f0b9',
  test_result: 'pending',
  automate_session_name: 'e2e/login.spec.ts - locked user login shows error',
  test_file_path: '/Users/tsl/Documents/projects/qa-automation/tests/e2e/login.spec.ts',
  test_id: '537b83cfbdf14afda252-0bd5001251d09742046f',
  test_name: 'locked user login shows error',
  test_location: '/Users/tsl/Documents/projects/qa-automation/tests/e2e/login.spec.ts',
  test_code: 'async ({\n' +
    '  page\n' +
    '}) => {\n' +
    '  const loginPage = new _login.LoginPage(page);\n' +
    '  const banner = loginPage.getErrorBanner();\n' +
    '  await loginPage.login(_user.Usernames.LOCKED_OUT, _user.Passwords.STANDARD_PASSWORD);\n' +
    '  await (0, _test.expect)(page).toHaveURL(/saucedemo\\.com\\/$/);\n' +
    '  await (0, _test.expect)(banner).toBeVisible();\n' +
    '  await (0, _test.expect)(banner).toContainText(_login2.LoginMessages.LOCKED_OUT);\n' +
    '}',
  test_tags: [],
  test_started_at: '2026-07-02T13:55:56.390Z',
  test_scope: 'e2e/login.spec.ts - locked user login shows error',
  test_scopes: [],
  test_rerun_name: ' -latest:OSX Ventura-browserstack e2e/login.spec.ts locked user login shows error'
}
2026-07-02 15:55:58 - [32minfo[39m: [GrpcClient] Sending TestSessionEvent
2026-07-02 15:55:58 - [32minfo[39m: [GrpcClient] TestSessionEvent request successful
2026-07-02 15:55:58 - [32minfo[39m: [PlaywrightDriverModule] markSessionStatusViaRestApi: PUT https://api.browserstack.com/automate/sessions/d18cd1918ec8959c93eb9d99c142a11adec6eb60.json status=passed
2026-07-02 15:55:58 - [33mwarn[39m: Accessibility Automation will run only on Chrome or ChromeForTesting browsers.
2026-07-02 15:55:58 - [32minfo[39m: [Accessibility] afterTestHook state: accessibilityPlatform=false, bstackA11yShouldScan=true
2026-07-02 15:55:58 - [32minfo[39m: [PlaywrightAutomationFramework] trackPlaywrightInstance: instance already exists
2026-07-02 15:55:58 - [32minfo[39m: [GrpcClient] Sending TestSessionEvent
2026-07-02 15:55:58 - [32minfo[39m: [GrpcClient] TestSessionEvent request successful
2026-07-02 15:55:58 - [32minfo[39m: [ObservabilityModule] onBeforeTest: TEST REPORTING AND ANALYTICS sync done
2026-07-02 15:55:58 - [32minfo[39m: getting screenshots results.
2026-07-02 15:55:58 - [32minfo[39m: [GrpcClient] Sending LogCreatedEvent
2026-07-02 15:55:58 - [32minfo[39m: [GrpcClient] LogCreatedEvent request successful
2026-07-02 15:55:58 - [32minfo[39m: [GrpcClient] Sending TestFrameworkEvent
2026-07-02 15:55:58 - [32minfo[39m: [GrpcClient] TestFrameworkEvent request successful
2026-07-02 15:55:59 - [32minfo[39m: Automate test case execution has ended. Processing for accessibility testing is underway. 
2026-07-02 15:55:59 - [33mwarn[39m: Not a valid Accessibility Automation session for playwright-page, cannot perform scan with retry.
2026-07-02 15:55:59 - [33mwarn[39m: Not a valid Accessibility Automation session for playwright-page, cannot save accessibility results with retry.
2026-07-02 15:55:59 - [32minfo[39m: Accessibility testing for this test case has ended.
2026-07-02 15:55:59 - [32minfo[39m: [PlaywrightDriverModule] testId: 537b83cfbdf14afda252-f97246ce5c6f33f1a704
2026-07-02 15:55:59 - [32minfo[39m: [PlaywrightDriverModule] testData from onAfterTest: {
  uuid: 'd6dc7e36-e846-44b2-8c6a-65ce1d893883',
  test_framework_name: 'Playwright',
  test_framework_version: '1.61.0',
  test_logs: [],
  test_hooks_finished: {},
  test_hooks_started: {},
  test_uuid: 'd6dc7e36-e846-44b2-8c6a-65ce1d893883',
  test_result: 'pending',
  automate_session_name: 'e2e/login.spec.ts - wrong password shows error',
  test_file_path: '/Users/tsl/Documents/projects/qa-automation/tests/e2e/login.spec.ts',
  test_id: '537b83cfbdf14afda252-f97246ce5c6f33f1a704',
  test_name: 'wrong password shows error',
  test_location: '/Users/tsl/Documents/projects/qa-automation/tests/e2e/login.spec.ts',
  test_code: 'async ({\n' +
    '  page\n' +
    '}) => {\n' +
    '  const loginPage = new _login.LoginPage(page);\n' +
    '  await loginPage.login(_user.Usernames.STANDARD, _user.Passwords.WRONG_PASSWORD);\n' +
    '  await (0, _test.expect)(loginPage.getErrorBanner()).toBeVisible();\n' +
    '}',
  test_tags: [],
  test_started_at: '2026-07-02T13:55:57.106Z',
  test_scope: 'e2e/login.spec.ts - wrong password shows error',
  test_scopes: [],
  test_rerun_name: ' -latest:Windows 11-browserstack e2e/login.spec.ts wrong password shows error'
}
2026-07-02 15:55:59 - [32minfo[39m: [GrpcClient] Sending TestSessionEvent
2026-07-02 15:55:59 - [32minfo[39m: [GrpcClient] TestSessionEvent request successful
2026-07-02 15:55:59 - [32minfo[39m: [Accessibility] afterTestHook state: accessibilityPlatform=false, bstackA11yShouldScan=true
2026-07-02 15:55:59 - [32minfo[39m: [PlaywrightAutomationFramework] trackPlaywrightInstance: instance already exists
2026-07-02 15:55:59 - [32minfo[39m: [GrpcClient] Sending TestSessionEvent
2026-07-02 15:55:59 - [32minfo[39m: [GrpcClient] TestSessionEvent request successful
2026-07-02 15:55:59 - [32minfo[39m: [ObservabilityModule] onBeforeTest: TEST REPORTING AND ANALYTICS sync done
2026-07-02 15:55:59 - [32minfo[39m: [PlaywrightDriverModule] markSessionStatusViaRestApi: PUT https://api.browserstack.com/automate/sessions/6beaf968c3c819cb625f1ebe10ce1aae944938af.json status=passed
2026-07-02 15:55:59 - [32minfo[39m: [PlaywrightDriverModule] testId: 537b83cfbdf14afda252-718fbb77e918c549a6ef
2026-07-02 15:55:59 - [32minfo[39m: [PlaywrightDriverModule] testData from onAfterTest: {
  uuid: '33a9b6e1-1b82-4cdc-8261-804de4c1aa05',
  test_framework_name: 'Playwright',
  test_framework_version: '1.61.0',
  test_logs: [],
  test_hooks_finished: {},
  test_hooks_started: {},
  test_uuid: '33a9b6e1-1b82-4cdc-8261-804de4c1aa05',
  test_result: 'pending',
  automate_session_name: 'e2e/login.spec.ts - locked user login shows error',
  test_file_path: '/Users/tsl/Documents/projects/qa-automation/tests/e2e/login.spec.ts',
  test_id: '537b83cfbdf14afda252-718fbb77e918c549a6ef',
  test_name: 'locked user login shows error',
  test_location: '/Users/tsl/Documents/projects/qa-automation/tests/e2e/login.spec.ts',
  test_code: 'async ({\n' +
    '  page\n' +
    '}) => {\n' +
    '  const loginPage = new _login.LoginPage(page);\n' +
    '  const banner = loginPage.getErrorBanner();\n' +
    '  await loginPage.login(_user.Usernames.LOCKED_OUT, _user.Passwords.STANDARD_PASSWORD);\n' +
    '  await (0, _test.expect)(page).toHaveURL(/saucedemo\\.com\\/$/);\n' +
    '  await (0, _test.expect)(banner).toBeVisible();\n' +
    '  await (0, _test.expect)(banner).toContainText(_login2.LoginMessages.LOCKED_OUT);\n' +
    '}',
  test_tags: [],
  test_started_at: '2026-07-02T13:55:57.697Z',
  test_scope: 'e2e/login.spec.ts - locked user login shows error',
  test_scopes: [],
  test_rerun_name: ' -latest:Windows 11-browserstack e2e/login.spec.ts locked user login shows error'
}
2026-07-02 15:55:59 - [32minfo[39m: [GrpcClient] Sending TestSessionEvent
2026-07-02 15:55:59 - [32minfo[39m: [GrpcClient] TestSessionEvent request successful
2026-07-02 15:55:59 - [32minfo[39m: getting screenshots results.
2026-07-02 15:55:59 - [32minfo[39m: [GrpcClient] Sending LogCreatedEvent
2026-07-02 15:55:59 - [32minfo[39m: [GrpcClient] Sending TestFrameworkEvent
2026-07-02 15:55:59 - [32minfo[39m: [GrpcClient] LogCreatedEvent request successful
2026-07-02 15:55:59 - [32minfo[39m: [GrpcClient] Sending TestFrameworkEvent
2026-07-02 15:55:59 - [32minfo[39m: [GrpcClient] TestFrameworkEvent request successful
2026-07-02 15:55:59 - [32minfo[39m: [GrpcClient] TestFrameworkEvent request successful
2026-07-02 15:55:59 - [32minfo[39m: [PlaywrightDriverModule] markSessionStatusViaRestApi: PUT https://api.browserstack.com/automate/sessions/26295321ad92712d2977ed663a4aa98534b616dc.json status=passed
2026-07-02 15:55:59 - [32minfo[39m: [PlaywrightAutomationFramework] trackPlaywrightInstance: instance already exists
2026-07-02 15:56:00 - [32minfo[39m: getting screenshots results.
2026-07-02 15:56:00 - [32minfo[39m: [GrpcClient] Sending LogCreatedEvent
2026-07-02 15:56:00 - [32minfo[39m: [GrpcClient] LogCreatedEvent request successful
2026-07-02 15:56:00 - [32minfo[39m: [GrpcClient] Sending TestFrameworkEvent
2026-07-02 15:56:00 - [32minfo[39m: [GrpcClient] TestFrameworkEvent request successful
2026-07-02 15:56:00 - [32minfo[39m: [PlaywrightAutomationFramework] trackPlaywrightInstance: instance already exists
2026-07-02 15:56:00 - [32minfo[39m: [GrpcClient] Sending TestSessionEvent
2026-07-02 15:56:00 - [32minfo[39m: [GrpcClient] TestSessionEvent request successful
2026-07-02 15:56:00 - [32minfo[39m: [ObservabilityModule] onBeforeTest: TEST REPORTING AND ANALYTICS sync done
2026-07-02 15:56:01 - [33mwarn[39m: Accessibility Automation will run only on Chrome or ChromeForTesting browsers.
2026-07-02 15:56:01 - [32minfo[39m: [Accessibility] afterTestHook state: accessibilityPlatform=false, bstackA11yShouldScan=true
2026-07-02 15:56:01 - [32minfo[39m: [PlaywrightAutomationFramework] trackPlaywrightInstance: instance already exists
2026-07-02 15:56:01 - [32minfo[39m: [GrpcClient] Sending TestSessionEvent
2026-07-02 15:56:01 - [32minfo[39m: [GrpcClient] TestSessionEvent request successful
2026-07-02 15:56:01 - [32minfo[39m: [ObservabilityModule] onBeforeTest: TEST REPORTING AND ANALYTICS sync done
2026-07-02 15:56:02 - [32minfo[39m: [PlaywrightDriverModule] testId: 537b83cfbdf14afda252-c99d43c50a18b930bc40
2026-07-02 15:56:02 - [32minfo[39m: [PlaywrightDriverModule] testData from onAfterTest: {
  uuid: '652ac654-93cf-4964-97b8-5428db69df84',
  test_framework_name: 'Playwright',
  test_framework_version: '1.61.0',
  test_logs: [],
  test_hooks_finished: {},
  test_hooks_started: {},
  test_uuid: '652ac654-93cf-4964-97b8-5428db69df84',
  test_result: 'pending',
  automate_session_name: 'e2e/login.spec.ts - locked user login shows error',
  test_file_path: '/Users/tsl/Documents/projects/qa-automation/tests/e2e/login.spec.ts',
  test_id: '537b83cfbdf14afda252-c99d43c50a18b930bc40',
  test_name: 'locked user login shows error',
  test_location: '/Users/tsl/Documents/projects/qa-automation/tests/e2e/login.spec.ts',
  test_code: 'async ({\n' +
    '  page\n' +
    '}) => {\n' +
    '  const loginPage = new _login.LoginPage(page);\n' +
    '  const banner = loginPage.getErrorBanner();\n' +
    '  await loginPage.login(_user.Usernames.LOCKED_OUT, _user.Passwords.STANDARD_PASSWORD);\n' +
    '  await (0, _test.expect)(page).toHaveURL(/saucedemo\\.com\\/$/);\n' +
    '  await (0, _test.expect)(banner).toBeVisible();\n' +
    '  await (0, _test.expect)(banner).toContainText(_login2.LoginMessages.LOCKED_OUT);\n' +
    '}',
  test_tags: [],
  test_started_at: '2026-07-02T13:55:59.777Z',
  test_scope: 'e2e/login.spec.ts - locked user login shows error',
  test_scopes: [],
  test_rerun_name: ' -latest:Windows 11-browserstack e2e/login.spec.ts locked user login shows error'
}
2026-07-02 15:56:02 - [32minfo[39m: [GrpcClient] Sending TestSessionEvent
2026-07-02 15:56:02 - [32minfo[39m: [GrpcClient] TestSessionEvent request successful
2026-07-02 15:56:02 - [32minfo[39m: [PlaywrightDriverModule] markSessionStatusViaRestApi: PUT https://api.browserstack.com/automate/sessions/6beaf968c3c819cb625f1ebe10ce1aae944938af.json status=passed
2026-07-02 15:56:02 - [32minfo[39m: getting screenshots results.
2026-07-02 15:56:02 - [32minfo[39m: [GrpcClient] Sending LogCreatedEvent
2026-07-02 15:56:02 - [32minfo[39m: [GrpcClient] LogCreatedEvent request successful
2026-07-02 15:56:02 - [32minfo[39m: [GrpcClient] Sending TestFrameworkEvent
2026-07-02 15:56:02 - [32minfo[39m: [GrpcClient] TestFrameworkEvent request successful
2026-07-02 15:56:02 - [32minfo[39m: [BrowserstackCLI] stop: CLI stop triggered
2026-07-02 15:56:02 - [32minfo[39m: [GrpcClient] Stopping bin session
2026-07-02 15:56:04 - [32minfo[39m: [GrpcClient] StopBinSession successful
2026-07-02 15:56:04 - [32minfo[39m: stop: stopBinSession build_link=https://automate.browserstack.com/dashboard/v2/builds/dfa7e5a8979273ff9efacdb7ec95f22adc3d5246 hashed_id=dfa7e5a8979273ff9efacdb7ec95f22adc3d5246 o11y_uuid=cbrqsqzkphewfqk90smvvhjcaw2dazbdo0odxbjb
2026-07-02 15:56:04 - [32minfo[39m: [BrowserstackCLI] Unconfiguring modules
2026-07-02 15:56:04 - [32minfo[39m: [BrowserstackCLI] stop: channel closed
2026-07-02 15:56:09 - [32minfo[39m: [BrowserstackCLI] stop: shutting down CLI
2026-07-02 15:56:09 - [32minfo[39m: [BrowserstackCLI] stop: CLI process exited
2026-07-02 15:56:09 - [32minfo[39m: Visit https://automation.browserstack.com/builds/cbrqsqzkphewfqk90smvvhjcaw2dazbdo0odxbjb to view build report, insights, and many more debugging information all at one place!

2026-07-02 15:56:10 - [32minfo[39m: View build on BrowserStack dashboard: https://automate.browserstack.com/dashboard/v2/builds/dfa7e5a8979273ff9efacdb7ec95f22adc3d5246
2026-07-02 15:56:10 - [32minfo[39m: SDK run ended for id: e136eb99-de3a-4c37-b811-f61e46864e16, testhub id: cbrqsqzkphewfqk90smvvhjcaw2dazbdo0odxbjb
2026-07-02 15:56:12 - [32minfo[39m: Deleting /Users/tsl/Documents/projects/qa-automation/playwright-browserstack-sdk.config.ts
2026-07-02 15:56:12 - [32minfo[39m: [BrowserstackCLI] stop: CLI is not running, skipping stop
2026-07-02 16:05:30 - [32minfo[39m: Reading configs from /Users/tsl/Documents/projects/qa-automation/browserstack.yml
2026-07-02 16:05:30 - [32minfo[39m: Log Directory has been set to /Users/tsl/Documents/projects/qa-automation/log
2026-07-02 16:05:30 - [32minfo[39m: Running SDK with args /opt/homebrew/Cellar/node/26.0.0/bin/node /Users/tsl/Documents/projects/qa-automation/node_modules/.bin/browserstack-node-sdk playwright test tests/e2e/login.spec.ts --config=playwright.browserstack.config.ts
2026-07-02 16:05:30 - [32minfo[39m: SDK run started with id: c576e717-17c4-4a85-8c81-40c7937f2056
2026-07-02 16:05:30 - [32minfo[39m: Project and debug logs are captured by default. To disable, set disableAutoCaptureLogs: true in config.
2026-07-02 16:05:31 - [32minfo[39m: [BrowserstackCLI] startMain: Starting main process
2026-07-02 16:05:31 - [32minfo[39m: [CLIUtils] Current CLI Path Found: /Users/tsl/.browserstack/cli/binary-macos-arm64
2026-07-02 16:05:32 - [32minfo[39m: [BrowserstackCLI] spawning command='/Users/tsl/.browserstack/cli/binary-macos-arm64,sdk'
2026-07-02 16:05:32 - [32minfo[39m: [BrowserstackCLI] CLI params loaded: {"id":"6070ad92-7b0a-431b-9aef-3a7defc6ce59","listen":"unix:/tmp/sdk-platform-6070ad92-7b0a-431b-9aef-3a7defc6ce59.sock"}
2026-07-02 16:05:32 - [32minfo[39m: [GrpcClient] Connected to gRPC server at unix:/tmp/sdk-platform-6070ad92-7b0a-431b-9aef-3a7defc6ce59.sock
2026-07-02 16:05:32 - [32minfo[39m: [GrpcClient] Initialized gRPC client with bin session id: 6070ad92-7b0a-431b-9aef-3a7defc6ce59 and listen address: unix:/tmp/sdk-platform-6070ad92-7b0a-431b-9aef-3a7defc6ce59.sock
2026-07-02 16:05:32 - [32minfo[39m: [GrpcClient] startBinSession: Calling startBinSession
2026-07-02 16:05:32 - [32minfo[39m: [GrpcClient] setCliArgs: cliArgs=["playwright","test","tests/e2e/login.spec.ts"], parsedConfig=[]
2026-07-02 16:05:34 - [32minfo[39m: [GrpcClient] StartBinSession successful
2026-07-02 16:05:34 - [32minfo[39m: [BrowserstackCLI] loadModules: Loading modules
2026-07-02 16:05:34 - [32minfo[39m: [BrowserstackCLI] loadModules: binSessionId=6070ad92-7b0a-431b-9aef-3a7defc6ce59
2026-07-02 16:05:34 - [32minfo[39m: [BrowserstackCLI] loading Modules.
2026-07-02 16:05:34 - [32minfo[39m: [BrowserstackCLI] setCliArgs: cliArgs=["playwright","test","tests/e2e/login.spec.ts"]
2026-07-02 16:05:34 - [32minfo[39m: [BrowserstackCLI] Accessibility success=false
2026-07-02 16:05:35 - [32minfo[39m: [BrowserstackCLI] Starting as child process with session ID: 6070ad92-7b0a-431b-9aef-3a7defc6ce59
2026-07-02 16:05:35 - [32minfo[39m: [GrpcClient] Connected to gRPC server at unix:/tmp/sdk-platform-6070ad92-7b0a-431b-9aef-3a7defc6ce59.sock
2026-07-02 16:05:35 - [32minfo[39m: [GrpcClient] Connecting bin session
2026-07-02 16:05:35 - [32minfo[39m: [GrpcClient] ConnectBinSession successful
2026-07-02 16:05:35 - [32minfo[39m: [BrowserstackCLI] loadModules: Loading modules
2026-07-02 16:05:35 - [32minfo[39m: [BrowserstackCLI] loadModules: binSessionId=6070ad92-7b0a-431b-9aef-3a7defc6ce59
2026-07-02 16:05:35 - [32minfo[39m: [BrowserstackCLI] loading Modules.
2026-07-02 16:05:35 - [32minfo[39m: [BrowserstackCLI] Accessibility success=false
2026-07-02 16:05:35 - [32minfo[39m: [GrpcClient] Getting Playwright config
2026-07-02 16:05:35 - [32minfo[39m: [GrpcClient] PlaywrightConfig request successful
2026-07-02 16:05:35 - [32minfo[39m: Setting up TestInfo directory at /Users/tsl/Documents/projects/qa-automation/log/.obs_test_details-default
2026-07-02 16:05:35 - [32minfo[39m: [PlaywrightTestFramework] trackPlaywrightInstance: created instance for target=80420:0, state=TestFrameworkState.INIT_TEST
2026-07-02 16:05:35 - [32minfo[39m: [PlaywrightTestFramework] trackPlaywrightInstance: saved instance contextId=8a497b3e475fd0a0c7c9e81a6f2266902ec8990b2b78592e697fdf277e0821bf target=80420:0
2026-07-02 16:05:36 - [32minfo[39m: [BrowserstackCLI] Starting as child process with session ID: 6070ad92-7b0a-431b-9aef-3a7defc6ce59
2026-07-02 16:05:36 - [32minfo[39m: [BrowserstackCLI] Starting as child process with session ID: 6070ad92-7b0a-431b-9aef-3a7defc6ce59
2026-07-02 16:05:36 - [32minfo[39m: [GrpcClient] Connected to gRPC server at unix:/tmp/sdk-platform-6070ad92-7b0a-431b-9aef-3a7defc6ce59.sock
2026-07-02 16:05:36 - [32minfo[39m: [GrpcClient] Connecting bin session
2026-07-02 16:05:36 - [32minfo[39m: [GrpcClient] Connected to gRPC server at unix:/tmp/sdk-platform-6070ad92-7b0a-431b-9aef-3a7defc6ce59.sock
2026-07-02 16:05:36 - [32minfo[39m: [GrpcClient] Connecting bin session
2026-07-02 16:05:36 - [32minfo[39m: [BrowserstackCLI] Starting as child process with session ID: 6070ad92-7b0a-431b-9aef-3a7defc6ce59
2026-07-02 16:05:36 - [32minfo[39m: [GrpcClient] Connected to gRPC server at unix:/tmp/sdk-platform-6070ad92-7b0a-431b-9aef-3a7defc6ce59.sock
2026-07-02 16:05:36 - [32minfo[39m: [GrpcClient] Connecting bin session
2026-07-02 16:05:36 - [32minfo[39m: [GrpcClient] ConnectBinSession successful
2026-07-02 16:05:36 - [32minfo[39m: [GrpcClient] ConnectBinSession successful
2026-07-02 16:05:36 - [32minfo[39m: [GrpcClient] ConnectBinSession successful
2026-07-02 16:05:36 - [32minfo[39m: [BrowserstackCLI] loadModules: Loading modules
2026-07-02 16:05:36 - [32minfo[39m: [BrowserstackCLI] loadModules: binSessionId=6070ad92-7b0a-431b-9aef-3a7defc6ce59
2026-07-02 16:05:36 - [32minfo[39m: [BrowserstackCLI] loading Modules.
2026-07-02 16:05:36 - [32minfo[39m: [BrowserstackCLI] Accessibility success=false
2026-07-02 16:05:36 - [32minfo[39m: [GrpcClient] Getting Playwright config
2026-07-02 16:05:36 - [32minfo[39m: [BrowserstackCLI] loadModules: Loading modules
2026-07-02 16:05:36 - [32minfo[39m: [BrowserstackCLI] loadModules: binSessionId=6070ad92-7b0a-431b-9aef-3a7defc6ce59
2026-07-02 16:05:36 - [32minfo[39m: [BrowserstackCLI] loading Modules.
2026-07-02 16:05:36 - [32minfo[39m: [BrowserstackCLI] Accessibility success=false
2026-07-02 16:05:36 - [32minfo[39m: [GrpcClient] Getting Playwright config
2026-07-02 16:05:36 - [32minfo[39m: [GrpcClient] PlaywrightConfig request successful
2026-07-02 16:05:36 - [32minfo[39m: [GrpcClient] PlaywrightConfig request successful
2026-07-02 16:05:36 - [32minfo[39m: [BrowserstackCLI] loadModules: Loading modules
2026-07-02 16:05:36 - [32minfo[39m: [BrowserstackCLI] loadModules: binSessionId=6070ad92-7b0a-431b-9aef-3a7defc6ce59
2026-07-02 16:05:36 - [32minfo[39m: [BrowserstackCLI] loading Modules.
2026-07-02 16:05:36 - [32minfo[39m: [BrowserstackCLI] Accessibility success=false
2026-07-02 16:05:36 - [32minfo[39m: [GrpcClient] Getting Playwright config
2026-07-02 16:05:36 - [32minfo[39m: [GrpcClient] PlaywrightConfig request successful
2026-07-02 16:05:36 - [32minfo[39m: [GrpcClient] Sending TestFrameworkEvent
2026-07-02 16:05:36 - [32minfo[39m: [GrpcClient] Sending TestFrameworkEvent
2026-07-02 16:05:36 - [32minfo[39m: [GrpcClient] Sending TestFrameworkEvent
2026-07-02 16:05:36 - [32minfo[39m: [BrowserstackCLI] Starting as child process with session ID: 6070ad92-7b0a-431b-9aef-3a7defc6ce59
2026-07-02 16:05:36 - [32minfo[39m: [BrowserstackCLI] Starting as child process with session ID: 6070ad92-7b0a-431b-9aef-3a7defc6ce59
2026-07-02 16:05:36 - [32minfo[39m: [GrpcClient] TestFrameworkEvent request successful
2026-07-02 16:05:36 - [32minfo[39m: [GrpcClient] TestFrameworkEvent request successful
2026-07-02 16:05:36 - [32minfo[39m: [GrpcClient] TestFrameworkEvent request successful
2026-07-02 16:05:36 - [32minfo[39m: [BrowserstackCLI] Starting as child process with session ID: 6070ad92-7b0a-431b-9aef-3a7defc6ce59
2026-07-02 16:05:36 - [32minfo[39m: [BrowserstackCLI] startChild: client and channel already exist, stopping here
2026-07-02 16:05:36 - [32minfo[39m: [PlaywrightAutomationFramework] trackPlaywrightInstance: created instance for target=80424:0, state=AutomationFrameworkState.CREATE
2026-07-02 16:05:36 - [32minfo[39m: [PlaywrightAutomationFramework] trackPlaywrightInstance: saved instance contextId=d9e7f349db2270d99c50c93d1f582c677d2c1b9ff4507a95c338455b3df64096 target=80424:0
2026-07-02 16:05:36 - [32minfo[39m: [BrowserstackCLI] startChild: client and channel already exist, stopping here
2026-07-02 16:05:36 - [32minfo[39m: [PlaywrightAutomationFramework] trackPlaywrightInstance: created instance for target=80425:0, state=AutomationFrameworkState.CREATE
2026-07-02 16:05:36 - [32minfo[39m: [PlaywrightAutomationFramework] trackPlaywrightInstance: saved instance contextId=26a26d1ef6a145c37e0815df473c579003114bd405df9480fbc0707364083815 target=80425:0
2026-07-02 16:05:36 - [32minfo[39m: [BrowserstackCLI] startChild: client and channel already exist, stopping here
2026-07-02 16:05:36 - [32minfo[39m: [PlaywrightAutomationFramework] trackPlaywrightInstance: created instance for target=80426:0, state=AutomationFrameworkState.CREATE
2026-07-02 16:05:36 - [32minfo[39m: [PlaywrightAutomationFramework] trackPlaywrightInstance: saved instance contextId=9eb9302398a526296aacefb9202fdabe8b3537887574664df33f0a4451975549 target=80426:0
2026-07-02 16:05:41 - [32minfo[39m: [PlaywrightAutomationFramework] trackPlaywrightInstance: instance already exists
2026-07-02 16:05:41 - [32minfo[39m: [PlaywrightAutomationFramework] trackPlaywrightInstance: instance already exists
2026-07-02 16:05:41 - [32minfo[39m: [GrpcClient] Sending DriverInit
2026-07-02 16:05:41 - [32minfo[39m: [GrpcClient] DriverInit request successful
2026-07-02 16:05:41 - [32minfo[39m: [PlaywrightAutomationFramework] trackPlaywrightInstance: instance already exists
2026-07-02 16:05:42 - [32minfo[39m: [PlaywrightAutomationFramework] trackPlaywrightInstance: instance already exists
2026-07-02 16:05:42 - [32minfo[39m: [GrpcClient] Sending TestSessionEvent
2026-07-02 16:05:42 - [32minfo[39m: [GrpcClient] TestSessionEvent request successful
2026-07-02 16:05:42 - [32minfo[39m: [ObservabilityModule] onBeforeTest: TEST REPORTING AND ANALYTICS sync done
2026-07-02 16:05:42 - [32minfo[39m: [PlaywrightAutomationFramework] trackPlaywrightInstance: instance already exists
2026-07-02 16:05:42 - [32minfo[39m: [PlaywrightAutomationFramework] trackPlaywrightInstance: instance already exists
2026-07-02 16:05:42 - [32minfo[39m: [GrpcClient] Sending DriverInit
2026-07-02 16:05:42 - [32minfo[39m: [GrpcClient] DriverInit request successful
2026-07-02 16:05:42 - [32minfo[39m: [PlaywrightAutomationFramework] trackPlaywrightInstance: instance already exists
2026-07-02 16:05:43 - [32minfo[39m: [PlaywrightAutomationFramework] trackPlaywrightInstance: instance already exists
2026-07-02 16:05:43 - [32minfo[39m: [GrpcClient] Sending TestSessionEvent
2026-07-02 16:05:43 - [32minfo[39m: [GrpcClient] TestSessionEvent request successful
2026-07-02 16:05:43 - [32minfo[39m: [ObservabilityModule] onBeforeTest: TEST REPORTING AND ANALYTICS sync done
2026-07-02 16:05:43 - [33mwarn[39m: Accessibility Automation will run only on Chrome or ChromeForTesting browsers.
2026-07-02 16:05:43 - [32minfo[39m: [Accessibility] afterTestHook state: accessibilityPlatform=false, bstackA11yShouldScan=true
2026-07-02 16:05:43 - [32minfo[39m: [PlaywrightAutomationFramework] trackPlaywrightInstance: instance already exists
2026-07-02 16:05:43 - [32minfo[39m: [GrpcClient] Sending TestSessionEvent
2026-07-02 16:05:43 - [32minfo[39m: [GrpcClient] TestSessionEvent request successful
2026-07-02 16:05:43 - [32minfo[39m: [ObservabilityModule] onBeforeTest: TEST REPORTING AND ANALYTICS sync done
2026-07-02 16:05:44 - [32minfo[39m: [PlaywrightDriverModule] testId: 537b83cfbdf14afda252-c10a54f5d3a608be0c88
2026-07-02 16:05:44 - [32minfo[39m: [PlaywrightDriverModule] testData from onAfterTest: {
  uuid: 'c38e50f5-d905-425a-ba26-1db02c040406',
  test_framework_name: 'Playwright',
  test_framework_version: '1.61.0',
  test_logs: [],
  test_hooks_finished: {},
  test_hooks_started: {},
  test_uuid: 'c38e50f5-d905-425a-ba26-1db02c040406',
  test_result: 'pending',
  automate_session_name: 'e2e/login.spec.ts - successful login redirects to products page',
  test_file_path: '/Users/tsl/Documents/projects/qa-automation/tests/e2e/login.spec.ts',
  test_id: '537b83cfbdf14afda252-c10a54f5d3a608be0c88',
  test_name: 'successful login redirects to products page',
  test_location: '/Users/tsl/Documents/projects/qa-automation/tests/e2e/login.spec.ts',
  test_code: 'async ({\n' +
    '  page\n' +
    '}) => {\n' +
    '  const loginPage = new _login.LoginPage(page);\n' +
    '  await loginPage.login(_user.Usernames.STANDARD, _user.Passwords.STANDARD_PASSWORD);\n' +
    '  await (0, _test.expect)(page).toHaveURL(/inventory/);\n' +
    '  await (0, _test.expect)(page.locator(".title")).toHaveText("Products");\n' +
    '}',
  test_tags: [],
  test_started_at: '2026-07-02T14:05:36.793Z',
  test_scope: 'e2e/login.spec.ts - successful login redirects to products page',
  test_scopes: [],
  test_rerun_name: ' -latest:OSX Ventura-browserstack e2e/login.spec.ts successful login redirects to products page'
}
2026-07-02 16:05:44 - [32minfo[39m: [GrpcClient] Sending TestSessionEvent
2026-07-02 16:05:44 - [32minfo[39m: [GrpcClient] TestSessionEvent request successful
2026-07-02 16:05:44 - [32minfo[39m: [PlaywrightDriverModule] markSessionStatusViaRestApi: PUT https://api.browserstack.com/automate/sessions/97e99023632d25c4aee615189e65f77f44b53e13.json status=passed
2026-07-02 16:05:44 - [32minfo[39m: Automate test case execution has ended. Processing for accessibility testing is underway. 
2026-07-02 16:05:44 - [33mwarn[39m: Not a valid Accessibility Automation session for playwright-page, cannot perform scan with retry.
2026-07-02 16:05:44 - [33mwarn[39m: Not a valid Accessibility Automation session for playwright-page, cannot save accessibility results with retry.
2026-07-02 16:05:44 - [32minfo[39m: Accessibility testing for this test case has ended.
2026-07-02 16:05:45 - [32minfo[39m: [Accessibility] afterTestHook state: accessibilityPlatform=false, bstackA11yShouldScan=true
2026-07-02 16:05:45 - [32minfo[39m: [PlaywrightAutomationFramework] trackPlaywrightInstance: instance already exists
2026-07-02 16:05:45 - [32minfo[39m: [GrpcClient] Sending TestSessionEvent
2026-07-02 16:05:45 - [32minfo[39m: [GrpcClient] TestSessionEvent request successful
2026-07-02 16:05:45 - [32minfo[39m: getting screenshots results.
2026-07-02 16:05:45 - [32minfo[39m: [GrpcClient] Sending LogCreatedEvent
2026-07-02 16:05:45 - [32minfo[39m: [GrpcClient] Sending TestFrameworkEvent
2026-07-02 16:05:45 - [32minfo[39m: [GrpcClient] LogCreatedEvent request successful
2026-07-02 16:05:45 - [32minfo[39m: [GrpcClient] Sending TestFrameworkEvent
2026-07-02 16:05:45 - [32minfo[39m: [GrpcClient] TestFrameworkEvent request successful
2026-07-02 16:05:45 - [32minfo[39m: [GrpcClient] TestFrameworkEvent request successful
2026-07-02 16:05:45 - [32minfo[39m: [ObservabilityModule] onBeforeTest: TEST REPORTING AND ANALYTICS sync done
2026-07-02 16:05:45 - [32minfo[39m: [PlaywrightAutomationFramework] trackPlaywrightInstance: instance already exists
2026-07-02 16:05:45 - [32minfo[39m: [PlaywrightDriverModule] testId: 537b83cfbdf14afda252-35b58795cca1dc249e25
2026-07-02 16:05:45 - [32minfo[39m: [PlaywrightDriverModule] testData from onAfterTest: {
  uuid: 'b0e15d8f-b402-4563-9c4c-c43a2661bcfe',
  test_framework_name: 'Playwright',
  test_framework_version: '1.61.0',
  test_logs: [],
  test_hooks_finished: {},
  test_hooks_started: {},
  test_uuid: 'b0e15d8f-b402-4563-9c4c-c43a2661bcfe',
  test_result: 'pending',
  automate_session_name: 'e2e/login.spec.ts - successful login redirects to products page',
  test_file_path: '/Users/tsl/Documents/projects/qa-automation/tests/e2e/login.spec.ts',
  test_id: '537b83cfbdf14afda252-35b58795cca1dc249e25',
  test_name: 'successful login redirects to products page',
  test_location: '/Users/tsl/Documents/projects/qa-automation/tests/e2e/login.spec.ts',
  test_code: 'async ({\n' +
    '  page\n' +
    '}) => {\n' +
    '  const loginPage = new _login.LoginPage(page);\n' +
    '  await loginPage.login(_user.Usernames.STANDARD, _user.Passwords.STANDARD_PASSWORD);\n' +
    '  await (0, _test.expect)(page).toHaveURL(/inventory/);\n' +
    '  await (0, _test.expect)(page.locator(".title")).toHaveText("Products");\n' +
    '}',
  test_tags: [],
  test_started_at: '2026-07-02T14:05:36.793Z',
  test_scope: 'e2e/login.spec.ts - successful login redirects to products page',
  test_scopes: [],
  test_rerun_name: ' -latest:Windows 11-browserstack e2e/login.spec.ts successful login redirects to products page'
}
2026-07-02 16:05:45 - [32minfo[39m: [GrpcClient] Sending TestSessionEvent
2026-07-02 16:05:45 - [32minfo[39m: [GrpcClient] TestSessionEvent request successful
2026-07-02 16:05:45 - [32minfo[39m: [PlaywrightAutomationFramework] trackPlaywrightInstance: instance already exists
2026-07-02 16:05:45 - [32minfo[39m: [GrpcClient] Sending TestSessionEvent
2026-07-02 16:05:45 - [32minfo[39m: [GrpcClient] TestSessionEvent request successful
2026-07-02 16:05:45 - [32minfo[39m: [ObservabilityModule] onBeforeTest: TEST REPORTING AND ANALYTICS sync done
2026-07-02 16:05:45 - [32minfo[39m: [PlaywrightDriverModule] markSessionStatusViaRestApi: PUT https://api.browserstack.com/automate/sessions/29d3f87a5b2de2ecbcf7d278a965828939071199.json status=passed
2026-07-02 16:05:46 - [32minfo[39m: [PlaywrightAutomationFramework] trackPlaywrightInstance: instance already exists
2026-07-02 16:05:46 - [32minfo[39m: [PlaywrightAutomationFramework] trackPlaywrightInstance: instance already exists
2026-07-02 16:05:46 - [32minfo[39m: [GrpcClient] Sending DriverInit
2026-07-02 16:05:46 - [32minfo[39m: [GrpcClient] DriverInit request successful
2026-07-02 16:05:46 - [32minfo[39m: [PlaywrightAutomationFramework] trackPlaywrightInstance: instance already exists
2026-07-02 16:05:46 - [33mwarn[39m: Accessibility Automation will run only on Chrome or ChromeForTesting browsers.
2026-07-02 16:05:46 - [32minfo[39m: getting screenshots results.
2026-07-02 16:05:46 - [32minfo[39m: [GrpcClient] Sending LogCreatedEvent
2026-07-02 16:05:46 - [32minfo[39m: [GrpcClient] Sending TestFrameworkEvent
2026-07-02 16:05:46 - [32minfo[39m: [Accessibility] afterTestHook state: accessibilityPlatform=false, bstackA11yShouldScan=true
2026-07-02 16:05:46 - [32minfo[39m: [GrpcClient] LogCreatedEvent request successful
2026-07-02 16:05:46 - [32minfo[39m: [GrpcClient] Sending TestFrameworkEvent
2026-07-02 16:05:46 - [32minfo[39m: [GrpcClient] TestFrameworkEvent request successful
2026-07-02 16:05:46 - [32minfo[39m: [PlaywrightAutomationFramework] trackPlaywrightInstance: instance already exists
2026-07-02 16:05:46 - [32minfo[39m: [GrpcClient] Sending TestSessionEvent
2026-07-02 16:05:46 - [32minfo[39m: [GrpcClient] TestFrameworkEvent request successful
2026-07-02 16:05:46 - [32minfo[39m: [GrpcClient] TestSessionEvent request successful
2026-07-02 16:05:46 - [32minfo[39m: [ObservabilityModule] onBeforeTest: TEST REPORTING AND ANALYTICS sync done
2026-07-02 16:05:46 - [32minfo[39m: [PlaywrightAutomationFramework] trackPlaywrightInstance: instance already exists
2026-07-02 16:05:46 - [32minfo[39m: [PlaywrightDriverModule] testId: 537b83cfbdf14afda252-d34d80b0ed6dd5276f24
2026-07-02 16:05:46 - [32minfo[39m: [PlaywrightDriverModule] testData from onAfterTest: {
  uuid: '07067d52-b8ff-47f0-85ba-c9e7e5172315',
  test_framework_name: 'Playwright',
  test_framework_version: '1.61.0',
  test_logs: [],
  test_hooks_finished: {},
  test_hooks_started: {},
  test_uuid: '07067d52-b8ff-47f0-85ba-c9e7e5172315',
  test_result: 'pending',
  automate_session_name: 'e2e/login.spec.ts - wrong password shows error',
  test_file_path: '/Users/tsl/Documents/projects/qa-automation/tests/e2e/login.spec.ts',
  test_id: '537b83cfbdf14afda252-d34d80b0ed6dd5276f24',
  test_name: 'wrong password shows error',
  test_location: '/Users/tsl/Documents/projects/qa-automation/tests/e2e/login.spec.ts',
  test_code: 'async ({\n' +
    '  page\n' +
    '}) => {\n' +
    '  const loginPage = new _login.LoginPage(page);\n' +
    '  await loginPage.login(_user.Usernames.STANDARD, _user.Passwords.WRONG_PASSWORD);\n' +
    '  await (0, _test.expect)(loginPage.getErrorBanner()).toBeVisible();\n' +
    '}',
  test_tags: [],
  test_started_at: '2026-07-02T14:05:45.169Z',
  test_scope: 'e2e/login.spec.ts - wrong password shows error',
  test_scopes: [],
  test_rerun_name: ' -latest:OSX Ventura-browserstack e2e/login.spec.ts wrong password shows error'
}
2026-07-02 16:05:46 - [32minfo[39m: [GrpcClient] Sending TestSessionEvent
2026-07-02 16:05:46 - [32minfo[39m: [GrpcClient] TestSessionEvent request successful
2026-07-02 16:05:46 - [32minfo[39m: [PlaywrightAutomationFramework] trackPlaywrightInstance: instance already exists
2026-07-02 16:05:46 - [32minfo[39m: [GrpcClient] Sending TestSessionEvent
2026-07-02 16:05:46 - [32minfo[39m: [GrpcClient] TestSessionEvent request successful
2026-07-02 16:05:47 - [32minfo[39m: [ObservabilityModule] onBeforeTest: TEST REPORTING AND ANALYTICS sync done
2026-07-02 16:05:47 - [32minfo[39m: [PlaywrightDriverModule] markSessionStatusViaRestApi: PUT https://api.browserstack.com/automate/sessions/97e99023632d25c4aee615189e65f77f44b53e13.json status=passed
2026-07-02 16:05:47 - [32minfo[39m: getting screenshots results.
2026-07-02 16:05:47 - [32minfo[39m: [GrpcClient] Sending LogCreatedEvent
2026-07-02 16:05:47 - [32minfo[39m: [GrpcClient] Sending TestFrameworkEvent
2026-07-02 16:05:47 - [32minfo[39m: [GrpcClient] LogCreatedEvent request successful
2026-07-02 16:05:47 - [32minfo[39m: [GrpcClient] Sending TestFrameworkEvent
2026-07-02 16:05:47 - [32minfo[39m: [GrpcClient] TestFrameworkEvent request successful
2026-07-02 16:05:47 - [32minfo[39m: [GrpcClient] TestFrameworkEvent request successful
2026-07-02 16:05:47 - [32minfo[39m: [PlaywrightAutomationFramework] trackPlaywrightInstance: instance already exists
2026-07-02 16:05:47 - [32minfo[39m: [GrpcClient] Sending TestSessionEvent
2026-07-02 16:05:47 - [32minfo[39m: [GrpcClient] TestSessionEvent request successful
2026-07-02 16:05:47 - [32minfo[39m: [PlaywrightAutomationFramework] trackPlaywrightInstance: instance already exists
2026-07-02 16:05:47 - [32minfo[39m: [ObservabilityModule] onBeforeTest: TEST REPORTING AND ANALYTICS sync done
2026-07-02 16:05:47 - [32minfo[39m: Automate test case execution has ended. Processing for accessibility testing is underway. 
2026-07-02 16:05:47 - [33mwarn[39m: Not a valid Accessibility Automation session for playwright-page, cannot perform scan with retry.
2026-07-02 16:05:47 - [33mwarn[39m: Not a valid Accessibility Automation session for playwright-page, cannot save accessibility results with retry.
2026-07-02 16:05:47 - [32minfo[39m: Accessibility testing for this test case has ended.
2026-07-02 16:05:48 - [32minfo[39m: [PlaywrightAutomationFramework] trackPlaywrightInstance: instance already exists
2026-07-02 16:05:48 - [32minfo[39m: [GrpcClient] Sending TestSessionEvent
2026-07-02 16:05:48 - [32minfo[39m: [GrpcClient] TestSessionEvent request successful
2026-07-02 16:05:48 - [32minfo[39m: [ObservabilityModule] onBeforeTest: TEST REPORTING AND ANALYTICS sync done
2026-07-02 16:05:48 - [32minfo[39m: [Accessibility] afterTestHook state: accessibilityPlatform=false, bstackA11yShouldScan=true
2026-07-02 16:05:48 - [32minfo[39m: [PlaywrightAutomationFramework] trackPlaywrightInstance: instance already exists
2026-07-02 16:05:48 - [32minfo[39m: [GrpcClient] Sending TestSessionEvent
2026-07-02 16:05:48 - [32minfo[39m: [GrpcClient] TestSessionEvent request successful
2026-07-02 16:05:48 - [32minfo[39m: [ObservabilityModule] onBeforeTest: TEST REPORTING AND ANALYTICS sync done
2026-07-02 16:05:48 - [32minfo[39m: [PlaywrightDriverModule] testId: 537b83cfbdf14afda252-f54344e0c95999009928
2026-07-02 16:05:48 - [32minfo[39m: [PlaywrightDriverModule] testData from onAfterTest: {
  uuid: '3442edf1-7bfc-4da1-b56a-dfe6b0b4d9f1',
  test_framework_name: 'Playwright',
  test_framework_version: '1.61.0',
  test_logs: [],
  test_hooks_finished: {},
  test_hooks_started: {},
  test_uuid: '3442edf1-7bfc-4da1-b56a-dfe6b0b4d9f1',
  test_result: 'pending',
  automate_session_name: 'e2e/login.spec.ts - wrong password shows error',
  test_file_path: '/Users/tsl/Documents/projects/qa-automation/tests/e2e/login.spec.ts',
  test_id: '537b83cfbdf14afda252-f54344e0c95999009928',
  test_name: 'wrong password shows error',
  test_location: '/Users/tsl/Documents/projects/qa-automation/tests/e2e/login.spec.ts',
  test_code: 'async ({\n' +
    '  page\n' +
    '}) => {\n' +
    '  const loginPage = new _login.LoginPage(page);\n' +
    '  await loginPage.login(_user.Usernames.STANDARD, _user.Passwords.WRONG_PASSWORD);\n' +
    '  await (0, _test.expect)(loginPage.getErrorBanner()).toBeVisible();\n' +
    '}',
  test_tags: [],
  test_started_at: '2026-07-02T14:05:46.611Z',
  test_scope: 'e2e/login.spec.ts - wrong password shows error',
  test_scopes: [],
  test_rerun_name: ' -latest:Windows 11-browserstack e2e/login.spec.ts wrong password shows error'
}
2026-07-02 16:05:48 - [32minfo[39m: [GrpcClient] Sending TestSessionEvent
2026-07-02 16:05:48 - [32minfo[39m: [GrpcClient] TestSessionEvent request successful
2026-07-02 16:05:48 - [32minfo[39m: [PlaywrightDriverModule] markSessionStatusViaRestApi: PUT https://api.browserstack.com/automate/sessions/29d3f87a5b2de2ecbcf7d278a965828939071199.json status=passed
2026-07-02 16:05:49 - [32minfo[39m: getting screenshots results.
2026-07-02 16:05:49 - [32minfo[39m: [GrpcClient] Sending LogCreatedEvent
2026-07-02 16:05:49 - [32minfo[39m: [GrpcClient] Sending TestFrameworkEvent
2026-07-02 16:05:49 - [32minfo[39m: [GrpcClient] LogCreatedEvent request successful
2026-07-02 16:05:49 - [32minfo[39m: [GrpcClient] Sending TestFrameworkEvent
2026-07-02 16:05:49 - [32minfo[39m: [GrpcClient] TestFrameworkEvent request successful
2026-07-02 16:05:49 - [32minfo[39m: [GrpcClient] TestFrameworkEvent request successful
2026-07-02 16:05:49 - [33mwarn[39m: Accessibility Automation will run only on Chrome or ChromeForTesting browsers.
2026-07-02 16:05:49 - [32minfo[39m: [PlaywrightAutomationFramework] trackPlaywrightInstance: instance already exists
2026-07-02 16:05:49 - [32minfo[39m: [Accessibility] afterTestHook state: accessibilityPlatform=false, bstackA11yShouldScan=true
2026-07-02 16:05:49 - [32minfo[39m: [PlaywrightAutomationFramework] trackPlaywrightInstance: instance already exists
2026-07-02 16:05:49 - [32minfo[39m: [GrpcClient] Sending TestSessionEvent
2026-07-02 16:05:49 - [32minfo[39m: [GrpcClient] TestSessionEvent request successful
2026-07-02 16:05:49 - [32minfo[39m: [ObservabilityModule] onBeforeTest: TEST REPORTING AND ANALYTICS sync done
2026-07-02 16:05:49 - [32minfo[39m: [PlaywrightAutomationFramework] trackPlaywrightInstance: instance already exists
2026-07-02 16:05:49 - [32minfo[39m: [GrpcClient] Sending TestSessionEvent
2026-07-02 16:05:49 - [32minfo[39m: [GrpcClient] TestSessionEvent request successful
2026-07-02 16:05:49 - [32minfo[39m: [ObservabilityModule] onBeforeTest: TEST REPORTING AND ANALYTICS sync done
2026-07-02 16:05:49 - [32minfo[39m: [PlaywrightDriverModule] testId: 537b83cfbdf14afda252-0bd5001251d09742046f
2026-07-02 16:05:49 - [32minfo[39m: [PlaywrightDriverModule] testData from onAfterTest: {
  uuid: 'de7e2f63-ecd9-4afc-88b2-15799dc85eae',
  test_framework_name: 'Playwright',
  test_framework_version: '1.61.0',
  test_logs: [],
  test_hooks_finished: {},
  test_hooks_started: {},
  test_uuid: 'de7e2f63-ecd9-4afc-88b2-15799dc85eae',
  test_result: 'pending',
  automate_session_name: 'e2e/login.spec.ts - locked user login shows error',
  test_file_path: '/Users/tsl/Documents/projects/qa-automation/tests/e2e/login.spec.ts',
  test_id: '537b83cfbdf14afda252-0bd5001251d09742046f',
  test_name: 'locked user login shows error',
  test_location: '/Users/tsl/Documents/projects/qa-automation/tests/e2e/login.spec.ts',
  test_code: 'async ({\n' +
    '  page\n' +
    '}) => {\n' +
    '  const loginPage = new _login.LoginPage(page);\n' +
    '  const banner = loginPage.getErrorBanner();\n' +
    '  await loginPage.login(_user.Usernames.LOCKED_OUT, _user.Passwords.STANDARD_PASSWORD);\n' +
    '  await (0, _test.expect)(page).toHaveURL(/saucedemo\\.com\\/$/);\n' +
    '  await (0, _test.expect)(banner).toBeVisible();\n' +
    '  await (0, _test.expect)(banner).toContainText(_login2.LoginMessages.LOCKED_OUT);\n' +
    '}',
  test_tags: [],
  test_started_at: '2026-07-02T14:05:47.610Z',
  test_scope: 'e2e/login.spec.ts - locked user login shows error',
  test_scopes: [],
  test_rerun_name: ' -latest:OSX Ventura-browserstack e2e/login.spec.ts locked user login shows error'
}
2026-07-02 16:05:49 - [32minfo[39m: [GrpcClient] Sending TestSessionEvent
2026-07-02 16:05:49 - [32minfo[39m: [GrpcClient] TestSessionEvent request successful
2026-07-02 16:05:49 - [33mwarn[39m: Accessibility Automation will run only on Chrome or ChromeForTesting browsers.
2026-07-02 16:05:49 - [32minfo[39m: [PlaywrightDriverModule] markSessionStatusViaRestApi: PUT https://api.browserstack.com/automate/sessions/97e99023632d25c4aee615189e65f77f44b53e13.json status=passed
2026-07-02 16:05:49 - [32minfo[39m: [Accessibility] afterTestHook state: accessibilityPlatform=false, bstackA11yShouldScan=true
2026-07-02 16:05:49 - [32minfo[39m: [PlaywrightAutomationFramework] trackPlaywrightInstance: instance already exists
2026-07-02 16:05:49 - [32minfo[39m: [GrpcClient] Sending TestSessionEvent
2026-07-02 16:05:49 - [32minfo[39m: [GrpcClient] TestSessionEvent request successful
2026-07-02 16:05:49 - [32minfo[39m: [ObservabilityModule] onBeforeTest: TEST REPORTING AND ANALYTICS sync done
2026-07-02 16:05:50 - [32minfo[39m: [PlaywrightDriverModule] testId: 537b83cfbdf14afda252-c1c8d9b26a60fe56273c
2026-07-02 16:05:50 - [32minfo[39m: [PlaywrightDriverModule] testData from onAfterTest: {
  uuid: 'c5105178-d34a-4351-9695-5cc9ffeb03f6',
  test_framework_name: 'Playwright',
  test_framework_version: '1.61.0',
  test_logs: [],
  test_hooks_finished: {},
  test_hooks_started: {},
  test_uuid: 'c5105178-d34a-4351-9695-5cc9ffeb03f6',
  test_result: 'pending',
  automate_session_name: 'e2e/login.spec.ts - successful login redirects to products page',
  test_file_path: '/Users/tsl/Documents/projects/qa-automation/tests/e2e/login.spec.ts',
  test_id: '537b83cfbdf14afda252-c1c8d9b26a60fe56273c',
  test_name: 'successful login redirects to products page',
  test_location: '/Users/tsl/Documents/projects/qa-automation/tests/e2e/login.spec.ts',
  test_code: 'async ({\n' +
    '  page\n' +
    '}) => {\n' +
    '  const loginPage = new _login.LoginPage(page);\n' +
    '  await loginPage.login(_user.Usernames.STANDARD, _user.Passwords.STANDARD_PASSWORD);\n' +
    '  await (0, _test.expect)(page).toHaveURL(/inventory/);\n' +
    '  await (0, _test.expect)(page.locator(".title")).toHaveText("Products");\n' +
    '}',
  test_tags: [],
  test_started_at: '2026-07-02T14:05:36.797Z',
  test_scope: 'e2e/login.spec.ts - successful login redirects to products page',
  test_scopes: [],
  test_rerun_name: ' -latest:Windows 11-browserstack e2e/login.spec.ts successful login redirects to products page'
}
2026-07-02 16:05:50 - [32minfo[39m: [GrpcClient] Sending TestSessionEvent
2026-07-02 16:05:50 - [32minfo[39m: [GrpcClient] TestSessionEvent request successful
2026-07-02 16:05:50 - [32minfo[39m: Automate test case execution has ended. Processing for accessibility testing is underway. 
2026-07-02 16:05:50 - [33mwarn[39m: Not a valid Accessibility Automation session for playwright-page, cannot perform scan with retry.
2026-07-02 16:05:50 - [33mwarn[39m: Not a valid Accessibility Automation session for playwright-page, cannot save accessibility results with retry.
2026-07-02 16:05:50 - [32minfo[39m: Accessibility testing for this test case has ended.
2026-07-02 16:05:50 - [32minfo[39m: getting screenshots results.
2026-07-02 16:05:50 - [32minfo[39m: [GrpcClient] Sending LogCreatedEvent
2026-07-02 16:05:50 - [32minfo[39m: [GrpcClient] LogCreatedEvent request successful
2026-07-02 16:05:50 - [32minfo[39m: [GrpcClient] Sending TestFrameworkEvent
2026-07-02 16:05:50 - [32minfo[39m: [GrpcClient] TestFrameworkEvent request successful
2026-07-02 16:05:50 - [32minfo[39m: [Accessibility] afterTestHook state: accessibilityPlatform=false, bstackA11yShouldScan=true
2026-07-02 16:05:50 - [32minfo[39m: [PlaywrightAutomationFramework] trackPlaywrightInstance: instance already exists
2026-07-02 16:05:50 - [32minfo[39m: [GrpcClient] Sending TestSessionEvent
2026-07-02 16:05:50 - [32minfo[39m: [GrpcClient] TestSessionEvent request successful
2026-07-02 16:05:50 - [32minfo[39m: [PlaywrightDriverModule] markSessionStatusViaRestApi: PUT https://api.browserstack.com/automate/sessions/807a3f2cf747d935313f5717becbbe6cf2f62aa9.json status=passed
2026-07-02 16:05:50 - [32minfo[39m: [ObservabilityModule] onBeforeTest: TEST REPORTING AND ANALYTICS sync done
2026-07-02 16:05:50 - [32minfo[39m: [PlaywrightDriverModule] testId: 537b83cfbdf14afda252-718fbb77e918c549a6ef
2026-07-02 16:05:50 - [32minfo[39m: [PlaywrightDriverModule] testData from onAfterTest: {
  uuid: '3498bdf7-74a5-4710-9c17-c14a11af9fe7',
  test_framework_name: 'Playwright',
  test_framework_version: '1.61.0',
  test_logs: [],
  test_hooks_finished: {},
  test_hooks_started: {},
  test_uuid: '3498bdf7-74a5-4710-9c17-c14a11af9fe7',
  test_result: 'pending',
  automate_session_name: 'e2e/login.spec.ts - locked user login shows error',
  test_file_path: '/Users/tsl/Documents/projects/qa-automation/tests/e2e/login.spec.ts',
  test_id: '537b83cfbdf14afda252-718fbb77e918c549a6ef',
  test_name: 'locked user login shows error',
  test_location: '/Users/tsl/Documents/projects/qa-automation/tests/e2e/login.spec.ts',
  test_code: 'async ({\n' +
    '  page\n' +
    '}) => {\n' +
    '  const loginPage = new _login.LoginPage(page);\n' +
    '  const banner = loginPage.getErrorBanner();\n' +
    '  await loginPage.login(_user.Usernames.LOCKED_OUT, _user.Passwords.STANDARD_PASSWORD);\n' +
    '  await (0, _test.expect)(page).toHaveURL(/saucedemo\\.com\\/$/);\n' +
    '  await (0, _test.expect)(banner).toBeVisible();\n' +
    '  await (0, _test.expect)(banner).toContainText(_login2.LoginMessages.LOCKED_OUT);\n' +
    '}',
  test_tags: [],
  test_started_at: '2026-07-02T14:05:49.006Z',
  test_scope: 'e2e/login.spec.ts - locked user login shows error',
  test_scopes: [],
  test_rerun_name: ' -latest:Windows 11-browserstack e2e/login.spec.ts locked user login shows error'
}
2026-07-02 16:05:50 - [32minfo[39m: [GrpcClient] Sending TestSessionEvent
2026-07-02 16:05:50 - [32minfo[39m: [GrpcClient] TestSessionEvent request successful
2026-07-02 16:05:50 - [32minfo[39m: getting screenshots results.
2026-07-02 16:05:50 - [32minfo[39m: [GrpcClient] Sending LogCreatedEvent
2026-07-02 16:05:50 - [32minfo[39m: [GrpcClient] Sending TestFrameworkEvent
2026-07-02 16:05:50 - [32minfo[39m: [GrpcClient] LogCreatedEvent request successful
2026-07-02 16:05:50 - [32minfo[39m: [GrpcClient] Sending TestFrameworkEvent
2026-07-02 16:05:50 - [32minfo[39m: [GrpcClient] TestFrameworkEvent request successful
2026-07-02 16:05:50 - [32minfo[39m: [GrpcClient] TestFrameworkEvent request successful
2026-07-02 16:05:51 - [32minfo[39m: [PlaywrightAutomationFramework] trackPlaywrightInstance: instance already exists
2026-07-02 16:05:51 - [32minfo[39m: [PlaywrightDriverModule] markSessionStatusViaRestApi: PUT https://api.browserstack.com/automate/sessions/29d3f87a5b2de2ecbcf7d278a965828939071199.json status=passed
2026-07-02 16:05:51 - [32minfo[39m: [PlaywrightAutomationFramework] trackPlaywrightInstance: instance already exists
2026-07-02 16:05:51 - [32minfo[39m: [GrpcClient] Sending TestSessionEvent
2026-07-02 16:05:51 - [32minfo[39m: [GrpcClient] TestSessionEvent request successful
2026-07-02 16:05:51 - [32minfo[39m: getting screenshots results.
2026-07-02 16:05:51 - [32minfo[39m: [ObservabilityModule] onBeforeTest: TEST REPORTING AND ANALYTICS sync done
2026-07-02 16:05:51 - [32minfo[39m: [GrpcClient] Sending LogCreatedEvent
2026-07-02 16:05:51 - [32minfo[39m: [GrpcClient] LogCreatedEvent request successful
2026-07-02 16:05:51 - [32minfo[39m: [GrpcClient] Sending TestFrameworkEvent
2026-07-02 16:05:51 - [32minfo[39m: [GrpcClient] TestFrameworkEvent request successful
2026-07-02 16:05:52 - [33mwarn[39m: Accessibility Automation will run only on Chrome or ChromeForTesting browsers.
2026-07-02 16:05:52 - [32minfo[39m: [Accessibility] afterTestHook state: accessibilityPlatform=false, bstackA11yShouldScan=true
2026-07-02 16:05:52 - [32minfo[39m: [PlaywrightAutomationFramework] trackPlaywrightInstance: instance already exists
2026-07-02 16:05:52 - [32minfo[39m: [GrpcClient] Sending TestSessionEvent
2026-07-02 16:05:52 - [32minfo[39m: [GrpcClient] TestSessionEvent request successful
2026-07-02 16:05:52 - [32minfo[39m: [ObservabilityModule] onBeforeTest: TEST REPORTING AND ANALYTICS sync done
2026-07-02 16:05:53 - [32minfo[39m: [PlaywrightDriverModule] testId: 537b83cfbdf14afda252-f97246ce5c6f33f1a704
2026-07-02 16:05:53 - [32minfo[39m: [PlaywrightDriverModule] testData from onAfterTest: {
  uuid: 'd656dc2e-243a-4e67-a6fb-d7e3cc2936f4',
  test_framework_name: 'Playwright',
  test_framework_version: '1.61.0',
  test_logs: [],
  test_hooks_finished: {},
  test_hooks_started: {},
  test_uuid: 'd656dc2e-243a-4e67-a6fb-d7e3cc2936f4',
  test_result: 'pending',
  automate_session_name: 'e2e/login.spec.ts - wrong password shows error',
  test_file_path: '/Users/tsl/Documents/projects/qa-automation/tests/e2e/login.spec.ts',
  test_id: '537b83cfbdf14afda252-f97246ce5c6f33f1a704',
  test_name: 'wrong password shows error',
  test_location: '/Users/tsl/Documents/projects/qa-automation/tests/e2e/login.spec.ts',
  test_code: 'async ({\n' +
    '  page\n' +
    '}) => {\n' +
    '  const loginPage = new _login.LoginPage(page);\n' +
    '  await loginPage.login(_user.Usernames.STANDARD, _user.Passwords.WRONG_PASSWORD);\n' +
    '  await (0, _test.expect)(loginPage.getErrorBanner()).toBeVisible();\n' +
    '}',
  test_tags: [],
  test_started_at: '2026-07-02T14:05:50.924Z',
  test_scope: 'e2e/login.spec.ts - wrong password shows error',
  test_scopes: [],
  test_rerun_name: ' -latest:Windows 11-browserstack e2e/login.spec.ts wrong password shows error'
}
2026-07-02 16:05:53 - [32minfo[39m: [GrpcClient] Sending TestSessionEvent
2026-07-02 16:05:53 - [32minfo[39m: [GrpcClient] TestSessionEvent request successful
2026-07-02 16:05:53 - [32minfo[39m: [PlaywrightDriverModule] markSessionStatusViaRestApi: PUT https://api.browserstack.com/automate/sessions/807a3f2cf747d935313f5717becbbe6cf2f62aa9.json status=passed
2026-07-02 16:05:54 - [32minfo[39m: getting screenshots results.
2026-07-02 16:05:54 - [32minfo[39m: [GrpcClient] Sending LogCreatedEvent
2026-07-02 16:05:54 - [32minfo[39m: [GrpcClient] Sending TestFrameworkEvent
2026-07-02 16:05:54 - [32minfo[39m: [GrpcClient] LogCreatedEvent request successful
2026-07-02 16:05:54 - [32minfo[39m: [GrpcClient] Sending TestFrameworkEvent
2026-07-02 16:05:54 - [32minfo[39m: [GrpcClient] TestFrameworkEvent request successful
2026-07-02 16:05:54 - [32minfo[39m: [GrpcClient] TestFrameworkEvent request successful
2026-07-02 16:05:54 - [32minfo[39m: [PlaywrightAutomationFramework] trackPlaywrightInstance: instance already exists
2026-07-02 16:05:54 - [32minfo[39m: [PlaywrightAutomationFramework] trackPlaywrightInstance: instance already exists
2026-07-02 16:05:54 - [32minfo[39m: [GrpcClient] Sending TestSessionEvent
2026-07-02 16:05:54 - [32minfo[39m: [GrpcClient] TestSessionEvent request successful
2026-07-02 16:05:54 - [32minfo[39m: [ObservabilityModule] onBeforeTest: TEST REPORTING AND ANALYTICS sync done
2026-07-02 16:05:56 - [33mwarn[39m: Accessibility Automation will run only on Chrome or ChromeForTesting browsers.
2026-07-02 16:05:56 - [32minfo[39m: [Accessibility] afterTestHook state: accessibilityPlatform=false, bstackA11yShouldScan=true
2026-07-02 16:05:56 - [32minfo[39m: [PlaywrightAutomationFramework] trackPlaywrightInstance: instance already exists
2026-07-02 16:05:56 - [32minfo[39m: [GrpcClient] Sending TestSessionEvent
2026-07-02 16:05:56 - [32minfo[39m: [GrpcClient] TestSessionEvent request successful
2026-07-02 16:05:56 - [32minfo[39m: [ObservabilityModule] onBeforeTest: TEST REPORTING AND ANALYTICS sync done
2026-07-02 16:05:56 - [32minfo[39m: [PlaywrightDriverModule] testId: 537b83cfbdf14afda252-c99d43c50a18b930bc40
2026-07-02 16:05:56 - [32minfo[39m: [PlaywrightDriverModule] testData from onAfterTest: {
  uuid: 'a095f060-36d7-4aae-9a14-09a28e59b007',
  test_framework_name: 'Playwright',
  test_framework_version: '1.61.0',
  test_logs: [],
  test_hooks_finished: {},
  test_hooks_started: {},
  test_uuid: 'a095f060-36d7-4aae-9a14-09a28e59b007',
  test_result: 'pending',
  automate_session_name: 'e2e/login.spec.ts - locked user login shows error',
  test_file_path: '/Users/tsl/Documents/projects/qa-automation/tests/e2e/login.spec.ts',
  test_id: '537b83cfbdf14afda252-c99d43c50a18b930bc40',
  test_name: 'locked user login shows error',
  test_location: '/Users/tsl/Documents/projects/qa-automation/tests/e2e/login.spec.ts',
  test_code: 'async ({\n' +
    '  page\n' +
    '}) => {\n' +
    '  const loginPage = new _login.LoginPage(page);\n' +
    '  const banner = loginPage.getErrorBanner();\n' +
    '  await loginPage.login(_user.Usernames.LOCKED_OUT, _user.Passwords.STANDARD_PASSWORD);\n' +
    '  await (0, _test.expect)(page).toHaveURL(/saucedemo\\.com\\/$/);\n' +
    '  await (0, _test.expect)(banner).toBeVisible();\n' +
    '  await (0, _test.expect)(banner).toContainText(_login2.LoginMessages.LOCKED_OUT);\n' +
    '}',
  test_tags: [],
  test_started_at: '2026-07-02T14:05:54.226Z',
  test_scope: 'e2e/login.spec.ts - locked user login shows error',
  test_scopes: [],
  test_rerun_name: ' -latest:Windows 11-browserstack e2e/login.spec.ts locked user login shows error'
}
2026-07-02 16:05:56 - [32minfo[39m: [GrpcClient] Sending TestSessionEvent
2026-07-02 16:05:56 - [32minfo[39m: [GrpcClient] TestSessionEvent request successful
2026-07-02 16:05:57 - [32minfo[39m: [PlaywrightDriverModule] markSessionStatusViaRestApi: PUT https://api.browserstack.com/automate/sessions/807a3f2cf747d935313f5717becbbe6cf2f62aa9.json status=passed
2026-07-02 16:05:57 - [32minfo[39m: getting screenshots results.
2026-07-02 16:05:57 - [32minfo[39m: [GrpcClient] Sending LogCreatedEvent
2026-07-02 16:05:57 - [32minfo[39m: [GrpcClient] LogCreatedEvent request successful
2026-07-02 16:05:57 - [32minfo[39m: [GrpcClient] Sending TestFrameworkEvent
2026-07-02 16:05:57 - [32minfo[39m: [GrpcClient] TestFrameworkEvent request successful
2026-07-02 16:05:57 - [32minfo[39m: [BrowserstackCLI] stop: CLI stop triggered
2026-07-02 16:05:57 - [32minfo[39m: [GrpcClient] Stopping bin session
2026-07-02 16:05:59 - [32minfo[39m: [GrpcClient] StopBinSession successful
2026-07-02 16:05:59 - [32minfo[39m: stop: stopBinSession build_link=https://automate.browserstack.com/dashboard/v2/builds/b0a212cb6e09baa091d384c495e84ca7d73b50ef hashed_id=b0a212cb6e09baa091d384c495e84ca7d73b50ef o11y_uuid=jzldsjzv1y7atlyjzvjfaz6jiskme2rymlpytv4q
2026-07-02 16:05:59 - [32minfo[39m: [BrowserstackCLI] Unconfiguring modules
2026-07-02 16:05:59 - [32minfo[39m: [BrowserstackCLI] stop: channel closed
2026-07-02 16:06:04 - [32minfo[39m: [BrowserstackCLI] stop: shutting down CLI
2026-07-02 16:06:04 - [32minfo[39m: [BrowserstackCLI] stop: CLI process exited
2026-07-02 16:06:04 - [32minfo[39m: Visit https://automation.browserstack.com/builds/jzldsjzv1y7atlyjzvjfaz6jiskme2rymlpytv4q to view build report, insights, and many more debugging information all at one place!

2026-07-02 16:06:04 - [32minfo[39m: View build on BrowserStack dashboard: https://automate.browserstack.com/dashboard/v2/builds/b0a212cb6e09baa091d384c495e84ca7d73b50ef
2026-07-02 16:06:05 - [32minfo[39m: SDK run ended for id: c576e717-17c4-4a85-8c81-40c7937f2056, testhub id: jzldsjzv1y7atlyjzvjfaz6jiskme2rymlpytv4q
2026-07-02 16:06:07 - [32minfo[39m: Deleting /Users/tsl/Documents/projects/qa-automation/playwright-browserstack-sdk.config.ts
2026-07-02 16:06:07 - [32minfo[39m: [BrowserstackCLI] stop: CLI is not running, skipping stop
2026-07-04 20:58:40 - [32minfo[39m: Reading configs from /Users/tsl/Documents/projects/qa-automation/browserstack.yml
2026-07-04 20:58:40 - [32minfo[39m: Log Directory has been set to /Users/tsl/Documents/projects/qa-automation/log
2026-07-04 20:58:40 - [32minfo[39m: Running SDK with args /opt/homebrew/Cellar/node/26.0.0/bin/node /Users/tsl/Documents/projects/qa-automation/node_modules/.bin/browserstack-node-sdk playwright test tests/e2e/login.spec.ts --config=playwright.browserstack.config.ts
2026-07-04 20:58:40 - [32minfo[39m: SDK run started with id: 32e2bfb3-9f98-4048-a85e-63e1f56a5a88
2026-07-04 20:58:41 - [32minfo[39m: Project and debug logs are captured by default. To disable, set disableAutoCaptureLogs: true in config.
2026-07-04 20:58:41 - [32minfo[39m: [BrowserstackCLI] startMain: Starting main process
2026-07-04 20:58:41 - [32minfo[39m: [CLIUtils] Current CLI Path Found: /Users/tsl/.browserstack/cli/binary-macos-arm64
2026-07-04 20:58:44 - [32minfo[39m: [BrowserstackCLI] spawning command='/Users/tsl/.browserstack/cli/binary-macos-arm64,sdk'
2026-07-04 20:58:45 - [32minfo[39m: [BrowserstackCLI] CLI params loaded: {"id":"63cd1b3e-95ed-4c82-8175-d404736715f9","listen":"unix:/tmp/sdk-platform-63cd1b3e-95ed-4c82-8175-d404736715f9.sock"}
2026-07-04 20:58:45 - [32minfo[39m: [GrpcClient] Connected to gRPC server at unix:/tmp/sdk-platform-63cd1b3e-95ed-4c82-8175-d404736715f9.sock
2026-07-04 20:58:45 - [32minfo[39m: [GrpcClient] Initialized gRPC client with bin session id: 63cd1b3e-95ed-4c82-8175-d404736715f9 and listen address: unix:/tmp/sdk-platform-63cd1b3e-95ed-4c82-8175-d404736715f9.sock
2026-07-04 20:58:45 - [32minfo[39m: [GrpcClient] startBinSession: Calling startBinSession
2026-07-04 20:58:45 - [32minfo[39m: [GrpcClient] setCliArgs: cliArgs=["playwright","test","tests/e2e/login.spec.ts"], parsedConfig=[]
2026-07-04 20:58:47 - [32minfo[39m: [GrpcClient] StartBinSession successful
2026-07-04 20:58:47 - [32minfo[39m: [BrowserstackCLI] loadModules: Loading modules
2026-07-04 20:58:47 - [32minfo[39m: [BrowserstackCLI] loadModules: binSessionId=63cd1b3e-95ed-4c82-8175-d404736715f9
2026-07-04 20:58:47 - [32minfo[39m: [BrowserstackCLI] loading Modules.
2026-07-04 20:58:47 - [32minfo[39m: [BrowserstackCLI] setCliArgs: cliArgs=["playwright","test","tests/e2e/login.spec.ts"]
2026-07-04 20:58:47 - [32minfo[39m: [BrowserstackCLI] Accessibility success=false
2026-07-04 20:58:48 - [32minfo[39m: [BrowserstackCLI] Starting as child process with session ID: 63cd1b3e-95ed-4c82-8175-d404736715f9
2026-07-04 20:58:48 - [32minfo[39m: [GrpcClient] Connected to gRPC server at unix:/tmp/sdk-platform-63cd1b3e-95ed-4c82-8175-d404736715f9.sock
2026-07-04 20:58:48 - [32minfo[39m: [GrpcClient] Connecting bin session
2026-07-04 20:58:49 - [32minfo[39m: [GrpcClient] ConnectBinSession successful
2026-07-04 20:58:49 - [32minfo[39m: [BrowserstackCLI] loadModules: Loading modules
2026-07-04 20:58:49 - [32minfo[39m: [BrowserstackCLI] loadModules: binSessionId=63cd1b3e-95ed-4c82-8175-d404736715f9
2026-07-04 20:58:49 - [32minfo[39m: [BrowserstackCLI] loading Modules.
2026-07-04 20:58:49 - [32minfo[39m: [BrowserstackCLI] Accessibility success=false
2026-07-04 20:58:49 - [32minfo[39m: [GrpcClient] Getting Playwright config
2026-07-04 20:58:49 - [32minfo[39m: [GrpcClient] PlaywrightConfig request successful
2026-07-04 20:58:49 - [32minfo[39m: Setting up TestInfo directory at /Users/tsl/Documents/projects/qa-automation/log/.obs_test_details-default
2026-07-04 20:58:49 - [32minfo[39m: [PlaywrightTestFramework] trackPlaywrightInstance: created instance for target=7867:0, state=TestFrameworkState.INIT_TEST
2026-07-04 20:58:49 - [32minfo[39m: [PlaywrightTestFramework] trackPlaywrightInstance: saved instance contextId=82272a8571fa41befa76cf74efeb8d3f21c5a82679d5abe42761c518ec456a57 target=7867:0
2026-07-04 20:58:49 - [32minfo[39m: [BrowserstackCLI] Starting as child process with session ID: 63cd1b3e-95ed-4c82-8175-d404736715f9
2026-07-04 20:58:49 - [32minfo[39m: [BrowserstackCLI] Starting as child process with session ID: 63cd1b3e-95ed-4c82-8175-d404736715f9
2026-07-04 20:58:49 - [32minfo[39m: [GrpcClient] Connected to gRPC server at unix:/tmp/sdk-platform-63cd1b3e-95ed-4c82-8175-d404736715f9.sock
2026-07-04 20:58:49 - [32minfo[39m: [GrpcClient] Connecting bin session
2026-07-04 20:58:49 - [32minfo[39m: [GrpcClient] Connected to gRPC server at unix:/tmp/sdk-platform-63cd1b3e-95ed-4c82-8175-d404736715f9.sock
2026-07-04 20:58:49 - [32minfo[39m: [GrpcClient] Connecting bin session
2026-07-04 20:58:49 - [32minfo[39m: [BrowserstackCLI] Starting as child process with session ID: 63cd1b3e-95ed-4c82-8175-d404736715f9
2026-07-04 20:58:49 - [32minfo[39m: [GrpcClient] ConnectBinSession successful
2026-07-04 20:58:49 - [32minfo[39m: [GrpcClient] ConnectBinSession successful
2026-07-04 20:58:49 - [32minfo[39m: [GrpcClient] Connected to gRPC server at unix:/tmp/sdk-platform-63cd1b3e-95ed-4c82-8175-d404736715f9.sock
2026-07-04 20:58:49 - [32minfo[39m: [GrpcClient] Connecting bin session
2026-07-04 20:58:49 - [32minfo[39m: [GrpcClient] ConnectBinSession successful
2026-07-04 20:58:49 - [32minfo[39m: [BrowserstackCLI] loadModules: Loading modules
2026-07-04 20:58:49 - [32minfo[39m: [BrowserstackCLI] loadModules: binSessionId=63cd1b3e-95ed-4c82-8175-d404736715f9
2026-07-04 20:58:49 - [32minfo[39m: [BrowserstackCLI] loading Modules.
2026-07-04 20:58:49 - [32minfo[39m: [BrowserstackCLI] Accessibility success=false
2026-07-04 20:58:49 - [32minfo[39m: [GrpcClient] Getting Playwright config
2026-07-04 20:58:49 - [32minfo[39m: [BrowserstackCLI] loadModules: Loading modules
2026-07-04 20:58:49 - [32minfo[39m: [BrowserstackCLI] loadModules: binSessionId=63cd1b3e-95ed-4c82-8175-d404736715f9
2026-07-04 20:58:49 - [32minfo[39m: [BrowserstackCLI] loading Modules.
2026-07-04 20:58:49 - [32minfo[39m: [BrowserstackCLI] Accessibility success=false
2026-07-04 20:58:49 - [32minfo[39m: [GrpcClient] Getting Playwright config
2026-07-04 20:58:49 - [32minfo[39m: [GrpcClient] PlaywrightConfig request successful
2026-07-04 20:58:49 - [32minfo[39m: [GrpcClient] PlaywrightConfig request successful
2026-07-04 20:58:49 - [32minfo[39m: [BrowserstackCLI] loadModules: Loading modules
2026-07-04 20:58:49 - [32minfo[39m: [BrowserstackCLI] loadModules: binSessionId=63cd1b3e-95ed-4c82-8175-d404736715f9
2026-07-04 20:58:49 - [32minfo[39m: [BrowserstackCLI] loading Modules.
2026-07-04 20:58:49 - [32minfo[39m: [BrowserstackCLI] Accessibility success=false
2026-07-04 20:58:49 - [32minfo[39m: [GrpcClient] Getting Playwright config
2026-07-04 20:58:49 - [32minfo[39m: [GrpcClient] PlaywrightConfig request successful
2026-07-04 20:58:49 - [32minfo[39m: [GrpcClient] Sending TestFrameworkEvent
2026-07-04 20:58:49 - [32minfo[39m: [GrpcClient] Sending TestFrameworkEvent
2026-07-04 20:58:49 - [32minfo[39m: [GrpcClient] Sending TestFrameworkEvent
2026-07-04 20:58:49 - [32minfo[39m: [GrpcClient] TestFrameworkEvent request successful
2026-07-04 20:58:49 - [32minfo[39m: [BrowserstackCLI] Starting as child process with session ID: 63cd1b3e-95ed-4c82-8175-d404736715f9
2026-07-04 20:58:49 - [32minfo[39m: [GrpcClient] TestFrameworkEvent request successful
2026-07-04 20:58:49 - [32minfo[39m: [BrowserstackCLI] Starting as child process with session ID: 63cd1b3e-95ed-4c82-8175-d404736715f9
2026-07-04 20:58:49 - [32minfo[39m: [GrpcClient] TestFrameworkEvent request successful
2026-07-04 20:58:49 - [32minfo[39m: [BrowserstackCLI] Starting as child process with session ID: 63cd1b3e-95ed-4c82-8175-d404736715f9
2026-07-04 20:58:49 - [32minfo[39m: [BrowserstackCLI] startChild: client and channel already exist, stopping here
2026-07-04 20:58:49 - [32minfo[39m: [PlaywrightAutomationFramework] trackPlaywrightInstance: created instance for target=7872:0, state=AutomationFrameworkState.CREATE
2026-07-04 20:58:49 - [32minfo[39m: [PlaywrightAutomationFramework] trackPlaywrightInstance: saved instance contextId=6acf6153a636cab3bad32337c0e58e90dc8d244f34afc33c0ec79918fea2a543 target=7872:0
2026-07-04 20:58:49 - [32minfo[39m: [BrowserstackCLI] startChild: client and channel already exist, stopping here
2026-07-04 20:58:49 - [32minfo[39m: [PlaywrightAutomationFramework] trackPlaywrightInstance: created instance for target=7873:0, state=AutomationFrameworkState.CREATE
2026-07-04 20:58:49 - [32minfo[39m: [PlaywrightAutomationFramework] trackPlaywrightInstance: saved instance contextId=b6309b7731aa4ec22c23f73afc7efedea9a176ced0ebf5ef6d5e12cd82e39e69 target=7873:0
2026-07-04 20:58:49 - [32minfo[39m: [BrowserstackCLI] startChild: client and channel already exist, stopping here
2026-07-04 20:58:50 - [32minfo[39m: [PlaywrightAutomationFramework] trackPlaywrightInstance: created instance for target=7874:0, state=AutomationFrameworkState.CREATE
2026-07-04 20:58:50 - [32minfo[39m: [PlaywrightAutomationFramework] trackPlaywrightInstance: saved instance contextId=5bf42b2aee89857e23e99394996c381e013da3e3012f731a1e08697d459e8b7c target=7874:0
2026-07-04 20:58:50 - [32minfo[39m: [Accessibility] afterTestHook state: accessibilityPlatform=false, bstackA11yShouldScan=true
2026-07-04 20:58:50 - [32minfo[39m: [PlaywrightAutomationFramework] trackPlaywrightInstance: instance already exists
2026-07-04 20:58:50 - [32minfo[39m: [PlaywrightDriverModule] testId: 537b83cfbdf14afda252-35b58795cca1dc249e25
2026-07-04 20:58:50 - [32minfo[39m: [PlaywrightDriverModule] testData from onAfterTest: {
  uuid: '715e2616-0c68-4dee-8610-01da8d8662af',
  test_framework_name: 'Playwright',
  test_framework_version: '1.61.0',
  test_logs: [],
  test_hooks_finished: {},
  test_hooks_started: {},
  test_uuid: '715e2616-0c68-4dee-8610-01da8d8662af',
  test_result: 'pending',
  automate_session_name: 'e2e/login.spec.ts - successful login redirects to products page',
  test_file_path: '/Users/tsl/Documents/projects/qa-automation/tests/e2e/login.spec.ts',
  test_id: '537b83cfbdf14afda252-35b58795cca1dc249e25',
  test_name: 'successful login redirects to products page',
  test_location: '/Users/tsl/Documents/projects/qa-automation/tests/e2e/login.spec.ts',
  test_code: 'async ({\n' +
    '  page\n' +
    '}) => {\n' +
    '  const loginPage = new _login.LoginPage(page);\n' +
    '  await loginPage.login(_user.Usernames.STANDARD, _user.Passwords.STANDARD_PASSWORD);\n' +
    '  await (0, _test.expect)(page).toHaveURL(/inventory/);\n' +
    '  await (0, _test.expect)(page.locator(".title")).toHaveText("Products");\n' +
    '}',
  test_tags: [],
  test_started_at: '2026-07-04T18:58:49.955Z',
  test_scope: 'e2e/login.spec.ts - successful login redirects to products page',
  test_scopes: [],
  test_rerun_name: ' -latest:Windows 11-browserstack e2e/login.spec.ts successful login redirects to products page'
}
2026-07-04 20:58:50 - [32minfo[39m: [GrpcClient] Sending TestSessionEvent
2026-07-04 20:58:50 - [32minfo[39m: [GrpcClient] TestSessionEvent request successful
2026-07-04 20:58:50 - [32minfo[39m: getting screenshots results.
2026-07-04 20:58:50 - [32minfo[39m: [GrpcClient] Sending LogCreatedEvent
2026-07-04 20:58:50 - [32minfo[39m: [GrpcClient] LogCreatedEvent request successful
2026-07-04 20:58:50 - [32minfo[39m: [GrpcClient] Sending TestFrameworkEvent
2026-07-04 20:58:50 - [32minfo[39m: [GrpcClient] TestFrameworkEvent request successful
2026-07-04 20:58:51 - [32minfo[39m: [BrowserstackCLI] Starting as child process with session ID: 63cd1b3e-95ed-4c82-8175-d404736715f9
2026-07-04 20:58:51 - [32minfo[39m: [GrpcClient] Connected to gRPC server at unix:/tmp/sdk-platform-63cd1b3e-95ed-4c82-8175-d404736715f9.sock
2026-07-04 20:58:51 - [32minfo[39m: [GrpcClient] Connecting bin session
2026-07-04 20:58:51 - [32minfo[39m: [GrpcClient] ConnectBinSession successful
2026-07-04 20:58:51 - [32minfo[39m: [BrowserstackCLI] loadModules: Loading modules
2026-07-04 20:58:51 - [32minfo[39m: [BrowserstackCLI] loadModules: binSessionId=63cd1b3e-95ed-4c82-8175-d404736715f9
2026-07-04 20:58:51 - [32minfo[39m: [BrowserstackCLI] loading Modules.
2026-07-04 20:58:51 - [32minfo[39m: [BrowserstackCLI] Accessibility success=false
2026-07-04 20:58:51 - [32minfo[39m: [GrpcClient] Getting Playwright config
2026-07-04 20:58:51 - [32minfo[39m: [GrpcClient] PlaywrightConfig request successful
2026-07-04 20:58:51 - [32minfo[39m: [GrpcClient] Sending TestFrameworkEvent
2026-07-04 20:58:51 - [32minfo[39m: [GrpcClient] TestFrameworkEvent request successful
2026-07-04 20:58:51 - [32minfo[39m: [BrowserstackCLI] Starting as child process with session ID: 63cd1b3e-95ed-4c82-8175-d404736715f9
2026-07-04 20:58:51 - [32minfo[39m: [BrowserstackCLI] startChild: client and channel already exist, stopping here
2026-07-04 20:58:51 - [32minfo[39m: [PlaywrightAutomationFramework] trackPlaywrightInstance: created instance for target=7886:0, state=AutomationFrameworkState.CREATE
2026-07-04 20:58:51 - [32minfo[39m: [PlaywrightAutomationFramework] trackPlaywrightInstance: saved instance contextId=96deb28f063e33c46575caeeafc3493ba2fde8f7321930a6eddffce06ea7cc01 target=7886:0
2026-07-04 20:58:53 - [32minfo[39m: [Accessibility] afterTestHook state: accessibilityPlatform=false, bstackA11yShouldScan=true
2026-07-04 20:58:53 - [32minfo[39m: [PlaywrightAutomationFramework] trackPlaywrightInstance: instance already exists
2026-07-04 20:58:53 - [32minfo[39m: [PlaywrightDriverModule] testId: 537b83cfbdf14afda252-f54344e0c95999009928
2026-07-04 20:58:53 - [32minfo[39m: [PlaywrightDriverModule] testData from onAfterTest: {
  uuid: '8fc8faa5-4105-405f-b866-26c26734f876',
  test_framework_name: 'Playwright',
  test_framework_version: '1.61.0',
  test_logs: [],
  test_hooks_finished: {},
  test_hooks_started: {},
  test_uuid: '8fc8faa5-4105-405f-b866-26c26734f876',
  test_result: 'pending',
  automate_session_name: 'e2e/login.spec.ts - wrong password shows error',
  test_file_path: '/Users/tsl/Documents/projects/qa-automation/tests/e2e/login.spec.ts',
  test_id: '537b83cfbdf14afda252-f54344e0c95999009928',
  test_name: 'wrong password shows error',
  test_location: '/Users/tsl/Documents/projects/qa-automation/tests/e2e/login.spec.ts',
  test_code: 'async ({\n' +
    '  page\n' +
    '}) => {\n' +
    '  const loginPage = new _login.LoginPage(page);\n' +
    '  await loginPage.login(_user.Usernames.STANDARD, _user.Passwords.WRONG_PASSWORD);\n' +
    '  await (0, _test.expect)(loginPage.getErrorBanner()).toBeVisible();\n' +
    '}',
  test_tags: [],
  test_started_at: '2026-07-04T18:58:51.570Z',
  test_scope: 'e2e/login.spec.ts - wrong password shows error',
  test_scopes: [],
  test_rerun_name: ' -latest:Windows 11-browserstack e2e/login.spec.ts wrong password shows error'
}
2026-07-04 20:58:53 - [32minfo[39m: [GrpcClient] Sending TestSessionEvent
2026-07-04 20:58:53 - [32minfo[39m: [GrpcClient] TestSessionEvent request successful
2026-07-04 20:58:53 - [32minfo[39m: getting screenshots results.
2026-07-04 20:58:53 - [32minfo[39m: [GrpcClient] Sending LogCreatedEvent
2026-07-04 20:58:53 - [32minfo[39m: [GrpcClient] LogCreatedEvent request successful
2026-07-04 20:58:53 - [32minfo[39m: [GrpcClient] Sending TestFrameworkEvent
2026-07-04 20:58:53 - [32minfo[39m: [GrpcClient] TestFrameworkEvent request successful
2026-07-04 20:58:53 - [32minfo[39m: [PlaywrightAutomationFramework] trackPlaywrightInstance: instance already exists
2026-07-04 20:58:53 - [32minfo[39m: [PlaywrightAutomationFramework] trackPlaywrightInstance: instance already exists
2026-07-04 20:58:53 - [32minfo[39m: [GrpcClient] Sending DriverInit
2026-07-04 20:58:53 - [32minfo[39m: [GrpcClient] DriverInit request successful
2026-07-04 20:58:54 - [32minfo[39m: [BrowserstackCLI] Starting as child process with session ID: 63cd1b3e-95ed-4c82-8175-d404736715f9
2026-07-04 20:58:54 - [32minfo[39m: [GrpcClient] Connected to gRPC server at unix:/tmp/sdk-platform-63cd1b3e-95ed-4c82-8175-d404736715f9.sock
2026-07-04 20:58:54 - [32minfo[39m: [GrpcClient] Connecting bin session
2026-07-04 20:58:54 - [32minfo[39m: [GrpcClient] ConnectBinSession successful
2026-07-04 20:58:54 - [32minfo[39m: [BrowserstackCLI] loadModules: Loading modules
2026-07-04 20:58:54 - [32minfo[39m: [BrowserstackCLI] loadModules: binSessionId=63cd1b3e-95ed-4c82-8175-d404736715f9
2026-07-04 20:58:54 - [32minfo[39m: [BrowserstackCLI] loading Modules.
2026-07-04 20:58:54 - [32minfo[39m: [BrowserstackCLI] Accessibility success=false
2026-07-04 20:58:54 - [32minfo[39m: [GrpcClient] Getting Playwright config
2026-07-04 20:58:54 - [32minfo[39m: [GrpcClient] PlaywrightConfig request successful
2026-07-04 20:58:54 - [32minfo[39m: [PlaywrightAutomationFramework] trackPlaywrightInstance: instance already exists
2026-07-04 20:58:54 - [32minfo[39m: [GrpcClient] Sending TestFrameworkEvent
2026-07-04 20:58:54 - [32minfo[39m: [GrpcClient] TestFrameworkEvent request successful
2026-07-04 20:58:54 - [32minfo[39m: [BrowserstackCLI] Starting as child process with session ID: 63cd1b3e-95ed-4c82-8175-d404736715f9
2026-07-04 20:58:54 - [32minfo[39m: [BrowserstackCLI] startChild: client and channel already exist, stopping here
2026-07-04 20:58:54 - [32minfo[39m: [PlaywrightAutomationFramework] trackPlaywrightInstance: created instance for target=7893:0, state=AutomationFrameworkState.CREATE
2026-07-04 20:58:54 - [32minfo[39m: [PlaywrightAutomationFramework] trackPlaywrightInstance: saved instance contextId=f47941570030bae74a3d834003f810bfd0026f1f361845900f01c3a6e484b1ea target=7893:0
2026-07-04 20:58:55 - [32minfo[39m: [PlaywrightAutomationFramework] trackPlaywrightInstance: instance already exists
2026-07-04 20:58:55 - [32minfo[39m: [GrpcClient] Sending TestSessionEvent
2026-07-04 20:58:55 - [32minfo[39m: [GrpcClient] TestSessionEvent request successful
2026-07-04 20:58:55 - [32minfo[39m: [ObservabilityModule] onBeforeTest: TEST REPORTING AND ANALYTICS sync done
2026-07-04 20:58:55 - [32minfo[39m: [Accessibility] afterTestHook state: accessibilityPlatform=false, bstackA11yShouldScan=true
2026-07-04 20:58:55 - [32minfo[39m: [PlaywrightAutomationFramework] trackPlaywrightInstance: instance already exists
2026-07-04 20:58:55 - [32minfo[39m: [PlaywrightDriverModule] testId: 537b83cfbdf14afda252-718fbb77e918c549a6ef
2026-07-04 20:58:55 - [32minfo[39m: [PlaywrightDriverModule] testData from onAfterTest: {
  uuid: '19a17fb5-3274-48b8-9b99-0d27e4254796',
  test_framework_name: 'Playwright',
  test_framework_version: '1.61.0',
  test_logs: [],
  test_hooks_finished: {},
  test_hooks_started: {},
  test_uuid: '19a17fb5-3274-48b8-9b99-0d27e4254796',
  test_result: 'pending',
  automate_session_name: 'e2e/login.spec.ts - locked user login shows error',
  test_file_path: '/Users/tsl/Documents/projects/qa-automation/tests/e2e/login.spec.ts',
  test_id: '537b83cfbdf14afda252-718fbb77e918c549a6ef',
  test_name: 'locked user login shows error',
  test_location: '/Users/tsl/Documents/projects/qa-automation/tests/e2e/login.spec.ts',
  test_code: 'async ({\n' +
    '  page\n' +
    '}) => {\n' +
    '  const loginPage = new _login.LoginPage(page);\n' +
    '  const banner = loginPage.getErrorBanner();\n' +
    '  await loginPage.login(_user.Usernames.LOCKED_OUT, _user.Passwords.STANDARD_PASSWORD);\n' +
    '  await (0, _test.expect)(page).toHaveURL(/saucedemo\\.com\\/$/);\n' +
    '  await (0, _test.expect)(banner).toBeVisible();\n' +
    '  await (0, _test.expect)(banner).toContainText(_login2.LoginMessages.LOCKED_OUT);\n' +
    '}',
  test_tags: [],
  test_started_at: '2026-07-04T18:58:54.122Z',
  test_scope: 'e2e/login.spec.ts - locked user login shows error',
  test_scopes: [],
  test_rerun_name: ' -latest:Windows 11-browserstack e2e/login.spec.ts locked user login shows error'
}
2026-07-04 20:58:55 - [32minfo[39m: [GrpcClient] Sending TestSessionEvent
2026-07-04 20:58:55 - [32minfo[39m: [GrpcClient] TestSessionEvent request successful
2026-07-04 20:58:55 - [32minfo[39m: getting screenshots results.
2026-07-04 20:58:55 - [32minfo[39m: [GrpcClient] Sending LogCreatedEvent
2026-07-04 20:58:55 - [32minfo[39m: [GrpcClient] LogCreatedEvent request successful
2026-07-04 20:58:55 - [32minfo[39m: [GrpcClient] Sending TestFrameworkEvent
2026-07-04 20:58:55 - [32minfo[39m: [GrpcClient] TestFrameworkEvent request successful
2026-07-04 20:58:56 - [33mwarn[39m: Accessibility Automation will run only on Chrome or ChromeForTesting browsers.
2026-07-04 20:58:56 - [32minfo[39m: [Accessibility] afterTestHook state: accessibilityPlatform=false, bstackA11yShouldScan=true
2026-07-04 20:58:56 - [32minfo[39m: [PlaywrightAutomationFramework] trackPlaywrightInstance: instance already exists
2026-07-04 20:58:56 - [32minfo[39m: [GrpcClient] Sending TestSessionEvent
2026-07-04 20:58:56 - [32minfo[39m: [GrpcClient] TestSessionEvent request successful
2026-07-04 20:58:56 - [32minfo[39m: [ObservabilityModule] onBeforeTest: TEST REPORTING AND ANALYTICS sync done
2026-07-04 20:58:57 - [32minfo[39m: [PlaywrightDriverModule] testId: 537b83cfbdf14afda252-c10a54f5d3a608be0c88
2026-07-04 20:58:57 - [32minfo[39m: [PlaywrightDriverModule] testData from onAfterTest: {
  uuid: 'f7eec9d4-f8e7-4ea9-96ce-bdfaca8c99b5',
  test_framework_name: 'Playwright',
  test_framework_version: '1.61.0',
  test_logs: [],
  test_hooks_finished: {},
  test_hooks_started: {},
  test_uuid: 'f7eec9d4-f8e7-4ea9-96ce-bdfaca8c99b5',
  test_result: 'pending',
  automate_session_name: 'e2e/login.spec.ts - successful login redirects to products page',
  test_file_path: '/Users/tsl/Documents/projects/qa-automation/tests/e2e/login.spec.ts',
  test_id: '537b83cfbdf14afda252-c10a54f5d3a608be0c88',
  test_name: 'successful login redirects to products page',
  test_location: '/Users/tsl/Documents/projects/qa-automation/tests/e2e/login.spec.ts',
  test_code: 'async ({\n' +
    '  page\n' +
    '}) => {\n' +
    '  const loginPage = new _login.LoginPage(page);\n' +
    '  await loginPage.login(_user.Usernames.STANDARD, _user.Passwords.STANDARD_PASSWORD);\n' +
    '  await (0, _test.expect)(page).toHaveURL(/inventory/);\n' +
    '  await (0, _test.expect)(page.locator(".title")).toHaveText("Products");\n' +
    '}',
  test_tags: [],
  test_started_at: '2026-07-04T18:58:49.955Z',
  test_scope: 'e2e/login.spec.ts - successful login redirects to products page',
  test_scopes: [],
  test_rerun_name: ' -latest:OSX Ventura-browserstack e2e/login.spec.ts successful login redirects to products page'
}
2026-07-04 20:58:57 - [32minfo[39m: [GrpcClient] Sending TestSessionEvent
2026-07-04 20:58:57 - [32minfo[39m: [GrpcClient] TestSessionEvent request successful
2026-07-04 20:58:57 - [32minfo[39m: [PlaywrightDriverModule] markSessionStatusViaRestApi: PUT https://api.browserstack.com/automate/sessions/7cde442435fc75110d3e621a77c3d06ee903c03b.json status=passed
2026-07-04 20:58:58 - [32minfo[39m: getting screenshots results.
2026-07-04 20:58:58 - [32minfo[39m: [PlaywrightAutomationFramework] trackPlaywrightInstance: instance already exists
2026-07-04 20:58:58 - [32minfo[39m: [GrpcClient] Sending LogCreatedEvent
2026-07-04 20:58:58 - [32minfo[39m: [GrpcClient] Sending TestFrameworkEvent
2026-07-04 20:58:58 - [32minfo[39m: [GrpcClient] LogCreatedEvent request successful
2026-07-04 20:58:58 - [32minfo[39m: [GrpcClient] Sending TestFrameworkEvent
2026-07-04 20:58:58 - [32minfo[39m: [GrpcClient] TestFrameworkEvent request successful
2026-07-04 20:58:58 - [32minfo[39m: [GrpcClient] TestFrameworkEvent request successful
2026-07-04 20:58:58 - [32minfo[39m: [PlaywrightAutomationFramework] trackPlaywrightInstance: instance already exists
2026-07-04 20:58:58 - [32minfo[39m: [GrpcClient] Sending DriverInit
2026-07-04 20:58:58 - [32minfo[39m: [GrpcClient] DriverInit request successful
2026-07-04 20:58:58 - [32minfo[39m: [PlaywrightAutomationFramework] trackPlaywrightInstance: instance already exists
2026-07-04 20:58:58 - [32minfo[39m: [PlaywrightAutomationFramework] trackPlaywrightInstance: instance already exists
2026-07-04 20:58:58 - [32minfo[39m: [PlaywrightAutomationFramework] trackPlaywrightInstance: instance already exists
2026-07-04 20:58:58 - [32minfo[39m: [GrpcClient] Sending TestSessionEvent
2026-07-04 20:58:58 - [32minfo[39m: [GrpcClient] TestSessionEvent request successful
2026-07-04 20:58:58 - [32minfo[39m: [ObservabilityModule] onBeforeTest: TEST REPORTING AND ANALYTICS sync done
2026-07-04 20:58:59 - [32minfo[39m: [PlaywrightAutomationFramework] trackPlaywrightInstance: instance already exists
2026-07-04 20:58:59 - [32minfo[39m: [GrpcClient] Sending TestSessionEvent
2026-07-04 20:58:59 - [32minfo[39m: [GrpcClient] TestSessionEvent request successful
2026-07-04 20:58:59 - [33mwarn[39m: Accessibility Automation will run only on Chrome or ChromeForTesting browsers.
2026-07-04 20:58:59 - [32minfo[39m: [ObservabilityModule] onBeforeTest: TEST REPORTING AND ANALYTICS sync done
2026-07-04 20:58:59 - [32minfo[39m: [Accessibility] afterTestHook state: accessibilityPlatform=false, bstackA11yShouldScan=true
2026-07-04 20:58:59 - [32minfo[39m: [PlaywrightAutomationFramework] trackPlaywrightInstance: instance already exists
2026-07-04 20:58:59 - [32minfo[39m: [GrpcClient] Sending TestSessionEvent
2026-07-04 20:58:59 - [32minfo[39m: [GrpcClient] TestSessionEvent request successful
2026-07-04 20:58:59 - [32minfo[39m: [ObservabilityModule] onBeforeTest: TEST REPORTING AND ANALYTICS sync done
2026-07-04 20:59:00 - [32minfo[39m: [PlaywrightDriverModule] testId: 537b83cfbdf14afda252-d34d80b0ed6dd5276f24
2026-07-04 20:59:00 - [32minfo[39m: [PlaywrightDriverModule] testData from onAfterTest: {
  uuid: '19e2c87b-cb6f-4470-b6a8-5d6b235216ef',
  test_framework_name: 'Playwright',
  test_framework_version: '1.61.0',
  test_logs: [],
  test_hooks_finished: {},
  test_hooks_started: {},
  test_uuid: '19e2c87b-cb6f-4470-b6a8-5d6b235216ef',
  test_result: 'pending',
  automate_session_name: 'e2e/login.spec.ts - wrong password shows error',
  test_file_path: '/Users/tsl/Documents/projects/qa-automation/tests/e2e/login.spec.ts',
  test_id: '537b83cfbdf14afda252-d34d80b0ed6dd5276f24',
  test_name: 'wrong password shows error',
  test_location: '/Users/tsl/Documents/projects/qa-automation/tests/e2e/login.spec.ts',
  test_code: 'async ({\n' +
    '  page\n' +
    '}) => {\n' +
    '  const loginPage = new _login.LoginPage(page);\n' +
    '  await loginPage.login(_user.Usernames.STANDARD, _user.Passwords.WRONG_PASSWORD);\n' +
    '  await (0, _test.expect)(loginPage.getErrorBanner()).toBeVisible();\n' +
    '}',
  test_tags: [],
  test_started_at: '2026-07-04T18:58:58.223Z',
  test_scope: 'e2e/login.spec.ts - wrong password shows error',
  test_scopes: [],
  test_rerun_name: ' -latest:OSX Ventura-browserstack e2e/login.spec.ts wrong password shows error'
}
2026-07-04 20:59:00 - [32minfo[39m: [GrpcClient] Sending TestSessionEvent
2026-07-04 20:59:00 - [32minfo[39m: [GrpcClient] TestSessionEvent request successful
2026-07-04 20:59:00 - [32minfo[39m: [PlaywrightDriverModule] markSessionStatusViaRestApi: PUT https://api.browserstack.com/automate/sessions/7cde442435fc75110d3e621a77c3d06ee903c03b.json status=passed
2026-07-04 20:59:01 - [32minfo[39m: getting screenshots results.
2026-07-04 20:59:01 - [32minfo[39m: [GrpcClient] Sending LogCreatedEvent
2026-07-04 20:59:01 - [32minfo[39m: [GrpcClient] Sending TestFrameworkEvent
2026-07-04 20:59:01 - [32minfo[39m: [GrpcClient] LogCreatedEvent request successful
2026-07-04 20:59:01 - [32minfo[39m: [GrpcClient] Sending TestFrameworkEvent
2026-07-04 20:59:01 - [32minfo[39m: [GrpcClient] TestFrameworkEvent request successful
2026-07-04 20:59:01 - [32minfo[39m: [GrpcClient] TestFrameworkEvent request successful
2026-07-04 20:59:01 - [32minfo[39m: [PlaywrightAutomationFramework] trackPlaywrightInstance: instance already exists
2026-07-04 20:59:01 - [32minfo[39m: [PlaywrightAutomationFramework] trackPlaywrightInstance: instance already exists
2026-07-04 20:59:01 - [32minfo[39m: [GrpcClient] Sending TestSessionEvent
2026-07-04 20:59:01 - [32minfo[39m: [GrpcClient] TestSessionEvent request successful
2026-07-04 20:59:01 - [32minfo[39m: [ObservabilityModule] onBeforeTest: TEST REPORTING AND ANALYTICS sync done
2026-07-04 20:59:01 - [33mwarn[39m: Accessibility Automation will run only on Chrome or ChromeForTesting browsers.
2026-07-04 20:59:02 - [32minfo[39m: [Accessibility] afterTestHook state: accessibilityPlatform=false, bstackA11yShouldScan=true
2026-07-04 20:59:02 - [32minfo[39m: [PlaywrightAutomationFramework] trackPlaywrightInstance: instance already exists
2026-07-04 20:59:02 - [32minfo[39m: [GrpcClient] Sending TestSessionEvent
2026-07-04 20:59:02 - [32minfo[39m: [GrpcClient] TestSessionEvent request successful
2026-07-04 20:59:02 - [32minfo[39m: [ObservabilityModule] onBeforeTest: TEST REPORTING AND ANALYTICS sync done
2026-07-04 20:59:02 - [32minfo[39m: [PlaywrightDriverModule] testId: 537b83cfbdf14afda252-c1c8d9b26a60fe56273c
2026-07-04 20:59:02 - [32minfo[39m: [PlaywrightDriverModule] testData from onAfterTest: {
  uuid: '53aac95d-3616-4fb7-b602-aedf7305515d',
  test_framework_name: 'Playwright',
  test_framework_version: '1.61.0',
  test_logs: [],
  test_hooks_finished: {},
  test_hooks_started: {},
  test_uuid: '53aac95d-3616-4fb7-b602-aedf7305515d',
  test_result: 'pending',
  automate_session_name: 'e2e/login.spec.ts - successful login redirects to products page',
  test_file_path: '/Users/tsl/Documents/projects/qa-automation/tests/e2e/login.spec.ts',
  test_id: '537b83cfbdf14afda252-c1c8d9b26a60fe56273c',
  test_name: 'successful login redirects to products page',
  test_location: '/Users/tsl/Documents/projects/qa-automation/tests/e2e/login.spec.ts',
  test_code: 'async ({\n' +
    '  page\n' +
    '}) => {\n' +
    '  const loginPage = new _login.LoginPage(page);\n' +
    '  await loginPage.login(_user.Usernames.STANDARD, _user.Passwords.STANDARD_PASSWORD);\n' +
    '  await (0, _test.expect)(page).toHaveURL(/inventory/);\n' +
    '  await (0, _test.expect)(page.locator(".title")).toHaveText("Products");\n' +
    '}',
  test_tags: [],
  test_started_at: '2026-07-04T18:58:49.966Z',
  test_scope: 'e2e/login.spec.ts - successful login redirects to products page',
  test_scopes: [],
  test_rerun_name: ' -latest:Windows 11-browserstack e2e/login.spec.ts successful login redirects to products page'
}
2026-07-04 20:59:02 - [32minfo[39m: [GrpcClient] Sending TestSessionEvent
2026-07-04 20:59:02 - [32minfo[39m: [GrpcClient] TestSessionEvent request successful
2026-07-04 20:59:02 - [33mwarn[39m: Accessibility Automation will run only on Chrome or ChromeForTesting browsers.
2026-07-04 20:59:02 - [32minfo[39m: [Accessibility] afterTestHook state: accessibilityPlatform=false, bstackA11yShouldScan=true
2026-07-04 20:59:02 - [32minfo[39m: [PlaywrightAutomationFramework] trackPlaywrightInstance: instance already exists
2026-07-04 20:59:02 - [32minfo[39m: [GrpcClient] Sending TestSessionEvent
2026-07-04 20:59:02 - [32minfo[39m: [GrpcClient] TestSessionEvent request successful
2026-07-04 20:59:02 - [32minfo[39m: [ObservabilityModule] onBeforeTest: TEST REPORTING AND ANALYTICS sync done
2026-07-04 20:59:02 - [32minfo[39m: [PlaywrightDriverModule] markSessionStatusViaRestApi: PUT https://api.browserstack.com/automate/sessions/d9ef761565e95de3df052f1e3862fc4bcdebc0c4.json status=passed
2026-07-04 20:59:03 - [32minfo[39m: [PlaywrightDriverModule] testId: 537b83cfbdf14afda252-0bd5001251d09742046f
2026-07-04 20:59:03 - [32minfo[39m: [PlaywrightDriverModule] testData from onAfterTest: {
  uuid: '10229453-b952-4de8-8fb5-c096aae8d546',
  test_framework_name: 'Playwright',
  test_framework_version: '1.61.0',
  test_logs: [],
  test_hooks_finished: {},
  test_hooks_started: {},
  test_uuid: '5d811af9-f067-4142-a8fa-2c2f86f2500f',
  test_result: 'pending',
  automate_session_name: 'e2e/login.spec.ts - locked user login shows error',
  test_file_path: '/Users/tsl/Documents/projects/qa-automation/tests/e2e/login.spec.ts',
  test_id: '537b83cfbdf14afda252-0bd5001251d09742046f',
  test_name: 'locked user login shows error',
  test_location: '/Users/tsl/Documents/projects/qa-automation/tests/e2e/login.spec.ts',
  test_code: 'async ({\n' +
    '  page\n' +
    '}) => {\n' +
    '  const loginPage = new _login.LoginPage(page);\n' +
    '  const banner = loginPage.getErrorBanner();\n' +
    '  await loginPage.login(_user.Usernames.LOCKED_OUT, _user.Passwords.STANDARD_PASSWORD);\n' +
    '  await (0, _test.expect)(page).toHaveURL(/saucedemo\\.com\\/$/);\n' +
    '  await (0, _test.expect)(banner).toBeVisible();\n' +
    '  await (0, _test.expect)(banner).toContainText(_login2.LoginMessages.LOCKED_OUT);\n' +
    '}',
  test_tags: [],
  test_started_at: '2026-07-04T18:59:01.192Z',
  test_scope: 'e2e/login.spec.ts - locked user login shows error',
  test_scopes: [],
  test_rerun_name: ' -latest:OSX Ventura-browserstack e2e/login.spec.ts locked user login shows error'
}
2026-07-04 20:59:03 - [32minfo[39m: [GrpcClient] Sending TestSessionEvent
2026-07-04 20:59:03 - [32minfo[39m: [GrpcClient] TestSessionEvent request successful
2026-07-04 20:59:03 - [32minfo[39m: [PlaywrightDriverModule] markSessionStatusViaRestApi: PUT https://api.browserstack.com/automate/sessions/7cde442435fc75110d3e621a77c3d06ee903c03b.json status=passed
2026-07-04 20:59:03 - [32minfo[39m: getting screenshots results.
2026-07-04 20:59:03 - [32minfo[39m: [GrpcClient] Sending LogCreatedEvent
2026-07-04 20:59:03 - [32minfo[39m: [GrpcClient] Sending TestFrameworkEvent
2026-07-04 20:59:03 - [32minfo[39m: [GrpcClient] LogCreatedEvent request successful
2026-07-04 20:59:03 - [32minfo[39m: [GrpcClient] Sending TestFrameworkEvent
2026-07-04 20:59:03 - [32minfo[39m: [GrpcClient] TestFrameworkEvent request successful
2026-07-04 20:59:03 - [32minfo[39m: [GrpcClient] TestFrameworkEvent request successful
2026-07-04 20:59:03 - [32minfo[39m: [PlaywrightAutomationFramework] trackPlaywrightInstance: instance already exists
2026-07-04 20:59:04 - [32minfo[39m: getting screenshots results.
2026-07-04 20:59:04 - [32minfo[39m: [GrpcClient] Sending LogCreatedEvent
2026-07-04 20:59:04 - [32minfo[39m: [GrpcClient] LogCreatedEvent request successful
2026-07-04 20:59:04 - [32minfo[39m: [GrpcClient] Sending TestFrameworkEvent
2026-07-04 20:59:04 - [32minfo[39m: [GrpcClient] TestFrameworkEvent request successful
2026-07-04 20:59:04 - [32minfo[39m: [PlaywrightAutomationFramework] trackPlaywrightInstance: instance already exists
2026-07-04 20:59:04 - [32minfo[39m: [GrpcClient] Sending TestSessionEvent
2026-07-04 20:59:04 - [32minfo[39m: [GrpcClient] TestSessionEvent request successful
2026-07-04 20:59:04 - [32minfo[39m: [ObservabilityModule] onBeforeTest: TEST REPORTING AND ANALYTICS sync done
2026-07-04 20:59:05 - [33mwarn[39m: Accessibility Automation will run only on Chrome or ChromeForTesting browsers.
2026-07-04 20:59:05 - [32minfo[39m: [Accessibility] afterTestHook state: accessibilityPlatform=false, bstackA11yShouldScan=true
2026-07-04 20:59:05 - [32minfo[39m: [PlaywrightAutomationFramework] trackPlaywrightInstance: instance already exists
2026-07-04 20:59:05 - [32minfo[39m: [GrpcClient] Sending TestSessionEvent
2026-07-04 20:59:05 - [32minfo[39m: [GrpcClient] TestSessionEvent request successful
2026-07-04 20:59:05 - [32minfo[39m: [ObservabilityModule] onBeforeTest: TEST REPORTING AND ANALYTICS sync done
2026-07-04 20:59:05 - [32minfo[39m: [PlaywrightDriverModule] testId: 537b83cfbdf14afda252-f97246ce5c6f33f1a704
2026-07-04 20:59:05 - [32minfo[39m: [PlaywrightDriverModule] testData from onAfterTest: {
  uuid: 'c9b2c29d-3def-4fe9-83e9-6efc0a09f437',
  test_framework_name: 'Playwright',
  test_framework_version: '1.61.0',
  test_logs: [],
  test_hooks_finished: {},
  test_hooks_started: {},
  test_uuid: 'c9b2c29d-3def-4fe9-83e9-6efc0a09f437',
  test_result: 'pending',
  automate_session_name: 'e2e/login.spec.ts - wrong password shows error',
  test_file_path: '/Users/tsl/Documents/projects/qa-automation/tests/e2e/login.spec.ts',
  test_id: '537b83cfbdf14afda252-f97246ce5c6f33f1a704',
  test_name: 'wrong password shows error',
  test_location: '/Users/tsl/Documents/projects/qa-automation/tests/e2e/login.spec.ts',
  test_code: 'async ({\n' +
    '  page\n' +
    '}) => {\n' +
    '  const loginPage = new _login.LoginPage(page);\n' +
    '  await loginPage.login(_user.Usernames.STANDARD, _user.Passwords.WRONG_PASSWORD);\n' +
    '  await (0, _test.expect)(loginPage.getErrorBanner()).toBeVisible();\n' +
    '}',
  test_tags: [],
  test_started_at: '2026-07-04T18:59:03.589Z',
  test_scope: 'e2e/login.spec.ts - wrong password shows error',
  test_scopes: [],
  test_rerun_name: ' -latest:Windows 11-browserstack e2e/login.spec.ts wrong password shows error'
}
2026-07-04 20:59:05 - [32minfo[39m: [GrpcClient] Sending TestSessionEvent
2026-07-04 20:59:05 - [32minfo[39m: [GrpcClient] TestSessionEvent request successful
2026-07-04 20:59:06 - [32minfo[39m: [PlaywrightDriverModule] markSessionStatusViaRestApi: PUT https://api.browserstack.com/automate/sessions/d9ef761565e95de3df052f1e3862fc4bcdebc0c4.json status=passed
2026-07-04 20:59:06 - [32minfo[39m: getting screenshots results.
2026-07-04 20:59:06 - [32minfo[39m: [GrpcClient] Sending LogCreatedEvent
2026-07-04 20:59:06 - [32minfo[39m: [GrpcClient] Sending TestFrameworkEvent
2026-07-04 20:59:06 - [32minfo[39m: [GrpcClient] LogCreatedEvent request successful
2026-07-04 20:59:06 - [32minfo[39m: [GrpcClient] Sending TestFrameworkEvent
2026-07-04 20:59:06 - [32minfo[39m: [GrpcClient] TestFrameworkEvent request successful
2026-07-04 20:59:06 - [32minfo[39m: [GrpcClient] TestFrameworkEvent request successful
2026-07-04 20:59:06 - [32minfo[39m: [PlaywrightAutomationFramework] trackPlaywrightInstance: instance already exists
2026-07-04 20:59:07 - [32minfo[39m: [PlaywrightAutomationFramework] trackPlaywrightInstance: instance already exists
2026-07-04 20:59:07 - [32minfo[39m: [GrpcClient] Sending TestSessionEvent
2026-07-04 20:59:07 - [32minfo[39m: [GrpcClient] TestSessionEvent request successful
2026-07-04 20:59:07 - [32minfo[39m: [ObservabilityModule] onBeforeTest: TEST REPORTING AND ANALYTICS sync done
2026-07-04 20:59:08 - [33mwarn[39m: Accessibility Automation will run only on Chrome or ChromeForTesting browsers.
2026-07-04 20:59:08 - [32minfo[39m: [Accessibility] afterTestHook state: accessibilityPlatform=false, bstackA11yShouldScan=true
2026-07-04 20:59:08 - [32minfo[39m: [PlaywrightAutomationFramework] trackPlaywrightInstance: instance already exists
2026-07-04 20:59:08 - [32minfo[39m: [GrpcClient] Sending TestSessionEvent
2026-07-04 20:59:08 - [32minfo[39m: [GrpcClient] TestSessionEvent request successful
2026-07-04 20:59:08 - [32minfo[39m: [ObservabilityModule] onBeforeTest: TEST REPORTING AND ANALYTICS sync done
2026-07-04 20:59:08 - [32minfo[39m: [PlaywrightDriverModule] testId: 537b83cfbdf14afda252-c99d43c50a18b930bc40
2026-07-04 20:59:08 - [32minfo[39m: [PlaywrightDriverModule] testData from onAfterTest: {
  uuid: 'a5a03ac0-8ecb-4dc2-a0c4-e266ea7096de',
  test_framework_name: 'Playwright',
  test_framework_version: '1.61.0',
  test_logs: [],
  test_hooks_finished: {},
  test_hooks_started: {},
  test_uuid: 'a5a03ac0-8ecb-4dc2-a0c4-e266ea7096de',
  test_result: 'pending',
  automate_session_name: 'e2e/login.spec.ts - locked user login shows error',
  test_file_path: '/Users/tsl/Documents/projects/qa-automation/tests/e2e/login.spec.ts',
  test_id: '537b83cfbdf14afda252-c99d43c50a18b930bc40',
  test_name: 'locked user login shows error',
  test_location: '/Users/tsl/Documents/projects/qa-automation/tests/e2e/login.spec.ts',
  test_code: 'async ({\n' +
    '  page\n' +
    '}) => {\n' +
    '  const loginPage = new _login.LoginPage(page);\n' +
    '  const banner = loginPage.getErrorBanner();\n' +
    '  await loginPage.login(_user.Usernames.LOCKED_OUT, _user.Passwords.STANDARD_PASSWORD);\n' +
    '  await (0, _test.expect)(page).toHaveURL(/saucedemo\\.com\\/$/);\n' +
    '  await (0, _test.expect)(banner).toBeVisible();\n' +
    '  await (0, _test.expect)(banner).toContainText(_login2.LoginMessages.LOCKED_OUT);\n' +
    '}',
  test_tags: [],
  test_started_at: '2026-07-04T18:59:06.739Z',
  test_scope: 'e2e/login.spec.ts - locked user login shows error',
  test_scopes: [],
  test_rerun_name: ' -latest:Windows 11-browserstack e2e/login.spec.ts locked user login shows error'
}
2026-07-04 20:59:08 - [32minfo[39m: [GrpcClient] Sending TestSessionEvent
2026-07-04 20:59:08 - [32minfo[39m: [GrpcClient] TestSessionEvent request successful
2026-07-04 20:59:09 - [32minfo[39m: [PlaywrightDriverModule] markSessionStatusViaRestApi: PUT https://api.browserstack.com/automate/sessions/d9ef761565e95de3df052f1e3862fc4bcdebc0c4.json status=passed
2026-07-04 20:59:09 - [32minfo[39m: getting screenshots results.
2026-07-04 20:59:09 - [32minfo[39m: [GrpcClient] Sending LogCreatedEvent
2026-07-04 20:59:09 - [32minfo[39m: [GrpcClient] LogCreatedEvent request successful
2026-07-04 20:59:09 - [32minfo[39m: [GrpcClient] Sending TestFrameworkEvent
2026-07-04 20:59:09 - [32minfo[39m: [GrpcClient] TestFrameworkEvent request successful
2026-07-04 20:59:09 - [32minfo[39m: [BrowserstackCLI] stop: CLI stop triggered
2026-07-04 20:59:09 - [32minfo[39m: [GrpcClient] Stopping bin session
2026-07-04 20:59:11 - [32minfo[39m: [GrpcClient] StopBinSession successful
2026-07-04 20:59:11 - [32minfo[39m: stop: stopBinSession build_link=https://automate.browserstack.com/dashboard/v2/builds/487fa742c1b1763b987ff819bad6678725bf7fa6 hashed_id=487fa742c1b1763b987ff819bad6678725bf7fa6 o11y_uuid=mtvo6ltcu6tk0admthfbgco47cxj2dwmtqqwmxcn
2026-07-04 20:59:11 - [32minfo[39m: [BrowserstackCLI] Unconfiguring modules
2026-07-04 20:59:11 - [32minfo[39m: [BrowserstackCLI] stop: channel closed
2026-07-04 20:59:16 - [32minfo[39m: [BrowserstackCLI] stop: shutting down CLI
2026-07-04 20:59:16 - [32minfo[39m: [BrowserstackCLI] stop: CLI process exited
2026-07-04 20:59:16 - [32minfo[39m: Visit https://automation.browserstack.com/builds/mtvo6ltcu6tk0admthfbgco47cxj2dwmtqqwmxcn to view build report, insights, and many more debugging information all at one place!

2026-07-04 20:59:17 - [32minfo[39m: View build on BrowserStack dashboard: https://automate.browserstack.com/dashboard/v2/builds/487fa742c1b1763b987ff819bad6678725bf7fa6
2026-07-04 20:59:17 - [32minfo[39m: SDK run ended for id: 32e2bfb3-9f98-4048-a85e-63e1f56a5a88, testhub id: mtvo6ltcu6tk0admthfbgco47cxj2dwmtqqwmxcn
2026-07-04 20:59:19 - [32minfo[39m: Deleting /Users/tsl/Documents/projects/qa-automation/playwright-browserstack-sdk.config.ts
2026-07-04 20:59:19 - [32minfo[39m: [BrowserstackCLI] stop: CLI is not running, skipping stop
2026-07-04 21:00:39 - [32minfo[39m: Reading configs from /Users/tsl/Documents/projects/qa-automation/browserstack.yml
2026-07-04 21:00:39 - [32minfo[39m: Log Directory has been set to /Users/tsl/Documents/projects/qa-automation/log
2026-07-04 21:00:39 - [32minfo[39m: Running SDK with args /opt/homebrew/Cellar/node/26.0.0/bin/node /Users/tsl/Documents/projects/qa-automation/node_modules/.bin/browserstack-node-sdk playwright test tests/e2e/login.spec.ts --config=playwright.browserstack.config.ts
2026-07-04 21:00:39 - [32minfo[39m: SDK run started with id: ced50d11-dbba-4c4e-8668-70e0df4cb7d4
2026-07-04 21:00:39 - [32minfo[39m: Project and debug logs are captured by default. To disable, set disableAutoCaptureLogs: true in config.
2026-07-04 21:00:40 - [32minfo[39m: [BrowserstackCLI] startMain: Starting main process
2026-07-04 21:00:40 - [32minfo[39m: [CLIUtils] Current CLI Path Found: /Users/tsl/.browserstack/cli/binary-macos-arm64
2026-07-04 21:00:41 - [32minfo[39m: [BrowserstackCLI] spawning command='/Users/tsl/.browserstack/cli/binary-macos-arm64,sdk'
2026-07-04 21:00:41 - [32minfo[39m: [BrowserstackCLI] CLI params loaded: {"id":"7b31e5e2-9a5f-49bc-999e-3ef0e53210d8","listen":"unix:/tmp/sdk-platform-7b31e5e2-9a5f-49bc-999e-3ef0e53210d8.sock"}
2026-07-04 21:00:42 - [32minfo[39m: [GrpcClient] Connected to gRPC server at unix:/tmp/sdk-platform-7b31e5e2-9a5f-49bc-999e-3ef0e53210d8.sock
2026-07-04 21:00:42 - [32minfo[39m: [GrpcClient] Initialized gRPC client with bin session id: 7b31e5e2-9a5f-49bc-999e-3ef0e53210d8 and listen address: unix:/tmp/sdk-platform-7b31e5e2-9a5f-49bc-999e-3ef0e53210d8.sock
2026-07-04 21:00:42 - [32minfo[39m: [GrpcClient] startBinSession: Calling startBinSession
2026-07-04 21:00:42 - [32minfo[39m: [GrpcClient] setCliArgs: cliArgs=["playwright","test","tests/e2e/login.spec.ts"], parsedConfig=[]
2026-07-04 21:00:44 - [32minfo[39m: [GrpcClient] StartBinSession successful
2026-07-04 21:00:44 - [32minfo[39m: [BrowserstackCLI] loadModules: Loading modules
2026-07-04 21:00:44 - [32minfo[39m: [BrowserstackCLI] loadModules: binSessionId=7b31e5e2-9a5f-49bc-999e-3ef0e53210d8
2026-07-04 21:00:44 - [32minfo[39m: [BrowserstackCLI] loading Modules.
2026-07-04 21:00:44 - [32minfo[39m: [BrowserstackCLI] setCliArgs: cliArgs=["playwright","test","tests/e2e/login.spec.ts"]
2026-07-04 21:00:44 - [32minfo[39m: [BrowserstackCLI] Accessibility success=false
2026-07-04 21:00:45 - [32minfo[39m: [BrowserstackCLI] Starting as child process with session ID: 7b31e5e2-9a5f-49bc-999e-3ef0e53210d8
2026-07-04 21:00:45 - [32minfo[39m: [GrpcClient] Connected to gRPC server at unix:/tmp/sdk-platform-7b31e5e2-9a5f-49bc-999e-3ef0e53210d8.sock
2026-07-04 21:00:45 - [32minfo[39m: [GrpcClient] Connecting bin session
2026-07-04 21:00:45 - [32minfo[39m: [GrpcClient] ConnectBinSession successful
2026-07-04 21:00:45 - [32minfo[39m: [BrowserstackCLI] loadModules: Loading modules
2026-07-04 21:00:45 - [32minfo[39m: [BrowserstackCLI] loadModules: binSessionId=7b31e5e2-9a5f-49bc-999e-3ef0e53210d8
2026-07-04 21:00:45 - [32minfo[39m: [BrowserstackCLI] loading Modules.
2026-07-04 21:00:45 - [32minfo[39m: [BrowserstackCLI] Accessibility success=false
2026-07-04 21:00:45 - [32minfo[39m: [GrpcClient] Getting Playwright config
2026-07-04 21:00:45 - [32minfo[39m: [GrpcClient] PlaywrightConfig request successful
2026-07-04 21:00:45 - [32minfo[39m: Setting up TestInfo directory at /Users/tsl/Documents/projects/qa-automation/log/.obs_test_details-default
2026-07-04 21:00:45 - [32minfo[39m: [PlaywrightTestFramework] trackPlaywrightInstance: created instance for target=8156:0, state=TestFrameworkState.INIT_TEST
2026-07-04 21:00:45 - [32minfo[39m: [PlaywrightTestFramework] trackPlaywrightInstance: saved instance contextId=a3f20b9c5119f3d24d0315b166dd11a48fd1eb85830f826f056db9e0789a5b28 target=8156:0
2026-07-04 21:00:45 - [32minfo[39m: [BrowserstackCLI] Starting as child process with session ID: 7b31e5e2-9a5f-49bc-999e-3ef0e53210d8
2026-07-04 21:00:45 - [32minfo[39m: [GrpcClient] Connected to gRPC server at unix:/tmp/sdk-platform-7b31e5e2-9a5f-49bc-999e-3ef0e53210d8.sock
2026-07-04 21:00:45 - [32minfo[39m: [GrpcClient] Connecting bin session
2026-07-04 21:00:45 - [32minfo[39m: [BrowserstackCLI] Starting as child process with session ID: 7b31e5e2-9a5f-49bc-999e-3ef0e53210d8
2026-07-04 21:00:45 - [32minfo[39m: [GrpcClient] Connected to gRPC server at unix:/tmp/sdk-platform-7b31e5e2-9a5f-49bc-999e-3ef0e53210d8.sock
2026-07-04 21:00:45 - [32minfo[39m: [GrpcClient] Connecting bin session
2026-07-04 21:00:45 - [32minfo[39m: [GrpcClient] ConnectBinSession successful
2026-07-04 21:00:45 - [32minfo[39m: [BrowserstackCLI] Starting as child process with session ID: 7b31e5e2-9a5f-49bc-999e-3ef0e53210d8
2026-07-04 21:00:45 - [32minfo[39m: [GrpcClient] Connected to gRPC server at unix:/tmp/sdk-platform-7b31e5e2-9a5f-49bc-999e-3ef0e53210d8.sock
2026-07-04 21:00:45 - [32minfo[39m: [GrpcClient] Connecting bin session
2026-07-04 21:00:45 - [32minfo[39m: [GrpcClient] ConnectBinSession successful
2026-07-04 21:00:45 - [32minfo[39m: [BrowserstackCLI] loadModules: Loading modules
2026-07-04 21:00:45 - [32minfo[39m: [BrowserstackCLI] loadModules: binSessionId=7b31e5e2-9a5f-49bc-999e-3ef0e53210d8
2026-07-04 21:00:45 - [32minfo[39m: [BrowserstackCLI] loading Modules.
2026-07-04 21:00:45 - [32minfo[39m: [BrowserstackCLI] Accessibility success=false
2026-07-04 21:00:45 - [32minfo[39m: [GrpcClient] Getting Playwright config
2026-07-04 21:00:45 - [32minfo[39m: [GrpcClient] ConnectBinSession successful
2026-07-04 21:00:45 - [32minfo[39m: [GrpcClient] PlaywrightConfig request successful
2026-07-04 21:00:45 - [32minfo[39m: [BrowserstackCLI] loadModules: Loading modules
2026-07-04 21:00:45 - [32minfo[39m: [BrowserstackCLI] loadModules: binSessionId=7b31e5e2-9a5f-49bc-999e-3ef0e53210d8
2026-07-04 21:00:45 - [32minfo[39m: [BrowserstackCLI] loading Modules.
2026-07-04 21:00:45 - [32minfo[39m: [BrowserstackCLI] Accessibility success=false
2026-07-04 21:00:45 - [32minfo[39m: [GrpcClient] Getting Playwright config
2026-07-04 21:00:45 - [32minfo[39m: [BrowserstackCLI] loadModules: Loading modules
2026-07-04 21:00:45 - [32minfo[39m: [BrowserstackCLI] loadModules: binSessionId=7b31e5e2-9a5f-49bc-999e-3ef0e53210d8
2026-07-04 21:00:45 - [32minfo[39m: [BrowserstackCLI] loading Modules.
2026-07-04 21:00:45 - [32minfo[39m: [BrowserstackCLI] Accessibility success=false
2026-07-04 21:00:45 - [32minfo[39m: [GrpcClient] Getting Playwright config
2026-07-04 21:00:45 - [32minfo[39m: [GrpcClient] PlaywrightConfig request successful
2026-07-04 21:00:45 - [32minfo[39m: [GrpcClient] PlaywrightConfig request successful
2026-07-04 21:00:45 - [32minfo[39m: [GrpcClient] Sending TestFrameworkEvent
2026-07-04 21:00:45 - [32minfo[39m: [GrpcClient] Sending TestFrameworkEvent
2026-07-04 21:00:45 - [32minfo[39m: [BrowserstackCLI] Starting as child process with session ID: 7b31e5e2-9a5f-49bc-999e-3ef0e53210d8
2026-07-04 21:00:45 - [32minfo[39m: [GrpcClient] TestFrameworkEvent request successful
2026-07-04 21:00:45 - [32minfo[39m: [GrpcClient] TestFrameworkEvent request successful
2026-07-04 21:00:45 - [32minfo[39m: [GrpcClient] Sending TestFrameworkEvent
2026-07-04 21:00:45 - [32minfo[39m: [GrpcClient] TestFrameworkEvent request successful
2026-07-04 21:00:45 - [32minfo[39m: [BrowserstackCLI] Starting as child process with session ID: 7b31e5e2-9a5f-49bc-999e-3ef0e53210d8
2026-07-04 21:00:45 - [32minfo[39m: [BrowserstackCLI] Starting as child process with session ID: 7b31e5e2-9a5f-49bc-999e-3ef0e53210d8
2026-07-04 21:00:45 - [32minfo[39m: [BrowserstackCLI] startChild: client and channel already exist, stopping here
2026-07-04 21:00:45 - [32minfo[39m: [PlaywrightAutomationFramework] trackPlaywrightInstance: created instance for target=8162:0, state=AutomationFrameworkState.CREATE
2026-07-04 21:00:45 - [32minfo[39m: [PlaywrightAutomationFramework] trackPlaywrightInstance: saved instance contextId=9969deb081d8ac701a0c26e00f82ec025c2365a7b4a823550f6d56ffe185409a target=8162:0
2026-07-04 21:00:45 - [32minfo[39m: [BrowserstackCLI] startChild: client and channel already exist, stopping here
2026-07-04 21:00:45 - [32minfo[39m: [PlaywrightAutomationFramework] trackPlaywrightInstance: created instance for target=8160:0, state=AutomationFrameworkState.CREATE
2026-07-04 21:00:45 - [32minfo[39m: [PlaywrightAutomationFramework] trackPlaywrightInstance: saved instance contextId=9e9684efed0d094f36f42402546ac28546e9a175f143a666c62f9e0beda030f1 target=8160:0
2026-07-04 21:00:45 - [32minfo[39m: [BrowserstackCLI] startChild: client and channel already exist, stopping here
2026-07-04 21:00:45 - [32minfo[39m: [PlaywrightAutomationFramework] trackPlaywrightInstance: created instance for target=8161:0, state=AutomationFrameworkState.CREATE
2026-07-04 21:00:46 - [32minfo[39m: [PlaywrightAutomationFramework] trackPlaywrightInstance: saved instance contextId=343a083f75f5bb42bca5b60543eb85f3c778a137ea28e74c735bcc7b79a9e853 target=8161:0
2026-07-04 21:00:46 - [32minfo[39m: [Accessibility] afterTestHook state: accessibilityPlatform=false, bstackA11yShouldScan=true
2026-07-04 21:00:46 - [32minfo[39m: [PlaywrightAutomationFramework] trackPlaywrightInstance: instance already exists
2026-07-04 21:00:46 - [32minfo[39m: [PlaywrightDriverModule] testId: 537b83cfbdf14afda252-35b58795cca1dc249e25
2026-07-04 21:00:46 - [32minfo[39m: [PlaywrightDriverModule] testData from onAfterTest: {
  uuid: '715ca04c-bb5f-404f-abe0-a94d12ac2cca',
  test_framework_name: 'Playwright',
  test_framework_version: '1.61.0',
  test_logs: [],
  test_hooks_finished: {},
  test_hooks_started: {},
  test_uuid: '715ca04c-bb5f-404f-abe0-a94d12ac2cca',
  test_result: 'pending',
  automate_session_name: 'e2e/login.spec.ts - successful login redirects to products page',
  test_file_path: '/Users/tsl/Documents/projects/qa-automation/tests/e2e/login.spec.ts',
  test_id: '537b83cfbdf14afda252-35b58795cca1dc249e25',
  test_name: 'successful login redirects to products page',
  test_location: '/Users/tsl/Documents/projects/qa-automation/tests/e2e/login.spec.ts',
  test_code: 'async ({\n' +
    '  page\n' +
    '}) => {\n' +
    '  const loginPage = new _login.LoginPage(page);\n' +
    '  await loginPage.login(_user.Usernames.STANDARD, _user.Passwords.STANDARD_PASSWORD);\n' +
    '  await (0, _test.expect)(page).toHaveURL(/inventory/);\n' +
    '  await (0, _test.expect)(page.locator(".title")).toHaveText("Products");\n' +
    '}',
  test_tags: [],
  test_started_at: '2026-07-04T19:00:45.943Z',
  test_scope: 'e2e/login.spec.ts - successful login redirects to products page',
  test_scopes: [],
  test_rerun_name: ' -latest:Windows 11-browserstack e2e/login.spec.ts successful login redirects to products page'
}
2026-07-04 21:00:46 - [32minfo[39m: [GrpcClient] Sending TestSessionEvent
2026-07-04 21:00:46 - [32minfo[39m: [GrpcClient] TestSessionEvent request successful
2026-07-04 21:00:46 - [32minfo[39m: getting screenshots results.
2026-07-04 21:00:46 - [32minfo[39m: [GrpcClient] Sending LogCreatedEvent
2026-07-04 21:00:46 - [32minfo[39m: [GrpcClient] LogCreatedEvent request successful
2026-07-04 21:00:46 - [32minfo[39m: [GrpcClient] Sending TestFrameworkEvent
2026-07-04 21:00:46 - [32minfo[39m: [GrpcClient] TestFrameworkEvent request successful
2026-07-04 21:00:47 - [32minfo[39m: [BrowserstackCLI] Starting as child process with session ID: 7b31e5e2-9a5f-49bc-999e-3ef0e53210d8
2026-07-04 21:00:47 - [32minfo[39m: [GrpcClient] Connected to gRPC server at unix:/tmp/sdk-platform-7b31e5e2-9a5f-49bc-999e-3ef0e53210d8.sock
2026-07-04 21:00:47 - [32minfo[39m: [GrpcClient] Connecting bin session
2026-07-04 21:00:47 - [32minfo[39m: [GrpcClient] ConnectBinSession successful
2026-07-04 21:00:47 - [32minfo[39m: [BrowserstackCLI] loadModules: Loading modules
2026-07-04 21:00:47 - [32minfo[39m: [BrowserstackCLI] loadModules: binSessionId=7b31e5e2-9a5f-49bc-999e-3ef0e53210d8
2026-07-04 21:00:47 - [32minfo[39m: [BrowserstackCLI] loading Modules.
2026-07-04 21:00:47 - [32minfo[39m: [BrowserstackCLI] Accessibility success=false
2026-07-04 21:00:47 - [32minfo[39m: [GrpcClient] Getting Playwright config
2026-07-04 21:00:47 - [32minfo[39m: [GrpcClient] PlaywrightConfig request successful
2026-07-04 21:00:47 - [32minfo[39m: [GrpcClient] Sending TestFrameworkEvent
2026-07-04 21:00:47 - [32minfo[39m: [GrpcClient] TestFrameworkEvent request successful
2026-07-04 21:00:47 - [32minfo[39m: [BrowserstackCLI] Starting as child process with session ID: 7b31e5e2-9a5f-49bc-999e-3ef0e53210d8
2026-07-04 21:00:47 - [32minfo[39m: [BrowserstackCLI] startChild: client and channel already exist, stopping here
2026-07-04 21:00:47 - [32minfo[39m: [PlaywrightAutomationFramework] trackPlaywrightInstance: created instance for target=8170:0, state=AutomationFrameworkState.CREATE
2026-07-04 21:00:47 - [32minfo[39m: [PlaywrightAutomationFramework] trackPlaywrightInstance: saved instance contextId=c5df5fb046ddb499afd54ff4d810154579d9e545446651ead44567a6934baa86 target=8170:0
2026-07-04 21:00:48 - [32minfo[39m: [PlaywrightAutomationFramework] trackPlaywrightInstance: instance already exists
2026-07-04 21:00:48 - [32minfo[39m: [PlaywrightAutomationFramework] trackPlaywrightInstance: instance already exists
2026-07-04 21:00:48 - [32minfo[39m: [GrpcClient] Sending DriverInit
2026-07-04 21:00:48 - [32minfo[39m: [GrpcClient] DriverInit request successful
2026-07-04 21:00:49 - [32minfo[39m: [PlaywrightAutomationFramework] trackPlaywrightInstance: instance already exists
2026-07-04 21:00:49 - [32minfo[39m: [Accessibility] afterTestHook state: accessibilityPlatform=false, bstackA11yShouldScan=true
2026-07-04 21:00:49 - [32minfo[39m: [PlaywrightAutomationFramework] trackPlaywrightInstance: instance already exists
2026-07-04 21:00:49 - [32minfo[39m: [PlaywrightDriverModule] testId: 537b83cfbdf14afda252-f54344e0c95999009928
2026-07-04 21:00:49 - [32minfo[39m: [PlaywrightDriverModule] testData from onAfterTest: {
  uuid: 'edb97c1c-0d14-4966-b75f-86961ea97d7d',
  test_framework_name: 'Playwright',
  test_framework_version: '1.61.0',
  test_logs: [],
  test_hooks_finished: {},
  test_hooks_started: {},
  test_uuid: 'edb97c1c-0d14-4966-b75f-86961ea97d7d',
  test_result: 'pending',
  automate_session_name: 'e2e/login.spec.ts - wrong password shows error',
  test_file_path: '/Users/tsl/Documents/projects/qa-automation/tests/e2e/login.spec.ts',
  test_id: '537b83cfbdf14afda252-f54344e0c95999009928',
  test_name: 'wrong password shows error',
  test_location: '/Users/tsl/Documents/projects/qa-automation/tests/e2e/login.spec.ts',
  test_code: 'async ({\n' +
    '  page\n' +
    '}) => {\n' +
    '  const loginPage = new _login.LoginPage(page);\n' +
    '  await loginPage.login(_user.Usernames.STANDARD, _user.Passwords.WRONG_PASSWORD);\n' +
    '  await (0, _test.expect)(loginPage.getErrorBanner()).toBeVisible();\n' +
    '}',
  test_tags: [],
  test_started_at: '2026-07-04T19:00:47.501Z',
  test_scope: 'e2e/login.spec.ts - wrong password shows error',
  test_scopes: [],
  test_rerun_name: ' -latest:Windows 11-browserstack e2e/login.spec.ts wrong password shows error'
}
2026-07-04 21:00:49 - [32minfo[39m: [GrpcClient] Sending TestSessionEvent
2026-07-04 21:00:49 - [32minfo[39m: getting screenshots results.
2026-07-04 21:00:49 - [32minfo[39m: [GrpcClient] TestSessionEvent request successful
2026-07-04 21:00:49 - [32minfo[39m: [GrpcClient] Sending LogCreatedEvent
2026-07-04 21:00:49 - [32minfo[39m: [GrpcClient] LogCreatedEvent request successful
2026-07-04 21:00:49 - [32minfo[39m: [GrpcClient] Sending TestFrameworkEvent
2026-07-04 21:00:49 - [32minfo[39m: [GrpcClient] TestFrameworkEvent request successful
2026-07-04 21:00:49 - [32minfo[39m: [BrowserstackCLI] Starting as child process with session ID: 7b31e5e2-9a5f-49bc-999e-3ef0e53210d8
2026-07-04 21:00:49 - [32minfo[39m: [GrpcClient] Connected to gRPC server at unix:/tmp/sdk-platform-7b31e5e2-9a5f-49bc-999e-3ef0e53210d8.sock
2026-07-04 21:00:49 - [32minfo[39m: [GrpcClient] Connecting bin session
2026-07-04 21:00:49 - [32minfo[39m: [GrpcClient] ConnectBinSession successful
2026-07-04 21:00:49 - [32minfo[39m: [BrowserstackCLI] loadModules: Loading modules
2026-07-04 21:00:49 - [32minfo[39m: [BrowserstackCLI] loadModules: binSessionId=7b31e5e2-9a5f-49bc-999e-3ef0e53210d8
2026-07-04 21:00:49 - [32minfo[39m: [BrowserstackCLI] loading Modules.
2026-07-04 21:00:49 - [32minfo[39m: [BrowserstackCLI] Accessibility success=false
2026-07-04 21:00:49 - [32minfo[39m: [GrpcClient] Getting Playwright config
2026-07-04 21:00:49 - [32minfo[39m: [GrpcClient] PlaywrightConfig request successful
2026-07-04 21:00:50 - [32minfo[39m: [GrpcClient] Sending TestFrameworkEvent
2026-07-04 21:00:50 - [32minfo[39m: [GrpcClient] TestFrameworkEvent request successful
2026-07-04 21:00:50 - [32minfo[39m: [BrowserstackCLI] Starting as child process with session ID: 7b31e5e2-9a5f-49bc-999e-3ef0e53210d8
2026-07-04 21:00:50 - [32minfo[39m: [BrowserstackCLI] startChild: client and channel already exist, stopping here
2026-07-04 21:00:50 - [32minfo[39m: [PlaywrightAutomationFramework] trackPlaywrightInstance: created instance for target=8177:0, state=AutomationFrameworkState.CREATE
2026-07-04 21:00:50 - [32minfo[39m: [PlaywrightAutomationFramework] trackPlaywrightInstance: saved instance contextId=791ba8d253730fba5011cdb1666874585f9592b31000b4157ace4c81f9a0daea target=8177:0
2026-07-04 21:00:50 - [32minfo[39m: [PlaywrightAutomationFramework] trackPlaywrightInstance: instance already exists
2026-07-04 21:00:50 - [32minfo[39m: [GrpcClient] Sending TestSessionEvent
2026-07-04 21:00:50 - [32minfo[39m: [GrpcClient] TestSessionEvent request successful
2026-07-04 21:00:50 - [32minfo[39m: [ObservabilityModule] onBeforeTest: TEST REPORTING AND ANALYTICS sync done
2026-07-04 21:00:51 - [33mwarn[39m: Accessibility Automation will run only on Chrome or ChromeForTesting browsers.
2026-07-04 21:00:51 - [32minfo[39m: [Accessibility] afterTestHook state: accessibilityPlatform=false, bstackA11yShouldScan=true
2026-07-04 21:00:51 - [32minfo[39m: [PlaywrightAutomationFramework] trackPlaywrightInstance: instance already exists
2026-07-04 21:00:51 - [32minfo[39m: [GrpcClient] Sending TestSessionEvent
2026-07-04 21:00:51 - [32minfo[39m: [GrpcClient] TestSessionEvent request successful
2026-07-04 21:00:51 - [32minfo[39m: [ObservabilityModule] onBeforeTest: TEST REPORTING AND ANALYTICS sync done
2026-07-04 21:00:51 - [32minfo[39m: [Accessibility] afterTestHook state: accessibilityPlatform=false, bstackA11yShouldScan=true
2026-07-04 21:00:51 - [32minfo[39m: [PlaywrightAutomationFramework] trackPlaywrightInstance: instance already exists
2026-07-04 21:00:51 - [32minfo[39m: [PlaywrightDriverModule] testId: 537b83cfbdf14afda252-718fbb77e918c549a6ef
2026-07-04 21:00:51 - [32minfo[39m: [PlaywrightDriverModule] testData from onAfterTest: {
  uuid: 'd5ac39d7-6fa8-44dd-b5fb-0a868ffb8e0e',
  test_framework_name: 'Playwright',
  test_framework_version: '1.61.0',
  test_logs: [],
  test_hooks_finished: {},
  test_hooks_started: {},
  test_uuid: 'd5ac39d7-6fa8-44dd-b5fb-0a868ffb8e0e',
  test_result: 'pending',
  automate_session_name: 'e2e/login.spec.ts - locked user login shows error',
  test_file_path: '/Users/tsl/Documents/projects/qa-automation/tests/e2e/login.spec.ts',
  test_id: '537b83cfbdf14afda252-718fbb77e918c549a6ef',
  test_name: 'locked user login shows error',
  test_location: '/Users/tsl/Documents/projects/qa-automation/tests/e2e/login.spec.ts',
  test_code: 'async ({\n' +
    '  page\n' +
    '}) => {\n' +
    '  const loginPage = new _login.LoginPage(page);\n' +
    '  const banner = loginPage.getErrorBanner();\n' +
    '  await loginPage.login(_user.Usernames.LOCKED_OUT, _user.Passwords.STANDARD_PASSWORD);\n' +
    '  await (0, _test.expect)(page).toHaveURL(/saucedemo\\.com\\/$/);\n' +
    '  await (0, _test.expect)(banner).toBeVisible();\n' +
    '  await (0, _test.expect)(banner).toContainText(_login2.LoginMessages.LOCKED_OUT);\n' +
    '}',
  test_tags: [],
  test_started_at: '2026-07-04T19:00:50.029Z',
  test_scope: 'e2e/login.spec.ts - locked user login shows error',
  test_scopes: [],
  test_rerun_name: ' -latest:Windows 11-browserstack e2e/login.spec.ts locked user login shows error'
}
2026-07-04 21:00:51 - [32minfo[39m: [GrpcClient] Sending TestSessionEvent
2026-07-04 21:00:51 - [32minfo[39m: [GrpcClient] TestSessionEvent request successful
2026-07-04 21:00:51 - [32minfo[39m: getting screenshots results.
2026-07-04 21:00:51 - [32minfo[39m: [GrpcClient] Sending LogCreatedEvent
2026-07-04 21:00:51 - [32minfo[39m: [GrpcClient] LogCreatedEvent request successful
2026-07-04 21:00:51 - [32minfo[39m: [GrpcClient] Sending TestFrameworkEvent
2026-07-04 21:00:51 - [32minfo[39m: [GrpcClient] TestFrameworkEvent request successful
2026-07-04 21:00:51 - [32minfo[39m: [PlaywrightDriverModule] testId: 537b83cfbdf14afda252-c10a54f5d3a608be0c88
2026-07-04 21:00:51 - [32minfo[39m: [PlaywrightDriverModule] testData from onAfterTest: {
  uuid: '322eac5c-b2a2-46a7-8c69-fd22c65a29dc',
  test_framework_name: 'Playwright',
  test_framework_version: '1.61.0',
  test_logs: [],
  test_hooks_finished: {},
  test_hooks_started: {},
  test_uuid: '322eac5c-b2a2-46a7-8c69-fd22c65a29dc',
  test_result: 'pending',
  automate_session_name: 'e2e/login.spec.ts - successful login redirects to products page',
  test_file_path: '/Users/tsl/Documents/projects/qa-automation/tests/e2e/login.spec.ts',
  test_id: '537b83cfbdf14afda252-c10a54f5d3a608be0c88',
  test_name: 'successful login redirects to products page',
  test_location: '/Users/tsl/Documents/projects/qa-automation/tests/e2e/login.spec.ts',
  test_code: 'async ({\n' +
    '  page\n' +
    '}) => {\n' +
    '  const loginPage = new _login.LoginPage(page);\n' +
    '  await loginPage.login(_user.Usernames.STANDARD, _user.Passwords.STANDARD_PASSWORD);\n' +
    '  await (0, _test.expect)(page).toHaveURL(/inventory/);\n' +
    '  await (0, _test.expect)(page.locator(".title")).toHaveText("Products");\n' +
    '}',
  test_tags: [],
  test_started_at: '2026-07-04T19:00:45.932Z',
  test_scope: 'e2e/login.spec.ts - successful login redirects to products page',
  test_scopes: [],
  test_rerun_name: ' -latest:OSX Ventura-browserstack e2e/login.spec.ts successful login redirects to products page'
}
2026-07-04 21:00:51 - [32minfo[39m: [GrpcClient] Sending TestSessionEvent
2026-07-04 21:00:51 - [32minfo[39m: [GrpcClient] TestSessionEvent request successful
2026-07-04 21:00:52 - [32minfo[39m: [PlaywrightAutomationFramework] trackPlaywrightInstance: instance already exists
2026-07-04 21:00:52 - [32minfo[39m: [PlaywrightAutomationFramework] trackPlaywrightInstance: instance already exists
2026-07-04 21:00:52 - [32minfo[39m: [GrpcClient] Sending DriverInit
2026-07-04 21:00:52 - [32minfo[39m: [GrpcClient] DriverInit request successful
2026-07-04 21:00:52 - [32minfo[39m: [PlaywrightDriverModule] markSessionStatusViaRestApi: PUT https://api.browserstack.com/automate/sessions/7390c36be94a41ab96250a0f39ac6e3c30ee33d2.json status=passed
2026-07-04 21:00:52 - [32minfo[39m: [PlaywrightAutomationFramework] trackPlaywrightInstance: instance already exists
2026-07-04 21:00:53 - [32minfo[39m: getting screenshots results.
2026-07-04 21:00:53 - [32minfo[39m: [GrpcClient] Sending LogCreatedEvent
2026-07-04 21:00:53 - [32minfo[39m: [GrpcClient] Sending TestFrameworkEvent
2026-07-04 21:00:53 - [32minfo[39m: [GrpcClient] LogCreatedEvent request successful
2026-07-04 21:00:53 - [32minfo[39m: [GrpcClient] Sending TestFrameworkEvent
2026-07-04 21:00:53 - [32minfo[39m: [GrpcClient] TestFrameworkEvent request successful
2026-07-04 21:00:53 - [32minfo[39m: [GrpcClient] TestFrameworkEvent request successful
2026-07-04 21:00:53 - [32minfo[39m: [PlaywrightAutomationFramework] trackPlaywrightInstance: instance already exists
2026-07-04 21:00:53 - [32minfo[39m: [PlaywrightAutomationFramework] trackPlaywrightInstance: instance already exists
2026-07-04 21:00:53 - [32minfo[39m: [GrpcClient] Sending TestSessionEvent
2026-07-04 21:00:53 - [32minfo[39m: [GrpcClient] TestSessionEvent request successful
2026-07-04 21:00:53 - [32minfo[39m: [PlaywrightAutomationFramework] trackPlaywrightInstance: instance already exists
2026-07-04 21:00:53 - [32minfo[39m: [GrpcClient] Sending TestSessionEvent
2026-07-04 21:00:53 - [32minfo[39m: [GrpcClient] TestSessionEvent request successful
2026-07-04 21:00:53 - [32minfo[39m: [ObservabilityModule] onBeforeTest: TEST REPORTING AND ANALYTICS sync done
2026-07-04 21:00:53 - [32minfo[39m: [ObservabilityModule] onBeforeTest: TEST REPORTING AND ANALYTICS sync done
2026-07-04 21:00:54 - [33mwarn[39m: Accessibility Automation will run only on Chrome or ChromeForTesting browsers.
2026-07-04 21:00:54 - [32minfo[39m: [Accessibility] afterTestHook state: accessibilityPlatform=false, bstackA11yShouldScan=true
2026-07-04 21:00:54 - [32minfo[39m: [PlaywrightAutomationFramework] trackPlaywrightInstance: instance already exists
2026-07-04 21:00:54 - [32minfo[39m: [GrpcClient] Sending TestSessionEvent
2026-07-04 21:00:54 - [32minfo[39m: [GrpcClient] TestSessionEvent request successful
2026-07-04 21:00:54 - [32minfo[39m: [ObservabilityModule] onBeforeTest: TEST REPORTING AND ANALYTICS sync done
2026-07-04 21:00:54 - [32minfo[39m: [PlaywrightDriverModule] testId: 537b83cfbdf14afda252-d34d80b0ed6dd5276f24
2026-07-04 21:00:54 - [32minfo[39m: [PlaywrightDriverModule] testData from onAfterTest: {
  uuid: '3bcf1458-5c6e-4209-b2ac-831c676410ab',
  test_framework_name: 'Playwright',
  test_framework_version: '1.61.0',
  test_logs: [],
  test_hooks_finished: {},
  test_hooks_started: {},
  test_uuid: '3bcf1458-5c6e-4209-b2ac-831c676410ab',
  test_result: 'pending',
  automate_session_name: 'e2e/login.spec.ts - wrong password shows error',
  test_file_path: '/Users/tsl/Documents/projects/qa-automation/tests/e2e/login.spec.ts',
  test_id: '537b83cfbdf14afda252-d34d80b0ed6dd5276f24',
  test_name: 'wrong password shows error',
  test_location: '/Users/tsl/Documents/projects/qa-automation/tests/e2e/login.spec.ts',
  test_code: 'async ({\n' +
    '  page\n' +
    '}) => {\n' +
    '  const loginPage = new _login.LoginPage(page);\n' +
    '  await loginPage.login(_user.Usernames.STANDARD, _user.Passwords.WRONG_PASSWORD);\n' +
    '  await (0, _test.expect)(loginPage.getErrorBanner()).toBeVisible();\n' +
    '}',
  test_tags: [],
  test_started_at: '2026-07-04T19:00:53.056Z',
  test_scope: 'e2e/login.spec.ts - wrong password shows error',
  test_scopes: [],
  test_rerun_name: ' -latest:OSX Ventura-browserstack e2e/login.spec.ts wrong password shows error'
}
2026-07-04 21:00:54 - [32minfo[39m: [GrpcClient] Sending TestSessionEvent
2026-07-04 21:00:54 - [32minfo[39m: [GrpcClient] TestSessionEvent request successful
2026-07-04 21:00:55 - [32minfo[39m: [PlaywrightDriverModule] markSessionStatusViaRestApi: PUT https://api.browserstack.com/automate/sessions/7390c36be94a41ab96250a0f39ac6e3c30ee33d2.json status=passed
2026-07-04 21:00:55 - [33mwarn[39m: Accessibility Automation will run only on Chrome or ChromeForTesting browsers.
2026-07-04 21:00:55 - [32minfo[39m: getting screenshots results.
2026-07-04 21:00:55 - [32minfo[39m: [GrpcClient] Sending LogCreatedEvent
2026-07-04 21:00:55 - [32minfo[39m: [GrpcClient] Sending TestFrameworkEvent
2026-07-04 21:00:55 - [32minfo[39m: [GrpcClient] LogCreatedEvent request successful
2026-07-04 21:00:55 - [32minfo[39m: [GrpcClient] Sending TestFrameworkEvent
2026-07-04 21:00:55 - [32minfo[39m: [GrpcClient] TestFrameworkEvent request successful
2026-07-04 21:00:55 - [32minfo[39m: [GrpcClient] TestFrameworkEvent request successful
2026-07-04 21:00:55 - [32minfo[39m: [PlaywrightAutomationFramework] trackPlaywrightInstance: instance already exists
2026-07-04 21:00:55 - [32minfo[39m: [Accessibility] afterTestHook state: accessibilityPlatform=false, bstackA11yShouldScan=true
2026-07-04 21:00:55 - [32minfo[39m: [PlaywrightAutomationFramework] trackPlaywrightInstance: instance already exists
2026-07-04 21:00:55 - [32minfo[39m: [GrpcClient] Sending TestSessionEvent
2026-07-04 21:00:55 - [32minfo[39m: [GrpcClient] TestSessionEvent request successful
2026-07-04 21:00:55 - [32minfo[39m: [ObservabilityModule] onBeforeTest: TEST REPORTING AND ANALYTICS sync done
2026-07-04 21:00:55 - [32minfo[39m: [PlaywrightAutomationFramework] trackPlaywrightInstance: instance already exists
2026-07-04 21:00:55 - [32minfo[39m: [GrpcClient] Sending TestSessionEvent
2026-07-04 21:00:55 - [32minfo[39m: [GrpcClient] TestSessionEvent request successful
2026-07-04 21:00:55 - [32minfo[39m: [ObservabilityModule] onBeforeTest: TEST REPORTING AND ANALYTICS sync done
2026-07-04 21:00:55 - [32minfo[39m: [PlaywrightDriverModule] testId: 537b83cfbdf14afda252-c1c8d9b26a60fe56273c
2026-07-04 21:00:55 - [32minfo[39m: [PlaywrightDriverModule] testData from onAfterTest: {
  uuid: 'fa4013c6-8e5c-4879-aa59-5b6aea7de8ef',
  test_framework_name: 'Playwright',
  test_framework_version: '1.61.0',
  test_logs: [],
  test_hooks_finished: {},
  test_hooks_started: {},
  test_uuid: 'fa4013c6-8e5c-4879-aa59-5b6aea7de8ef',
  test_result: 'pending',
  automate_session_name: 'e2e/login.spec.ts - successful login redirects to products page',
  test_file_path: '/Users/tsl/Documents/projects/qa-automation/tests/e2e/login.spec.ts',
  test_id: '537b83cfbdf14afda252-c1c8d9b26a60fe56273c',
  test_name: 'successful login redirects to products page',
  test_location: '/Users/tsl/Documents/projects/qa-automation/tests/e2e/login.spec.ts',
  test_code: 'async ({\n' +
    '  page\n' +
    '}) => {\n' +
    '  const loginPage = new _login.LoginPage(page);\n' +
    '  await loginPage.login(_user.Usernames.STANDARD, _user.Passwords.STANDARD_PASSWORD);\n' +
    '  await (0, _test.expect)(page).toHaveURL(/inventory/);\n' +
    '  await (0, _test.expect)(page.locator(".title")).toHaveText("Products");\n' +
    '}',
  test_tags: [],
  test_started_at: '2026-07-04T19:00:45.951Z',
  test_scope: 'e2e/login.spec.ts - successful login redirects to products page',
  test_scopes: [],
  test_rerun_name: ' -latest:Windows 11-browserstack e2e/login.spec.ts successful login redirects to products page'
}
2026-07-04 21:00:55 - [32minfo[39m: [GrpcClient] Sending TestSessionEvent
2026-07-04 21:00:55 - [32minfo[39m: [GrpcClient] TestSessionEvent request successful
2026-07-04 21:00:56 - [32minfo[39m: [PlaywrightDriverModule] markSessionStatusViaRestApi: PUT https://api.browserstack.com/automate/sessions/311a757ce23db5e16df6161a7a73ec439b836cce.json status=passed
2026-07-04 21:00:56 - [33mwarn[39m: Accessibility Automation will run only on Chrome or ChromeForTesting browsers.
2026-07-04 21:00:57 - [32minfo[39m: [Accessibility] afterTestHook state: accessibilityPlatform=false, bstackA11yShouldScan=true
2026-07-04 21:00:57 - [32minfo[39m: [PlaywrightAutomationFramework] trackPlaywrightInstance: instance already exists
2026-07-04 21:00:57 - [32minfo[39m: [GrpcClient] Sending TestSessionEvent
2026-07-04 21:00:57 - [32minfo[39m: [GrpcClient] TestSessionEvent request successful
2026-07-04 21:00:57 - [32minfo[39m: [ObservabilityModule] onBeforeTest: TEST REPORTING AND ANALYTICS sync done
2026-07-04 21:00:57 - [32minfo[39m: getting screenshots results.
2026-07-04 21:00:57 - [32minfo[39m: [GrpcClient] Sending LogCreatedEvent
2026-07-04 21:00:57 - [32minfo[39m: [GrpcClient] Sending TestFrameworkEvent
2026-07-04 21:00:57 - [32minfo[39m: [GrpcClient] LogCreatedEvent request successful
2026-07-04 21:00:57 - [32minfo[39m: [GrpcClient] Sending TestFrameworkEvent
2026-07-04 21:00:57 - [32minfo[39m: [GrpcClient] TestFrameworkEvent request successful
2026-07-04 21:00:57 - [32minfo[39m: [GrpcClient] TestFrameworkEvent request successful
2026-07-04 21:00:57 - [32minfo[39m: [PlaywrightAutomationFramework] trackPlaywrightInstance: instance already exists
2026-07-04 21:00:57 - [32minfo[39m: [PlaywrightDriverModule] testId: 537b83cfbdf14afda252-0bd5001251d09742046f
2026-07-04 21:00:57 - [32minfo[39m: [PlaywrightDriverModule] testData from onAfterTest: {
  uuid: '433cfba3-a385-4a88-b3a7-c7fd3a2dd3f5',
  test_framework_name: 'Playwright',
  test_framework_version: '1.61.0',
  test_logs: [],
  test_hooks_finished: {},
  test_hooks_started: {},
  test_uuid: '68db5780-e743-4197-9d6d-e2f418e132e3',
  test_result: 'pending',
  automate_session_name: 'e2e/login.spec.ts - locked user login shows error',
  test_file_path: '/Users/tsl/Documents/projects/qa-automation/tests/e2e/login.spec.ts',
  test_id: '537b83cfbdf14afda252-0bd5001251d09742046f',
  test_name: 'locked user login shows error',
  test_location: '/Users/tsl/Documents/projects/qa-automation/tests/e2e/login.spec.ts',
  test_code: 'async ({\n' +
    '  page\n' +
    '}) => {\n' +
    '  const loginPage = new _login.LoginPage(page);\n' +
    '  const banner = loginPage.getErrorBanner();\n' +
    '  await loginPage.login(_user.Usernames.LOCKED_OUT, _user.Passwords.STANDARD_PASSWORD);\n' +
    '  await (0, _test.expect)(page).toHaveURL(/saucedemo\\.com\\/$/);\n' +
    '  await (0, _test.expect)(banner).toBeVisible();\n' +
    '  await (0, _test.expect)(banner).toContainText(_login2.LoginMessages.LOCKED_OUT);\n' +
    '}',
  test_tags: [],
  test_started_at: '2026-07-04T19:00:55.459Z',
  test_scope: 'e2e/login.spec.ts - locked user login shows error',
  test_scopes: [],
  test_rerun_name: ' -latest:OSX Ventura-browserstack e2e/login.spec.ts locked user login shows error'
}
2026-07-04 21:00:57 - [32minfo[39m: [GrpcClient] Sending TestSessionEvent
2026-07-04 21:00:57 - [32minfo[39m: [GrpcClient] TestSessionEvent request successful
2026-07-04 21:00:57 - [32minfo[39m: [PlaywrightAutomationFramework] trackPlaywrightInstance: instance already exists
2026-07-04 21:00:57 - [32minfo[39m: [GrpcClient] Sending TestSessionEvent
2026-07-04 21:00:57 - [32minfo[39m: [GrpcClient] TestSessionEvent request successful
2026-07-04 21:00:57 - [32minfo[39m: [PlaywrightDriverModule] markSessionStatusViaRestApi: PUT https://api.browserstack.com/automate/sessions/7390c36be94a41ab96250a0f39ac6e3c30ee33d2.json status=passed
2026-07-04 21:00:57 - [32minfo[39m: [ObservabilityModule] onBeforeTest: TEST REPORTING AND ANALYTICS sync done
2026-07-04 21:00:58 - [32minfo[39m: getting screenshots results.
2026-07-04 21:00:58 - [32minfo[39m: [GrpcClient] Sending LogCreatedEvent
2026-07-04 21:00:58 - [32minfo[39m: [GrpcClient] LogCreatedEvent request successful
2026-07-04 21:00:58 - [32minfo[39m: [GrpcClient] Sending TestFrameworkEvent
2026-07-04 21:00:58 - [32minfo[39m: [GrpcClient] TestFrameworkEvent request successful
2026-07-04 21:00:58 - [33mwarn[39m: Accessibility Automation will run only on Chrome or ChromeForTesting browsers.
2026-07-04 21:00:58 - [32minfo[39m: [Accessibility] afterTestHook state: accessibilityPlatform=false, bstackA11yShouldScan=true
2026-07-04 21:00:58 - [32minfo[39m: [PlaywrightAutomationFramework] trackPlaywrightInstance: instance already exists
2026-07-04 21:00:58 - [32minfo[39m: [GrpcClient] Sending TestSessionEvent
2026-07-04 21:00:58 - [32minfo[39m: [GrpcClient] TestSessionEvent request successful
2026-07-04 21:00:58 - [32minfo[39m: [ObservabilityModule] onBeforeTest: TEST REPORTING AND ANALYTICS sync done
2026-07-04 21:00:59 - [32minfo[39m: [PlaywrightDriverModule] testId: 537b83cfbdf14afda252-f97246ce5c6f33f1a704
2026-07-04 21:00:59 - [32minfo[39m: [PlaywrightDriverModule] testData from onAfterTest: {
  uuid: '8af21646-f0e9-422d-9849-9632125cbc84',
  test_framework_name: 'Playwright',
  test_framework_version: '1.61.0',
  test_logs: [],
  test_hooks_finished: {},
  test_hooks_started: {},
  test_uuid: '8af21646-f0e9-422d-9849-9632125cbc84',
  test_result: 'pending',
  automate_session_name: 'e2e/login.spec.ts - wrong password shows error',
  test_file_path: '/Users/tsl/Documents/projects/qa-automation/tests/e2e/login.spec.ts',
  test_id: '537b83cfbdf14afda252-f97246ce5c6f33f1a704',
  test_name: 'wrong password shows error',
  test_location: '/Users/tsl/Documents/projects/qa-automation/tests/e2e/login.spec.ts',
  test_code: 'async ({\n' +
    '  page\n' +
    '}) => {\n' +
    '  const loginPage = new _login.LoginPage(page);\n' +
    '  await loginPage.login(_user.Usernames.STANDARD, _user.Passwords.WRONG_PASSWORD);\n' +
    '  await (0, _test.expect)(loginPage.getErrorBanner()).toBeVisible();\n' +
    '}',
  test_tags: [],
  test_started_at: '2026-07-04T19:00:57.163Z',
  test_scope: 'e2e/login.spec.ts - wrong password shows error',
  test_scopes: [],
  test_rerun_name: ' -latest:Windows 11-browserstack e2e/login.spec.ts wrong password shows error'
}
2026-07-04 21:00:59 - [32minfo[39m: [GrpcClient] Sending TestSessionEvent
2026-07-04 21:00:59 - [32minfo[39m: [GrpcClient] TestSessionEvent request successful
2026-07-04 21:00:59 - [32minfo[39m: [PlaywrightDriverModule] markSessionStatusViaRestApi: PUT https://api.browserstack.com/automate/sessions/311a757ce23db5e16df6161a7a73ec439b836cce.json status=passed
2026-07-04 21:01:00 - [32minfo[39m: getting screenshots results.
2026-07-04 21:01:00 - [32minfo[39m: [GrpcClient] Sending LogCreatedEvent
2026-07-04 21:01:00 - [32minfo[39m: [GrpcClient] Sending TestFrameworkEvent
2026-07-04 21:01:00 - [32minfo[39m: [GrpcClient] LogCreatedEvent request successful
2026-07-04 21:01:00 - [32minfo[39m: [GrpcClient] Sending TestFrameworkEvent
2026-07-04 21:01:00 - [32minfo[39m: [GrpcClient] TestFrameworkEvent request successful
2026-07-04 21:01:00 - [32minfo[39m: [GrpcClient] TestFrameworkEvent request successful
2026-07-04 21:01:00 - [32minfo[39m: [PlaywrightAutomationFramework] trackPlaywrightInstance: instance already exists
2026-07-04 21:01:00 - [32minfo[39m: [PlaywrightAutomationFramework] trackPlaywrightInstance: instance already exists
2026-07-04 21:01:00 - [32minfo[39m: [GrpcClient] Sending TestSessionEvent
2026-07-04 21:01:00 - [32minfo[39m: [GrpcClient] TestSessionEvent request successful
2026-07-04 21:01:00 - [32minfo[39m: [ObservabilityModule] onBeforeTest: TEST REPORTING AND ANALYTICS sync done
2026-07-04 21:01:01 - [33mwarn[39m: Accessibility Automation will run only on Chrome or ChromeForTesting browsers.
2026-07-04 21:01:02 - [32minfo[39m: [Accessibility] afterTestHook state: accessibilityPlatform=false, bstackA11yShouldScan=true
2026-07-04 21:01:02 - [32minfo[39m: [PlaywrightAutomationFramework] trackPlaywrightInstance: instance already exists
2026-07-04 21:01:02 - [32minfo[39m: [GrpcClient] Sending TestSessionEvent
2026-07-04 21:01:02 - [32minfo[39m: [GrpcClient] TestSessionEvent request successful
2026-07-04 21:01:02 - [32minfo[39m: [ObservabilityModule] onBeforeTest: TEST REPORTING AND ANALYTICS sync done
2026-07-04 21:01:02 - [32minfo[39m: [PlaywrightDriverModule] testId: 537b83cfbdf14afda252-c99d43c50a18b930bc40
2026-07-04 21:01:02 - [32minfo[39m: [PlaywrightDriverModule] testData from onAfterTest: {
  uuid: '339f38d9-fbd6-4ee3-94ba-fb09735f97df',
  test_framework_name: 'Playwright',
  test_framework_version: '1.61.0',
  test_logs: [],
  test_hooks_finished: {},
  test_hooks_started: {},
  test_uuid: '339f38d9-fbd6-4ee3-94ba-fb09735f97df',
  test_result: 'pending',
  automate_session_name: 'e2e/login.spec.ts - locked user login shows error',
  test_file_path: '/Users/tsl/Documents/projects/qa-automation/tests/e2e/login.spec.ts',
  test_id: '537b83cfbdf14afda252-c99d43c50a18b930bc40',
  test_name: 'locked user login shows error',
  test_location: '/Users/tsl/Documents/projects/qa-automation/tests/e2e/login.spec.ts',
  test_code: 'async ({\n' +
    '  page\n' +
    '}) => {\n' +
    '  const loginPage = new _login.LoginPage(page);\n' +
    '  const banner = loginPage.getErrorBanner();\n' +
    '  await loginPage.login(_user.Usernames.LOCKED_OUT, _user.Passwords.STANDARD_PASSWORD);\n' +
    '  await (0, _test.expect)(page).toHaveURL(/saucedemo\\.com\\/$/);\n' +
    '  await (0, _test.expect)(banner).toBeVisible();\n' +
    '  await (0, _test.expect)(banner).toContainText(_login2.LoginMessages.LOCKED_OUT);\n' +
    '}',
  test_tags: [],
  test_started_at: '2026-07-04T19:01:00.151Z',
  test_scope: 'e2e/login.spec.ts - locked user login shows error',
  test_scopes: [],
  test_rerun_name: ' -latest:Windows 11-browserstack e2e/login.spec.ts locked user login shows error'
}
2026-07-04 21:01:02 - [32minfo[39m: [GrpcClient] Sending TestSessionEvent
2026-07-04 21:01:02 - [32minfo[39m: [GrpcClient] TestSessionEvent request successful
2026-07-04 21:01:02 - [32minfo[39m: [PlaywrightDriverModule] markSessionStatusViaRestApi: PUT https://api.browserstack.com/automate/sessions/311a757ce23db5e16df6161a7a73ec439b836cce.json status=passed
2026-07-04 21:01:03 - [32minfo[39m: getting screenshots results.
2026-07-04 21:01:03 - [32minfo[39m: [GrpcClient] Sending LogCreatedEvent
2026-07-04 21:01:03 - [32minfo[39m: [GrpcClient] LogCreatedEvent request successful
2026-07-04 21:01:03 - [32minfo[39m: [GrpcClient] Sending TestFrameworkEvent
2026-07-04 21:01:03 - [32minfo[39m: [GrpcClient] TestFrameworkEvent request successful
2026-07-04 21:01:03 - [32minfo[39m: [BrowserstackCLI] stop: CLI stop triggered
2026-07-04 21:01:03 - [32minfo[39m: [GrpcClient] Stopping bin session
2026-07-04 21:01:04 - [32minfo[39m: [GrpcClient] StopBinSession successful
2026-07-04 21:01:04 - [32minfo[39m: stop: stopBinSession build_link=https://automate.browserstack.com/dashboard/v2/builds/188c62123c2a45be43e5d3c55ee256cb631fbdb9 hashed_id=188c62123c2a45be43e5d3c55ee256cb631fbdb9 o11y_uuid=4wtcujkzrixzzcovs5e2qcrx2p1xx4fecu0k5auo
2026-07-04 21:01:04 - [32minfo[39m: [BrowserstackCLI] Unconfiguring modules
2026-07-04 21:01:04 - [32minfo[39m: [BrowserstackCLI] stop: channel closed
2026-07-04 21:01:09 - [32minfo[39m: [BrowserstackCLI] stop: shutting down CLI
2026-07-04 21:01:10 - [32minfo[39m: [BrowserstackCLI] stop: CLI process exited
2026-07-04 21:01:10 - [32minfo[39m: Visit https://automation.browserstack.com/builds/4wtcujkzrixzzcovs5e2qcrx2p1xx4fecu0k5auo to view build report, insights, and many more debugging information all at one place!

2026-07-04 21:01:10 - [32minfo[39m: View build on BrowserStack dashboard: https://automate.browserstack.com/dashboard/v2/builds/188c62123c2a45be43e5d3c55ee256cb631fbdb9
2026-07-04 21:01:11 - [32minfo[39m: SDK run ended for id: ced50d11-dbba-4c4e-8668-70e0df4cb7d4, testhub id: 4wtcujkzrixzzcovs5e2qcrx2p1xx4fecu0k5auo
2026-07-04 21:01:12 - [32minfo[39m: Deleting /Users/tsl/Documents/projects/qa-automation/playwright-browserstack-sdk.config.ts
2026-07-04 21:01:12 - [32minfo[39m: [BrowserstackCLI] stop: CLI is not running, skipping stop
2026-07-04 21:01:56 - [32minfo[39m: Reading configs from /Users/tsl/Documents/projects/qa-automation/browserstack.yml
2026-07-04 21:01:56 - [32minfo[39m: Log Directory has been set to /Users/tsl/Documents/projects/qa-automation/log
2026-07-04 21:01:56 - [32minfo[39m: Running SDK with args /opt/homebrew/Cellar/node/26.0.0/bin/node /Users/tsl/Documents/projects/qa-automation/node_modules/.bin/browserstack-node-sdk playwright test tests/e2e/login.spec.ts --config=playwright.browserstack.config.ts
2026-07-04 21:01:56 - [32minfo[39m: SDK run started with id: 495b8767-ae76-4d2b-ac21-e2cb9619ffd7
2026-07-04 21:01:56 - [32minfo[39m: Project and debug logs are captured by default. To disable, set disableAutoCaptureLogs: true in config.
2026-07-04 21:01:57 - [32minfo[39m: [BrowserstackCLI] startMain: Starting main process
2026-07-04 21:01:57 - [32minfo[39m: [CLIUtils] Current CLI Path Found: /Users/tsl/.browserstack/cli/binary-macos-arm64
2026-07-04 21:01:58 - [32minfo[39m: [BrowserstackCLI] spawning command='/Users/tsl/.browserstack/cli/binary-macos-arm64,sdk'
2026-07-04 21:01:58 - [32minfo[39m: [BrowserstackCLI] CLI params loaded: {"id":"f66ab3b4-7307-4251-a42d-09f368fab3bc","listen":"unix:/tmp/sdk-platform-f66ab3b4-7307-4251-a42d-09f368fab3bc.sock"}
2026-07-04 21:01:58 - [32minfo[39m: [GrpcClient] Connected to gRPC server at unix:/tmp/sdk-platform-f66ab3b4-7307-4251-a42d-09f368fab3bc.sock
2026-07-04 21:01:58 - [32minfo[39m: [GrpcClient] Initialized gRPC client with bin session id: f66ab3b4-7307-4251-a42d-09f368fab3bc and listen address: unix:/tmp/sdk-platform-f66ab3b4-7307-4251-a42d-09f368fab3bc.sock
2026-07-04 21:01:58 - [32minfo[39m: [GrpcClient] startBinSession: Calling startBinSession
2026-07-04 21:01:58 - [32minfo[39m: [GrpcClient] setCliArgs: cliArgs=["playwright","test","tests/e2e/login.spec.ts"], parsedConfig=[]
2026-07-04 21:02:00 - [32minfo[39m: [GrpcClient] StartBinSession successful
2026-07-04 21:02:00 - [32minfo[39m: [BrowserstackCLI] loadModules: Loading modules
2026-07-04 21:02:00 - [32minfo[39m: [BrowserstackCLI] loadModules: binSessionId=f66ab3b4-7307-4251-a42d-09f368fab3bc
2026-07-04 21:02:00 - [32minfo[39m: [BrowserstackCLI] loading Modules.
2026-07-04 21:02:00 - [32minfo[39m: [BrowserstackCLI] setCliArgs: cliArgs=["playwright","test","tests/e2e/login.spec.ts"]
2026-07-04 21:02:00 - [32minfo[39m: [BrowserstackCLI] Accessibility success=false
2026-07-04 21:02:01 - [32minfo[39m: [BrowserstackCLI] Starting as child process with session ID: f66ab3b4-7307-4251-a42d-09f368fab3bc
2026-07-04 21:02:01 - [32minfo[39m: [GrpcClient] Connected to gRPC server at unix:/tmp/sdk-platform-f66ab3b4-7307-4251-a42d-09f368fab3bc.sock
2026-07-04 21:02:01 - [32minfo[39m: [GrpcClient] Connecting bin session
2026-07-04 21:02:01 - [32minfo[39m: [GrpcClient] ConnectBinSession successful
2026-07-04 21:02:01 - [32minfo[39m: [BrowserstackCLI] loadModules: Loading modules
2026-07-04 21:02:01 - [32minfo[39m: [BrowserstackCLI] loadModules: binSessionId=f66ab3b4-7307-4251-a42d-09f368fab3bc
2026-07-04 21:02:01 - [32minfo[39m: [BrowserstackCLI] loading Modules.
2026-07-04 21:02:01 - [32minfo[39m: [BrowserstackCLI] Accessibility success=false
2026-07-04 21:02:01 - [32minfo[39m: [GrpcClient] Getting Playwright config
2026-07-04 21:02:01 - [32minfo[39m: [GrpcClient] PlaywrightConfig request successful
2026-07-04 21:02:01 - [33mwarn[39m: [modifyPlaywrightConf] Playwright "video" and "trace" recording are not supported over BrowserStack remote sessions and have been disabled to prevent run failures. Session video is available on the BrowserStack Automate dashboard. The "screenshot" option is unaffected.
2026-07-04 21:02:01 - [32minfo[39m: Setting up TestInfo directory at /Users/tsl/Documents/projects/qa-automation/log/.obs_test_details-default
2026-07-04 21:02:01 - [32minfo[39m: [PlaywrightTestFramework] trackPlaywrightInstance: created instance for target=8626:0, state=TestFrameworkState.INIT_TEST
2026-07-04 21:02:01 - [32minfo[39m: [PlaywrightTestFramework] trackPlaywrightInstance: saved instance contextId=3e7f0094cd85c0e3843e29b3edbc789d094e4a7af82f3b28571e8e71d092e163 target=8626:0
2026-07-04 21:02:02 - [32minfo[39m: [BrowserstackCLI] Starting as child process with session ID: f66ab3b4-7307-4251-a42d-09f368fab3bc
2026-07-04 21:02:02 - [32minfo[39m: [GrpcClient] Connected to gRPC server at unix:/tmp/sdk-platform-f66ab3b4-7307-4251-a42d-09f368fab3bc.sock
2026-07-04 21:02:02 - [32minfo[39m: [GrpcClient] Connecting bin session
2026-07-04 21:02:02 - [32minfo[39m: [BrowserstackCLI] Starting as child process with session ID: f66ab3b4-7307-4251-a42d-09f368fab3bc
2026-07-04 21:02:02 - [32minfo[39m: [GrpcClient] ConnectBinSession successful
2026-07-04 21:02:02 - [32minfo[39m: [GrpcClient] Connected to gRPC server at unix:/tmp/sdk-platform-f66ab3b4-7307-4251-a42d-09f368fab3bc.sock
2026-07-04 21:02:02 - [32minfo[39m: [GrpcClient] Connecting bin session
2026-07-04 21:02:02 - [32minfo[39m: [BrowserstackCLI] Starting as child process with session ID: f66ab3b4-7307-4251-a42d-09f368fab3bc
2026-07-04 21:02:02 - [32minfo[39m: [GrpcClient] Connected to gRPC server at unix:/tmp/sdk-platform-f66ab3b4-7307-4251-a42d-09f368fab3bc.sock
2026-07-04 21:02:02 - [32minfo[39m: [GrpcClient] Connecting bin session
2026-07-04 21:02:02 - [32minfo[39m: [GrpcClient] ConnectBinSession successful
2026-07-04 21:02:02 - [32minfo[39m: [GrpcClient] ConnectBinSession successful
2026-07-04 21:02:02 - [32minfo[39m: [BrowserstackCLI] loadModules: Loading modules
2026-07-04 21:02:02 - [32minfo[39m: [BrowserstackCLI] loadModules: binSessionId=f66ab3b4-7307-4251-a42d-09f368fab3bc
2026-07-04 21:02:02 - [32minfo[39m: [BrowserstackCLI] loading Modules.
2026-07-04 21:02:02 - [32minfo[39m: [BrowserstackCLI] Accessibility success=false
2026-07-04 21:02:02 - [32minfo[39m: [GrpcClient] Getting Playwright config
2026-07-04 21:02:02 - [32minfo[39m: [GrpcClient] PlaywrightConfig request successful
2026-07-04 21:02:02 - [32minfo[39m: [BrowserstackCLI] loadModules: Loading modules
2026-07-04 21:02:02 - [32minfo[39m: [BrowserstackCLI] loadModules: binSessionId=f66ab3b4-7307-4251-a42d-09f368fab3bc
2026-07-04 21:02:02 - [32minfo[39m: [BrowserstackCLI] loading Modules.
2026-07-04 21:02:02 - [32minfo[39m: [BrowserstackCLI] Accessibility success=false
2026-07-04 21:02:02 - [32minfo[39m: [GrpcClient] Getting Playwright config
2026-07-04 21:02:02 - [32minfo[39m: [BrowserstackCLI] loadModules: Loading modules
2026-07-04 21:02:02 - [32minfo[39m: [BrowserstackCLI] loadModules: binSessionId=f66ab3b4-7307-4251-a42d-09f368fab3bc
2026-07-04 21:02:02 - [32minfo[39m: [BrowserstackCLI] loading Modules.
2026-07-04 21:02:02 - [32minfo[39m: [BrowserstackCLI] Accessibility success=false
2026-07-04 21:02:02 - [32minfo[39m: [GrpcClient] Getting Playwright config
2026-07-04 21:02:02 - [32minfo[39m: [GrpcClient] PlaywrightConfig request successful
2026-07-04 21:02:02 - [32minfo[39m: [GrpcClient] PlaywrightConfig request successful
2026-07-04 21:02:02 - [33mwarn[39m: [modifyPlaywrightConf] Playwright "video" and "trace" recording are not supported over BrowserStack remote sessions and have been disabled to prevent run failures. Session video is available on the BrowserStack Automate dashboard. The "screenshot" option is unaffected.
2026-07-04 21:02:02 - [33mwarn[39m: [modifyPlaywrightConf] Playwright "video" and "trace" recording are not supported over BrowserStack remote sessions and have been disabled to prevent run failures. Session video is available on the BrowserStack Automate dashboard. The "screenshot" option is unaffected.
2026-07-04 21:02:02 - [33mwarn[39m: [modifyPlaywrightConf] Playwright "video" and "trace" recording are not supported over BrowserStack remote sessions and have been disabled to prevent run failures. Session video is available on the BrowserStack Automate dashboard. The "screenshot" option is unaffected.
2026-07-04 21:02:02 - [32minfo[39m: [GrpcClient] Sending TestFrameworkEvent
2026-07-04 21:02:02 - [32minfo[39m: [GrpcClient] Sending TestFrameworkEvent
2026-07-04 21:02:02 - [32minfo[39m: [GrpcClient] Sending TestFrameworkEvent
2026-07-04 21:02:02 - [32minfo[39m: [GrpcClient] TestFrameworkEvent request successful
2026-07-04 21:02:02 - [32minfo[39m: [BrowserstackCLI] Starting as child process with session ID: f66ab3b4-7307-4251-a42d-09f368fab3bc
2026-07-04 21:02:02 - [32minfo[39m: [GrpcClient] TestFrameworkEvent request successful
2026-07-04 21:02:02 - [32minfo[39m: [GrpcClient] TestFrameworkEvent request successful
2026-07-04 21:02:02 - [32minfo[39m: [BrowserstackCLI] Starting as child process with session ID: f66ab3b4-7307-4251-a42d-09f368fab3bc
2026-07-04 21:02:02 - [32minfo[39m: [BrowserstackCLI] Starting as child process with session ID: f66ab3b4-7307-4251-a42d-09f368fab3bc
2026-07-04 21:02:02 - [32minfo[39m: [BrowserstackCLI] startChild: client and channel already exist, stopping here
2026-07-04 21:02:02 - [32minfo[39m: [PlaywrightAutomationFramework] trackPlaywrightInstance: created instance for target=8632:0, state=AutomationFrameworkState.CREATE
2026-07-04 21:02:02 - [32minfo[39m: [PlaywrightAutomationFramework] trackPlaywrightInstance: saved instance contextId=9b4ddd884484d7c62038c516872bac56a7d97992f668e9afb6740f023b4b5d9f target=8632:0
2026-07-04 21:02:02 - [32minfo[39m: [BrowserstackCLI] startChild: client and channel already exist, stopping here
2026-07-04 21:02:02 - [32minfo[39m: [PlaywrightAutomationFramework] trackPlaywrightInstance: created instance for target=8631:0, state=AutomationFrameworkState.CREATE
2026-07-04 21:02:02 - [32minfo[39m: [PlaywrightAutomationFramework] trackPlaywrightInstance: saved instance contextId=c7a050b9622ba4f7f976158c1847794f9f56c9c17a604544e5db00f99b742c6c target=8631:0
2026-07-04 21:02:02 - [32minfo[39m: [BrowserstackCLI] startChild: client and channel already exist, stopping here
2026-07-04 21:02:02 - [32minfo[39m: [PlaywrightAutomationFramework] trackPlaywrightInstance: created instance for target=8630:0, state=AutomationFrameworkState.CREATE
2026-07-04 21:02:02 - [32minfo[39m: [PlaywrightAutomationFramework] trackPlaywrightInstance: saved instance contextId=a8805d449bacc069eb38bc61fc12bc01942ac5deb52a129e1f4bcde4c2d5bcc0 target=8630:0
2026-07-04 21:02:03 - [32minfo[39m: [Accessibility] afterTestHook state: accessibilityPlatform=false, bstackA11yShouldScan=true
2026-07-04 21:02:03 - [32minfo[39m: [PlaywrightAutomationFramework] trackPlaywrightInstance: instance already exists
2026-07-04 21:02:03 - [32minfo[39m: [PlaywrightDriverModule] testId: 537b83cfbdf14afda252-35b58795cca1dc249e25
2026-07-04 21:02:03 - [32minfo[39m: [PlaywrightDriverModule] testData from onAfterTest: {
  uuid: '0ddb16dd-953f-4756-9aac-a8bccc27ed1b',
  test_framework_name: 'Playwright',
  test_framework_version: '1.61.0',
  test_logs: [],
  test_hooks_finished: {},
  test_hooks_started: {},
  test_uuid: '0ddb16dd-953f-4756-9aac-a8bccc27ed1b',
  test_result: 'pending',
  automate_session_name: 'e2e/login.spec.ts - successful login redirects to products page',
  test_file_path: '/Users/tsl/Documents/projects/qa-automation/tests/e2e/login.spec.ts',
  test_id: '537b83cfbdf14afda252-35b58795cca1dc249e25',
  test_name: 'successful login redirects to products page',
  test_location: '/Users/tsl/Documents/projects/qa-automation/tests/e2e/login.spec.ts',
  test_code: 'async ({\n' +
    '  page\n' +
    '}) => {\n' +
    '  const loginPage = new _login.LoginPage(page);\n' +
    '  await loginPage.login(_user.Usernames.STANDARD, _user.Passwords.STANDARD_PASSWORD);\n' +
    '  await (0, _test.expect)(page).toHaveURL(/inventory/);\n' +
    '  await (0, _test.expect)(page.locator(".title")).toHaveText("Products");\n' +
    '}',
  test_tags: [],
  test_started_at: '2026-07-04T19:02:02.604Z',
  test_scope: 'e2e/login.spec.ts - successful login redirects to products page',
  test_scopes: [],
  test_rerun_name: ' -latest:Windows 11-browserstack e2e/login.spec.ts successful login redirects to products page'
}
2026-07-04 21:02:03 - [32minfo[39m: [GrpcClient] Sending TestSessionEvent
2026-07-04 21:02:03 - [32minfo[39m: [GrpcClient] TestSessionEvent request successful
2026-07-04 21:02:03 - [32minfo[39m: getting screenshots results.
2026-07-04 21:02:03 - [32minfo[39m: [GrpcClient] Sending LogCreatedEvent
2026-07-04 21:02:03 - [32minfo[39m: [GrpcClient] LogCreatedEvent request successful
2026-07-04 21:02:03 - [32minfo[39m: [GrpcClient] Sending TestFrameworkEvent
2026-07-04 21:02:03 - [32minfo[39m: [GrpcClient] TestFrameworkEvent request successful
2026-07-04 21:02:04 - [32minfo[39m: [BrowserstackCLI] Starting as child process with session ID: f66ab3b4-7307-4251-a42d-09f368fab3bc
2026-07-04 21:02:04 - [32minfo[39m: [GrpcClient] Connected to gRPC server at unix:/tmp/sdk-platform-f66ab3b4-7307-4251-a42d-09f368fab3bc.sock
2026-07-04 21:02:04 - [32minfo[39m: [GrpcClient] Connecting bin session
2026-07-04 21:02:04 - [32minfo[39m: [GrpcClient] ConnectBinSession successful
2026-07-04 21:02:04 - [32minfo[39m: [BrowserstackCLI] loadModules: Loading modules
2026-07-04 21:02:04 - [32minfo[39m: [BrowserstackCLI] loadModules: binSessionId=f66ab3b4-7307-4251-a42d-09f368fab3bc
2026-07-04 21:02:04 - [32minfo[39m: [BrowserstackCLI] loading Modules.
2026-07-04 21:02:04 - [32minfo[39m: [BrowserstackCLI] Accessibility success=false
2026-07-04 21:02:04 - [32minfo[39m: [GrpcClient] Getting Playwright config
2026-07-04 21:02:04 - [32minfo[39m: [GrpcClient] PlaywrightConfig request successful
2026-07-04 21:02:04 - [33mwarn[39m: [modifyPlaywrightConf] Playwright "video" and "trace" recording are not supported over BrowserStack remote sessions and have been disabled to prevent run failures. Session video is available on the BrowserStack Automate dashboard. The "screenshot" option is unaffected.
2026-07-04 21:02:04 - [32minfo[39m: [GrpcClient] Sending TestFrameworkEvent
2026-07-04 21:02:04 - [32minfo[39m: [GrpcClient] TestFrameworkEvent request successful
2026-07-04 21:02:04 - [32minfo[39m: [BrowserstackCLI] Starting as child process with session ID: f66ab3b4-7307-4251-a42d-09f368fab3bc
2026-07-04 21:02:04 - [32minfo[39m: [BrowserstackCLI] startChild: client and channel already exist, stopping here
2026-07-04 21:02:04 - [32minfo[39m: [PlaywrightAutomationFramework] trackPlaywrightInstance: created instance for target=8640:0, state=AutomationFrameworkState.CREATE
2026-07-04 21:02:04 - [32minfo[39m: [PlaywrightAutomationFramework] trackPlaywrightInstance: saved instance contextId=e2809fa5a05c64fb270e54c130caab37bcac17f958aa8aebdb02a34df2d44997 target=8640:0
2026-07-04 21:02:05 - [32minfo[39m: [PlaywrightAutomationFramework] trackPlaywrightInstance: instance already exists
2026-07-04 21:02:05 - [32minfo[39m: [PlaywrightAutomationFramework] trackPlaywrightInstance: instance already exists
2026-07-04 21:02:05 - [32minfo[39m: [GrpcClient] Sending DriverInit
2026-07-04 21:02:05 - [32minfo[39m: [GrpcClient] DriverInit request successful
2026-07-04 21:02:05 - [32minfo[39m: [PlaywrightAutomationFramework] trackPlaywrightInstance: instance already exists
2026-07-04 21:02:06 - [32minfo[39m: [Accessibility] afterTestHook state: accessibilityPlatform=false, bstackA11yShouldScan=true
2026-07-04 21:02:06 - [32minfo[39m: [PlaywrightAutomationFramework] trackPlaywrightInstance: instance already exists
2026-07-04 21:02:06 - [32minfo[39m: [PlaywrightDriverModule] testId: 537b83cfbdf14afda252-f54344e0c95999009928
2026-07-04 21:02:06 - [32minfo[39m: [PlaywrightDriverModule] testData from onAfterTest: {
  uuid: '4752b93b-a813-4baf-8e5e-bb81b56ba823',
  test_framework_name: 'Playwright',
  test_framework_version: '1.61.0',
  test_logs: [],
  test_hooks_finished: {},
  test_hooks_started: {},
  test_uuid: '4752b93b-a813-4baf-8e5e-bb81b56ba823',
  test_result: 'pending',
  automate_session_name: 'e2e/login.spec.ts - wrong password shows error',
  test_file_path: '/Users/tsl/Documents/projects/qa-automation/tests/e2e/login.spec.ts',
  test_id: '537b83cfbdf14afda252-f54344e0c95999009928',
  test_name: 'wrong password shows error',
  test_location: '/Users/tsl/Documents/projects/qa-automation/tests/e2e/login.spec.ts',
  test_code: 'async ({\n' +
    '  page\n' +
    '}) => {\n' +
    '  const loginPage = new _login.LoginPage(page);\n' +
    '  await loginPage.login(_user.Usernames.STANDARD, _user.Passwords.WRONG_PASSWORD);\n' +
    '  await (0, _test.expect)(loginPage.getErrorBanner()).toBeVisible();\n' +
    '}',
  test_tags: [],
  test_started_at: '2026-07-04T19:02:04.235Z',
  test_scope: 'e2e/login.spec.ts - wrong password shows error',
  test_scopes: [],
  test_rerun_name: ' -latest:Windows 11-browserstack e2e/login.spec.ts wrong password shows error'
}
2026-07-04 21:02:06 - [32minfo[39m: [GrpcClient] Sending TestSessionEvent
2026-07-04 21:02:06 - [32minfo[39m: [GrpcClient] TestSessionEvent request successful
2026-07-04 21:02:06 - [32minfo[39m: getting screenshots results.
2026-07-04 21:02:06 - [32minfo[39m: [GrpcClient] Sending LogCreatedEvent
2026-07-04 21:02:06 - [32minfo[39m: [GrpcClient] LogCreatedEvent request successful
2026-07-04 21:02:06 - [32minfo[39m: [GrpcClient] Sending TestFrameworkEvent
2026-07-04 21:02:06 - [32minfo[39m: [GrpcClient] TestFrameworkEvent request successful
2026-07-04 21:02:06 - [32minfo[39m: [BrowserstackCLI] Starting as child process with session ID: f66ab3b4-7307-4251-a42d-09f368fab3bc
2026-07-04 21:02:06 - [32minfo[39m: [GrpcClient] Connected to gRPC server at unix:/tmp/sdk-platform-f66ab3b4-7307-4251-a42d-09f368fab3bc.sock
2026-07-04 21:02:06 - [32minfo[39m: [GrpcClient] Connecting bin session
2026-07-04 21:02:06 - [32minfo[39m: [PlaywrightAutomationFramework] trackPlaywrightInstance: instance already exists
2026-07-04 21:02:06 - [32minfo[39m: [GrpcClient] ConnectBinSession successful
2026-07-04 21:02:06 - [32minfo[39m: [GrpcClient] Sending TestSessionEvent
2026-07-04 21:02:06 - [32minfo[39m: [GrpcClient] TestSessionEvent request successful
2026-07-04 21:02:06 - [32minfo[39m: [BrowserstackCLI] loadModules: Loading modules
2026-07-04 21:02:06 - [32minfo[39m: [BrowserstackCLI] loadModules: binSessionId=f66ab3b4-7307-4251-a42d-09f368fab3bc
2026-07-04 21:02:06 - [32minfo[39m: [BrowserstackCLI] loading Modules.
2026-07-04 21:02:06 - [32minfo[39m: [BrowserstackCLI] Accessibility success=false
2026-07-04 21:02:06 - [32minfo[39m: [GrpcClient] Getting Playwright config
2026-07-04 21:02:06 - [32minfo[39m: [GrpcClient] PlaywrightConfig request successful
2026-07-04 21:02:06 - [32minfo[39m: [ObservabilityModule] onBeforeTest: TEST REPORTING AND ANALYTICS sync done
2026-07-04 21:02:06 - [33mwarn[39m: [modifyPlaywrightConf] Playwright "video" and "trace" recording are not supported over BrowserStack remote sessions and have been disabled to prevent run failures. Session video is available on the BrowserStack Automate dashboard. The "screenshot" option is unaffected.
2026-07-04 21:02:06 - [32minfo[39m: [GrpcClient] Sending TestFrameworkEvent
2026-07-04 21:02:06 - [32minfo[39m: [GrpcClient] TestFrameworkEvent request successful
2026-07-04 21:02:06 - [32minfo[39m: [BrowserstackCLI] Starting as child process with session ID: f66ab3b4-7307-4251-a42d-09f368fab3bc
2026-07-04 21:02:06 - [32minfo[39m: [BrowserstackCLI] startChild: client and channel already exist, stopping here
2026-07-04 21:02:06 - [32minfo[39m: [PlaywrightAutomationFramework] trackPlaywrightInstance: created instance for target=8643:0, state=AutomationFrameworkState.CREATE
2026-07-04 21:02:06 - [32minfo[39m: [PlaywrightAutomationFramework] trackPlaywrightInstance: saved instance contextId=eed0efee1017a27f2eb2fc1c3f3eee1999fbc359050fab5a0d8d2d8f51be8c56 target=8643:0
2026-07-04 21:02:07 - [33mwarn[39m: Accessibility Automation will run only on Chrome or ChromeForTesting browsers.
2026-07-04 21:02:08 - [32minfo[39m: [Accessibility] afterTestHook state: accessibilityPlatform=false, bstackA11yShouldScan=true
2026-07-04 21:02:08 - [32minfo[39m: [PlaywrightAutomationFramework] trackPlaywrightInstance: instance already exists
2026-07-04 21:02:08 - [32minfo[39m: [GrpcClient] Sending TestSessionEvent
2026-07-04 21:02:08 - [32minfo[39m: [GrpcClient] TestSessionEvent request successful
2026-07-04 21:02:08 - [32minfo[39m: [ObservabilityModule] onBeforeTest: TEST REPORTING AND ANALYTICS sync done
2026-07-04 21:02:08 - [32minfo[39m: [PlaywrightDriverModule] testId: 537b83cfbdf14afda252-c10a54f5d3a608be0c88
2026-07-04 21:02:08 - [32minfo[39m: [PlaywrightDriverModule] testData from onAfterTest: {
  uuid: 'cc791309-7e5b-4694-a88b-c7dd96ae5d5b',
  test_framework_name: 'Playwright',
  test_framework_version: '1.61.0',
  test_logs: [],
  test_hooks_finished: {},
  test_hooks_started: {},
  test_uuid: 'cc791309-7e5b-4694-a88b-c7dd96ae5d5b',
  test_result: 'pending',
  automate_session_name: 'e2e/login.spec.ts - successful login redirects to products page',
  test_file_path: '/Users/tsl/Documents/projects/qa-automation/tests/e2e/login.spec.ts',
  test_id: '537b83cfbdf14afda252-c10a54f5d3a608be0c88',
  test_name: 'successful login redirects to products page',
  test_location: '/Users/tsl/Documents/projects/qa-automation/tests/e2e/login.spec.ts',
  test_code: 'async ({\n' +
    '  page\n' +
    '}) => {\n' +
    '  const loginPage = new _login.LoginPage(page);\n' +
    '  await loginPage.login(_user.Usernames.STANDARD, _user.Passwords.STANDARD_PASSWORD);\n' +
    '  await (0, _test.expect)(page).toHaveURL(/inventory/);\n' +
    '  await (0, _test.expect)(page.locator(".title")).toHaveText("Products");\n' +
    '}',
  test_tags: [],
  test_started_at: '2026-07-04T19:02:02.603Z',
  test_scope: 'e2e/login.spec.ts - successful login redirects to products page',
  test_scopes: [],
  test_rerun_name: ' -latest:OSX Ventura-browserstack e2e/login.spec.ts successful login redirects to products page'
}
2026-07-04 21:02:08 - [32minfo[39m: [GrpcClient] Sending TestSessionEvent
2026-07-04 21:02:08 - [32minfo[39m: [GrpcClient] TestSessionEvent request successful
2026-07-04 21:02:08 - [32minfo[39m: [Accessibility] afterTestHook state: accessibilityPlatform=false, bstackA11yShouldScan=true
2026-07-04 21:02:08 - [32minfo[39m: [PlaywrightAutomationFramework] trackPlaywrightInstance: instance already exists
2026-07-04 21:02:08 - [32minfo[39m: [PlaywrightDriverModule] testId: 537b83cfbdf14afda252-718fbb77e918c549a6ef
2026-07-04 21:02:08 - [32minfo[39m: [PlaywrightDriverModule] testData from onAfterTest: {
  uuid: '0e9fe7c7-0e7d-4c6a-8b70-eed8a8bdb534',
  test_framework_name: 'Playwright',
  test_framework_version: '1.61.0',
  test_logs: [],
  test_hooks_finished: {},
  test_hooks_started: {},
  test_uuid: '0e9fe7c7-0e7d-4c6a-8b70-eed8a8bdb534',
  test_result: 'pending',
  automate_session_name: 'e2e/login.spec.ts - locked user login shows error',
  test_file_path: '/Users/tsl/Documents/projects/qa-automation/tests/e2e/login.spec.ts',
  test_id: '537b83cfbdf14afda252-718fbb77e918c549a6ef',
  test_name: 'locked user login shows error',
  test_location: '/Users/tsl/Documents/projects/qa-automation/tests/e2e/login.spec.ts',
  test_code: 'async ({\n' +
    '  page\n' +
    '}) => {\n' +
    '  const loginPage = new _login.LoginPage(page);\n' +
    '  const banner = loginPage.getErrorBanner();\n' +
    '  await loginPage.login(_user.Usernames.LOCKED_OUT, _user.Passwords.STANDARD_PASSWORD);\n' +
    '  await (0, _test.expect)(page).toHaveURL(/saucedemo\\.com\\/$/);\n' +
    '  await (0, _test.expect)(banner).toBeVisible();\n' +
    '  await (0, _test.expect)(banner).toContainText(_login2.LoginMessages.LOCKED_OUT);\n' +
    '}',
  test_tags: [],
  test_started_at: '2026-07-04T19:02:06.800Z',
  test_scope: 'e2e/login.spec.ts - locked user login shows error',
  test_scopes: [],
  test_rerun_name: ' -latest:Windows 11-browserstack e2e/login.spec.ts locked user login shows error'
}
2026-07-04 21:02:08 - [32minfo[39m: [GrpcClient] Sending TestSessionEvent
2026-07-04 21:02:08 - [32minfo[39m: [GrpcClient] TestSessionEvent request successful
2026-07-04 21:02:08 - [32minfo[39m: getting screenshots results.
2026-07-04 21:02:08 - [32minfo[39m: [GrpcClient] Sending LogCreatedEvent
2026-07-04 21:02:08 - [32minfo[39m: [GrpcClient] LogCreatedEvent request successful
2026-07-04 21:02:08 - [32minfo[39m: [GrpcClient] Sending TestFrameworkEvent
2026-07-04 21:02:08 - [32minfo[39m: [GrpcClient] TestFrameworkEvent request successful
2026-07-04 21:02:08 - [32minfo[39m: [PlaywrightDriverModule] markSessionStatusViaRestApi: PUT https://api.browserstack.com/automate/sessions/6110785040ec2959e20f3a341e4e75e672d391fc.json status=passed
2026-07-04 21:02:09 - [32minfo[39m: getting screenshots results.
2026-07-04 21:02:09 - [32minfo[39m: [GrpcClient] Sending LogCreatedEvent
2026-07-04 21:02:09 - [32minfo[39m: [GrpcClient] Sending TestFrameworkEvent
2026-07-04 21:02:09 - [32minfo[39m: [GrpcClient] LogCreatedEvent request successful
2026-07-04 21:02:09 - [32minfo[39m: [GrpcClient] Sending TestFrameworkEvent
2026-07-04 21:02:09 - [32minfo[39m: [GrpcClient] TestFrameworkEvent request successful
2026-07-04 21:02:09 - [32minfo[39m: [GrpcClient] TestFrameworkEvent request successful
2026-07-04 21:02:09 - [32minfo[39m: [PlaywrightAutomationFramework] trackPlaywrightInstance: instance already exists
2026-07-04 21:02:09 - [32minfo[39m: [PlaywrightAutomationFramework] trackPlaywrightInstance: instance already exists
2026-07-04 21:02:09 - [32minfo[39m: [GrpcClient] Sending TestSessionEvent
2026-07-04 21:02:09 - [32minfo[39m: [GrpcClient] TestSessionEvent request successful
2026-07-04 21:02:09 - [32minfo[39m: [ObservabilityModule] onBeforeTest: TEST REPORTING AND ANALYTICS sync done
2026-07-04 21:02:10 - [32minfo[39m: [PlaywrightAutomationFramework] trackPlaywrightInstance: instance already exists
2026-07-04 21:02:10 - [32minfo[39m: [PlaywrightAutomationFramework] trackPlaywrightInstance: instance already exists
2026-07-04 21:02:10 - [32minfo[39m: [GrpcClient] Sending DriverInit
2026-07-04 21:02:10 - [33mwarn[39m: Accessibility Automation will run only on Chrome or ChromeForTesting browsers.
2026-07-04 21:02:10 - [32minfo[39m: [GrpcClient] DriverInit request successful
2026-07-04 21:02:10 - [32minfo[39m: [PlaywrightAutomationFramework] trackPlaywrightInstance: instance already exists
2026-07-04 21:02:10 - [32minfo[39m: [Accessibility] afterTestHook state: accessibilityPlatform=false, bstackA11yShouldScan=true
2026-07-04 21:02:10 - [32minfo[39m: [PlaywrightAutomationFramework] trackPlaywrightInstance: instance already exists
2026-07-04 21:02:10 - [32minfo[39m: [GrpcClient] Sending TestSessionEvent
2026-07-04 21:02:10 - [32minfo[39m: [GrpcClient] TestSessionEvent request successful
2026-07-04 21:02:10 - [32minfo[39m: [ObservabilityModule] onBeforeTest: TEST REPORTING AND ANALYTICS sync done
2026-07-04 21:02:11 - [32minfo[39m: [PlaywrightDriverModule] testId: 537b83cfbdf14afda252-d34d80b0ed6dd5276f24
2026-07-04 21:02:11 - [32minfo[39m: [PlaywrightDriverModule] testData from onAfterTest: {
  uuid: '68c4de62-0028-433b-85a6-052eb0c4e11f',
  test_framework_name: 'Playwright',
  test_framework_version: '1.61.0',
  test_logs: [],
  test_hooks_finished: {},
  test_hooks_started: {},
  test_uuid: '68c4de62-0028-433b-85a6-052eb0c4e11f',
  test_result: 'pending',
  automate_session_name: 'e2e/login.spec.ts - wrong password shows error',
  test_file_path: '/Users/tsl/Documents/projects/qa-automation/tests/e2e/login.spec.ts',
  test_id: '537b83cfbdf14afda252-d34d80b0ed6dd5276f24',
  test_name: 'wrong password shows error',
  test_location: '/Users/tsl/Documents/projects/qa-automation/tests/e2e/login.spec.ts',
  test_code: 'async ({\n' +
    '  page\n' +
    '}) => {\n' +
    '  const loginPage = new _login.LoginPage(page);\n' +
    '  await loginPage.login(_user.Usernames.STANDARD, _user.Passwords.WRONG_PASSWORD);\n' +
    '  await (0, _test.expect)(loginPage.getErrorBanner()).toBeVisible();\n' +
    '}',
  test_tags: [],
  test_started_at: '2026-07-04T19:02:09.380Z',
  test_scope: 'e2e/login.spec.ts - wrong password shows error',
  test_scopes: [],
  test_rerun_name: ' -latest:OSX Ventura-browserstack e2e/login.spec.ts wrong password shows error'
}
2026-07-04 21:02:11 - [32minfo[39m: [GrpcClient] Sending TestSessionEvent
2026-07-04 21:02:11 - [32minfo[39m: [GrpcClient] TestSessionEvent request successful
2026-07-04 21:02:11 - [32minfo[39m: [PlaywrightDriverModule] markSessionStatusViaRestApi: PUT https://api.browserstack.com/automate/sessions/6110785040ec2959e20f3a341e4e75e672d391fc.json status=passed
2026-07-04 21:02:11 - [32minfo[39m: getting screenshots results.
2026-07-04 21:02:11 - [32minfo[39m: [GrpcClient] Sending LogCreatedEvent
2026-07-04 21:02:12 - [32minfo[39m: [GrpcClient] Sending TestFrameworkEvent
2026-07-04 21:02:12 - [32minfo[39m: [GrpcClient] LogCreatedEvent request successful
2026-07-04 21:02:12 - [32minfo[39m: [GrpcClient] Sending TestFrameworkEvent
2026-07-04 21:02:12 - [32minfo[39m: [GrpcClient] TestFrameworkEvent request successful
2026-07-04 21:02:12 - [32minfo[39m: [GrpcClient] TestFrameworkEvent request successful
2026-07-04 21:02:12 - [32minfo[39m: [PlaywrightAutomationFramework] trackPlaywrightInstance: instance already exists
2026-07-04 21:02:12 - [32minfo[39m: [PlaywrightAutomationFramework] trackPlaywrightInstance: instance already exists
2026-07-04 21:02:12 - [32minfo[39m: [GrpcClient] Sending TestSessionEvent
2026-07-04 21:02:12 - [32minfo[39m: [GrpcClient] TestSessionEvent request successful
2026-07-04 21:02:12 - [32minfo[39m: [ObservabilityModule] onBeforeTest: TEST REPORTING AND ANALYTICS sync done
2026-07-04 21:02:12 - [32minfo[39m: [PlaywrightAutomationFramework] trackPlaywrightInstance: instance already exists
2026-07-04 21:02:12 - [32minfo[39m: [GrpcClient] Sending TestSessionEvent
2026-07-04 21:02:12 - [32minfo[39m: [GrpcClient] TestSessionEvent request successful
2026-07-04 21:02:12 - [32minfo[39m: [ObservabilityModule] onBeforeTest: TEST REPORTING AND ANALYTICS sync done
2026-07-04 21:02:13 - [33mwarn[39m: Accessibility Automation will run only on Chrome or ChromeForTesting browsers.
2026-07-04 21:02:13 - [32minfo[39m: [Accessibility] afterTestHook state: accessibilityPlatform=false, bstackA11yShouldScan=true
2026-07-04 21:02:13 - [32minfo[39m: [PlaywrightAutomationFramework] trackPlaywrightInstance: instance already exists
2026-07-04 21:02:13 - [32minfo[39m: [GrpcClient] Sending TestSessionEvent
2026-07-04 21:02:13 - [32minfo[39m: [GrpcClient] TestSessionEvent request successful
2026-07-04 21:02:13 - [32minfo[39m: [ObservabilityModule] onBeforeTest: TEST REPORTING AND ANALYTICS sync done
2026-07-04 21:02:13 - [32minfo[39m: [PlaywrightDriverModule] testId: 537b83cfbdf14afda252-0bd5001251d09742046f
2026-07-04 21:02:13 - [32minfo[39m: [PlaywrightDriverModule] testData from onAfterTest: {
  uuid: '4a360906-db32-4155-8c68-a66e2ebfa375',
  test_framework_name: 'Playwright',
  test_framework_version: '1.61.0',
  test_logs: [],
  test_hooks_finished: {},
  test_hooks_started: {},
  test_uuid: '4a360906-db32-4155-8c68-a66e2ebfa375',
  test_result: 'pending',
  automate_session_name: 'e2e/login.spec.ts - locked user login shows error',
  test_file_path: '/Users/tsl/Documents/projects/qa-automation/tests/e2e/login.spec.ts',
  test_id: '537b83cfbdf14afda252-0bd5001251d09742046f',
  test_name: 'locked user login shows error',
  test_location: '/Users/tsl/Documents/projects/qa-automation/tests/e2e/login.spec.ts',
  test_code: 'async ({\n' +
    '  page\n' +
    '}) => {\n' +
    '  const loginPage = new _login.LoginPage(page);\n' +
    '  const banner = loginPage.getErrorBanner();\n' +
    '  await loginPage.login(_user.Usernames.LOCKED_OUT, _user.Passwords.STANDARD_PASSWORD);\n' +
    '  await (0, _test.expect)(page).toHaveURL(/saucedemo\\.com\\/$/);\n' +
    '  await (0, _test.expect)(banner).toBeVisible();\n' +
    '  await (0, _test.expect)(banner).toContainText(_login2.LoginMessages.LOCKED_OUT);\n' +
    '}',
  test_tags: [],
  test_started_at: '2026-07-04T19:02:11.991Z',
  test_scope: 'e2e/login.spec.ts - locked user login shows error',
  test_scopes: [],
  test_rerun_name: ' -latest:OSX Ventura-browserstack e2e/login.spec.ts locked user login shows error'
}
2026-07-04 21:02:13 - [32minfo[39m: [GrpcClient] Sending TestSessionEvent
2026-07-04 21:02:13 - [32minfo[39m: [GrpcClient] TestSessionEvent request successful
2026-07-04 21:02:14 - [32minfo[39m: [PlaywrightDriverModule] markSessionStatusViaRestApi: PUT https://api.browserstack.com/automate/sessions/6110785040ec2959e20f3a341e4e75e672d391fc.json status=passed
2026-07-04 21:02:14 - [33mwarn[39m: Accessibility Automation will run only on Chrome or ChromeForTesting browsers.
2026-07-04 21:02:14 - [32minfo[39m: getting screenshots results.
2026-07-04 21:02:14 - [32minfo[39m: [GrpcClient] Sending LogCreatedEvent
2026-07-04 21:02:14 - [32minfo[39m: [GrpcClient] LogCreatedEvent request successful
2026-07-04 21:02:14 - [32minfo[39m: [GrpcClient] Sending TestFrameworkEvent
2026-07-04 21:02:14 - [32minfo[39m: [GrpcClient] TestFrameworkEvent request successful
2026-07-04 21:02:14 - [32minfo[39m: [Accessibility] afterTestHook state: accessibilityPlatform=false, bstackA11yShouldScan=true
2026-07-04 21:02:14 - [32minfo[39m: [PlaywrightAutomationFramework] trackPlaywrightInstance: instance already exists
2026-07-04 21:02:14 - [32minfo[39m: [GrpcClient] Sending TestSessionEvent
2026-07-04 21:02:14 - [32minfo[39m: [GrpcClient] TestSessionEvent request successful
2026-07-04 21:02:14 - [32minfo[39m: [ObservabilityModule] onBeforeTest: TEST REPORTING AND ANALYTICS sync done
2026-07-04 21:02:15 - [32minfo[39m: [PlaywrightDriverModule] testId: 537b83cfbdf14afda252-c1c8d9b26a60fe56273c
2026-07-04 21:02:15 - [32minfo[39m: [PlaywrightDriverModule] testData from onAfterTest: {
  uuid: '82cf6605-32d2-43d4-b334-aa3bb5fea945',
  test_framework_name: 'Playwright',
  test_framework_version: '1.61.0',
  test_logs: [],
  test_hooks_finished: {},
  test_hooks_started: {},
  test_uuid: '82cf6605-32d2-43d4-b334-aa3bb5fea945',
  test_result: 'pending',
  automate_session_name: 'e2e/login.spec.ts - successful login redirects to products page',
  test_file_path: '/Users/tsl/Documents/projects/qa-automation/tests/e2e/login.spec.ts',
  test_id: '537b83cfbdf14afda252-c1c8d9b26a60fe56273c',
  test_name: 'successful login redirects to products page',
  test_location: '/Users/tsl/Documents/projects/qa-automation/tests/e2e/login.spec.ts',
  test_code: 'async ({\n' +
    '  page\n' +
    '}) => {\n' +
    '  const loginPage = new _login.LoginPage(page);\n' +
    '  await loginPage.login(_user.Usernames.STANDARD, _user.Passwords.STANDARD_PASSWORD);\n' +
    '  await (0, _test.expect)(page).toHaveURL(/inventory/);\n' +
    '  await (0, _test.expect)(page.locator(".title")).toHaveText("Products");\n' +
    '}',
  test_tags: [],
  test_started_at: '2026-07-04T19:02:02.592Z',
  test_scope: 'e2e/login.spec.ts - successful login redirects to products page',
  test_scopes: [],
  test_rerun_name: ' -latest:Windows 11-browserstack e2e/login.spec.ts successful login redirects to products page'
}
2026-07-04 21:02:15 - [32minfo[39m: [GrpcClient] Sending TestSessionEvent
2026-07-04 21:02:15 - [32minfo[39m: [GrpcClient] TestSessionEvent request successful
2026-07-04 21:02:15 - [32minfo[39m: [PlaywrightDriverModule] markSessionStatusViaRestApi: PUT https://api.browserstack.com/automate/sessions/5398c90047b63b87ec6225c5e3f9735ee6076c7c.json status=passed
2026-07-04 21:02:16 - [32minfo[39m: getting screenshots results.
2026-07-04 21:02:16 - [32minfo[39m: [GrpcClient] Sending LogCreatedEvent
2026-07-04 21:02:16 - [32minfo[39m: [GrpcClient] Sending TestFrameworkEvent
2026-07-04 21:02:16 - [32minfo[39m: [GrpcClient] LogCreatedEvent request successful
2026-07-04 21:02:16 - [32minfo[39m: [GrpcClient] Sending TestFrameworkEvent
2026-07-04 21:02:16 - [32minfo[39m: [GrpcClient] TestFrameworkEvent request successful
2026-07-04 21:02:16 - [32minfo[39m: [GrpcClient] TestFrameworkEvent request successful
2026-07-04 21:02:16 - [32minfo[39m: [PlaywrightAutomationFramework] trackPlaywrightInstance: instance already exists
2026-07-04 21:02:16 - [32minfo[39m: [PlaywrightAutomationFramework] trackPlaywrightInstance: instance already exists
2026-07-04 21:02:16 - [32minfo[39m: [GrpcClient] Sending TestSessionEvent
2026-07-04 21:02:16 - [32minfo[39m: [GrpcClient] TestSessionEvent request successful
2026-07-04 21:02:16 - [32minfo[39m: [ObservabilityModule] onBeforeTest: TEST REPORTING AND ANALYTICS sync done
2026-07-04 21:02:17 - [33mwarn[39m: Accessibility Automation will run only on Chrome or ChromeForTesting browsers.
2026-07-04 21:02:18 - [32minfo[39m: [Accessibility] afterTestHook state: accessibilityPlatform=false, bstackA11yShouldScan=true
2026-07-04 21:02:18 - [32minfo[39m: [PlaywrightAutomationFramework] trackPlaywrightInstance: instance already exists
2026-07-04 21:02:18 - [32minfo[39m: [GrpcClient] Sending TestSessionEvent
2026-07-04 21:02:18 - [32minfo[39m: [GrpcClient] TestSessionEvent request successful
2026-07-04 21:02:18 - [32minfo[39m: [ObservabilityModule] onBeforeTest: TEST REPORTING AND ANALYTICS sync done
2026-07-04 21:02:18 - [32minfo[39m: [PlaywrightDriverModule] testId: 537b83cfbdf14afda252-f97246ce5c6f33f1a704
2026-07-04 21:02:18 - [32minfo[39m: [PlaywrightDriverModule] testData from onAfterTest: {
  uuid: 'e47f054a-16ba-4c7f-8247-1e153199f9b2',
  test_framework_name: 'Playwright',
  test_framework_version: '1.61.0',
  test_logs: [],
  test_hooks_finished: {},
  test_hooks_started: {},
  test_uuid: 'e47f054a-16ba-4c7f-8247-1e153199f9b2',
  test_result: 'pending',
  automate_session_name: 'e2e/login.spec.ts - wrong password shows error',
  test_file_path: '/Users/tsl/Documents/projects/qa-automation/tests/e2e/login.spec.ts',
  test_id: '537b83cfbdf14afda252-f97246ce5c6f33f1a704',
  test_name: 'wrong password shows error',
  test_location: '/Users/tsl/Documents/projects/qa-automation/tests/e2e/login.spec.ts',
  test_code: 'async ({\n' +
    '  page\n' +
    '}) => {\n' +
    '  const loginPage = new _login.LoginPage(page);\n' +
    '  await loginPage.login(_user.Usernames.STANDARD, _user.Passwords.WRONG_PASSWORD);\n' +
    '  await (0, _test.expect)(loginPage.getErrorBanner()).toBeVisible();\n' +
    '}',
  test_tags: [],
  test_started_at: '2026-07-04T19:02:16.327Z',
  test_scope: 'e2e/login.spec.ts - wrong password shows error',
  test_scopes: [],
  test_rerun_name: ' -latest:Windows 11-browserstack e2e/login.spec.ts wrong password shows error'
}
2026-07-04 21:02:18 - [32minfo[39m: [GrpcClient] Sending TestSessionEvent
2026-07-04 21:02:18 - [32minfo[39m: [GrpcClient] TestSessionEvent request successful
2026-07-04 21:02:18 - [32minfo[39m: [PlaywrightDriverModule] markSessionStatusViaRestApi: PUT https://api.browserstack.com/automate/sessions/5398c90047b63b87ec6225c5e3f9735ee6076c7c.json status=passed
2026-07-04 21:02:19 - [32minfo[39m: getting screenshots results.
2026-07-04 21:02:19 - [32minfo[39m: [GrpcClient] Sending LogCreatedEvent
2026-07-04 21:02:19 - [32minfo[39m: [GrpcClient] Sending TestFrameworkEvent
2026-07-04 21:02:19 - [32minfo[39m: [GrpcClient] LogCreatedEvent request successful
2026-07-04 21:02:19 - [32minfo[39m: [GrpcClient] Sending TestFrameworkEvent
2026-07-04 21:02:19 - [32minfo[39m: [GrpcClient] TestFrameworkEvent request successful
2026-07-04 21:02:19 - [32minfo[39m: [GrpcClient] TestFrameworkEvent request successful
2026-07-04 21:02:19 - [32minfo[39m: [PlaywrightAutomationFramework] trackPlaywrightInstance: instance already exists
2026-07-04 21:02:19 - [32minfo[39m: [PlaywrightAutomationFramework] trackPlaywrightInstance: instance already exists
2026-07-04 21:02:19 - [32minfo[39m: [GrpcClient] Sending TestSessionEvent
2026-07-04 21:02:19 - [32minfo[39m: [GrpcClient] TestSessionEvent request successful
2026-07-04 21:02:19 - [32minfo[39m: [ObservabilityModule] onBeforeTest: TEST REPORTING AND ANALYTICS sync done
2026-07-04 21:02:20 - [33mwarn[39m: Accessibility Automation will run only on Chrome or ChromeForTesting browsers.
2026-07-04 21:02:21 - [32minfo[39m: [Accessibility] afterTestHook state: accessibilityPlatform=false, bstackA11yShouldScan=true
2026-07-04 21:02:21 - [32minfo[39m: [PlaywrightAutomationFramework] trackPlaywrightInstance: instance already exists
2026-07-04 21:02:21 - [32minfo[39m: [GrpcClient] Sending TestSessionEvent
2026-07-04 21:02:21 - [32minfo[39m: [GrpcClient] TestSessionEvent request successful
2026-07-04 21:02:21 - [32minfo[39m: [ObservabilityModule] onBeforeTest: TEST REPORTING AND ANALYTICS sync done
2026-07-04 21:02:21 - [32minfo[39m: [PlaywrightDriverModule] testId: 537b83cfbdf14afda252-c99d43c50a18b930bc40
2026-07-04 21:02:21 - [32minfo[39m: [PlaywrightDriverModule] testData from onAfterTest: {
  uuid: '33235454-5e6e-4a8d-a97d-c78affab8ef7',
  test_framework_name: 'Playwright',
  test_framework_version: '1.61.0',
  test_logs: [],
  test_hooks_finished: {},
  test_hooks_started: {},
  test_uuid: '33235454-5e6e-4a8d-a97d-c78affab8ef7',
  test_result: 'pending',
  automate_session_name: 'e2e/login.spec.ts - locked user login shows error',
  test_file_path: '/Users/tsl/Documents/projects/qa-automation/tests/e2e/login.spec.ts',
  test_id: '537b83cfbdf14afda252-c99d43c50a18b930bc40',
  test_name: 'locked user login shows error',
  test_location: '/Users/tsl/Documents/projects/qa-automation/tests/e2e/login.spec.ts',
  test_code: 'async ({\n' +
    '  page\n' +
    '}) => {\n' +
    '  const loginPage = new _login.LoginPage(page);\n' +
    '  const banner = loginPage.getErrorBanner();\n' +
    '  await loginPage.login(_user.Usernames.LOCKED_OUT, _user.Passwords.STANDARD_PASSWORD);\n' +
    '  await (0, _test.expect)(page).toHaveURL(/saucedemo\\.com\\/$/);\n' +
    '  await (0, _test.expect)(banner).toBeVisible();\n' +
    '  await (0, _test.expect)(banner).toContainText(_login2.LoginMessages.LOCKED_OUT);\n' +
    '}',
  test_tags: [],
  test_started_at: '2026-07-04T19:02:19.129Z',
  test_scope: 'e2e/login.spec.ts - locked user login shows error',
  test_scopes: [],
  test_rerun_name: ' -latest:Windows 11-browserstack e2e/login.spec.ts locked user login shows error'
}
2026-07-04 21:02:21 - [32minfo[39m: [GrpcClient] Sending TestSessionEvent
2026-07-04 21:02:21 - [32minfo[39m: [GrpcClient] TestSessionEvent request successful
2026-07-04 21:02:21 - [32minfo[39m: [PlaywrightDriverModule] markSessionStatusViaRestApi: PUT https://api.browserstack.com/automate/sessions/5398c90047b63b87ec6225c5e3f9735ee6076c7c.json status=passed
2026-07-04 21:02:22 - [32minfo[39m: getting screenshots results.
2026-07-04 21:02:22 - [32minfo[39m: [GrpcClient] Sending LogCreatedEvent
2026-07-04 21:02:22 - [32minfo[39m: [GrpcClient] LogCreatedEvent request successful
2026-07-04 21:02:22 - [32minfo[39m: [GrpcClient] Sending TestFrameworkEvent
2026-07-04 21:02:22 - [32minfo[39m: [GrpcClient] TestFrameworkEvent request successful
2026-07-04 21:02:22 - [32minfo[39m: [BrowserstackCLI] stop: CLI stop triggered
2026-07-04 21:02:22 - [32minfo[39m: [GrpcClient] Stopping bin session
2026-07-04 21:02:23 - [32minfo[39m: [GrpcClient] StopBinSession successful
2026-07-04 21:02:23 - [32minfo[39m: stop: stopBinSession build_link=https://automate.browserstack.com/dashboard/v2/builds/1832db9cbb8333b36005216e26f230750170d7d5 hashed_id=1832db9cbb8333b36005216e26f230750170d7d5 o11y_uuid=69i7aw2uibkauyvshfxio5yfkgaqa6kczchm1toa
2026-07-04 21:02:23 - [32minfo[39m: [BrowserstackCLI] Unconfiguring modules
2026-07-04 21:02:23 - [32minfo[39m: [BrowserstackCLI] stop: channel closed
2026-07-04 21:02:28 - [32minfo[39m: [BrowserstackCLI] stop: shutting down CLI
2026-07-04 21:02:28 - [32minfo[39m: [BrowserstackCLI] stop: CLI process exited
2026-07-04 21:02:28 - [32minfo[39m: Visit https://automation.browserstack.com/builds/69i7aw2uibkauyvshfxio5yfkgaqa6kczchm1toa to view build report, insights, and many more debugging information all at one place!

2026-07-04 21:02:29 - [32minfo[39m: View build on BrowserStack dashboard: https://automate.browserstack.com/dashboard/v2/builds/1832db9cbb8333b36005216e26f230750170d7d5
2026-07-04 21:02:30 - [32minfo[39m: SDK run ended for id: 495b8767-ae76-4d2b-ac21-e2cb9619ffd7, testhub id: 69i7aw2uibkauyvshfxio5yfkgaqa6kczchm1toa
2026-07-04 21:02:31 - [32minfo[39m: Deleting /Users/tsl/Documents/projects/qa-automation/playwright-browserstack-sdk.config.ts
2026-07-04 21:02:31 - [32minfo[39m: [BrowserstackCLI] stop: CLI is not running, skipping stop
2026-07-04 21:02:45 - [32minfo[39m: Reading configs from /Users/tsl/Documents/projects/qa-automation/browserstack.yml
2026-07-04 21:02:45 - [32minfo[39m: Log Directory has been set to /Users/tsl/Documents/projects/qa-automation/log
2026-07-04 21:02:45 - [32minfo[39m: Running SDK with args /opt/homebrew/Cellar/node/26.0.0/bin/node /Users/tsl/Documents/projects/qa-automation/node_modules/.bin/browserstack-node-sdk playwright test tests/e2e/login.spec.ts --config=playwright.browserstack.config.ts
2026-07-04 21:02:45 - [32minfo[39m: SDK run started with id: e4834ddf-b26e-4cdf-a7ad-a87fad6c9e5d
2026-07-04 21:02:45 - [32minfo[39m: Project and debug logs are captured by default. To disable, set disableAutoCaptureLogs: true in config.
2026-07-04 21:02:46 - [32minfo[39m: [BrowserstackCLI] startMain: Starting main process
2026-07-04 21:02:46 - [32minfo[39m: [CLIUtils] Current CLI Path Found: /Users/tsl/.browserstack/cli/binary-macos-arm64
2026-07-04 21:02:47 - [32minfo[39m: [BrowserstackCLI] spawning command='/Users/tsl/.browserstack/cli/binary-macos-arm64,sdk'
2026-07-04 21:02:47 - [32minfo[39m: [BrowserstackCLI] CLI params loaded: {"id":"acbd1c78-23a8-436f-b194-e52285271019","listen":"unix:/tmp/sdk-platform-acbd1c78-23a8-436f-b194-e52285271019.sock"}
2026-07-04 21:02:47 - [32minfo[39m: [GrpcClient] Connected to gRPC server at unix:/tmp/sdk-platform-acbd1c78-23a8-436f-b194-e52285271019.sock
2026-07-04 21:02:47 - [32minfo[39m: [GrpcClient] Initialized gRPC client with bin session id: acbd1c78-23a8-436f-b194-e52285271019 and listen address: unix:/tmp/sdk-platform-acbd1c78-23a8-436f-b194-e52285271019.sock
2026-07-04 21:02:47 - [32minfo[39m: [GrpcClient] startBinSession: Calling startBinSession
2026-07-04 21:02:47 - [32minfo[39m: [GrpcClient] setCliArgs: cliArgs=["playwright","test","tests/e2e/login.spec.ts"], parsedConfig=[]
2026-07-04 21:02:50 - [32minfo[39m: [GrpcClient] StartBinSession successful
2026-07-04 21:02:50 - [32minfo[39m: [BrowserstackCLI] loadModules: Loading modules
2026-07-04 21:02:50 - [32minfo[39m: [BrowserstackCLI] loadModules: binSessionId=acbd1c78-23a8-436f-b194-e52285271019
2026-07-04 21:02:50 - [32minfo[39m: [BrowserstackCLI] loading Modules.
2026-07-04 21:02:50 - [32minfo[39m: [BrowserstackCLI] setCliArgs: cliArgs=["playwright","test","tests/e2e/login.spec.ts"]
2026-07-04 21:02:50 - [32minfo[39m: [BrowserstackCLI] Accessibility success=false
2026-07-04 21:02:50 - [32minfo[39m: [BrowserstackCLI] Starting as child process with session ID: acbd1c78-23a8-436f-b194-e52285271019
2026-07-04 21:02:50 - [32minfo[39m: [GrpcClient] Connected to gRPC server at unix:/tmp/sdk-platform-acbd1c78-23a8-436f-b194-e52285271019.sock
2026-07-04 21:02:50 - [32minfo[39m: [GrpcClient] Connecting bin session
2026-07-04 21:02:50 - [32minfo[39m: [GrpcClient] ConnectBinSession successful
2026-07-04 21:02:50 - [32minfo[39m: [BrowserstackCLI] loadModules: Loading modules
2026-07-04 21:02:50 - [32minfo[39m: [BrowserstackCLI] loadModules: binSessionId=acbd1c78-23a8-436f-b194-e52285271019
2026-07-04 21:02:50 - [32minfo[39m: [BrowserstackCLI] loading Modules.
2026-07-04 21:02:50 - [32minfo[39m: [BrowserstackCLI] Accessibility success=false
2026-07-04 21:02:50 - [32minfo[39m: [GrpcClient] Getting Playwright config
2026-07-04 21:02:50 - [32minfo[39m: [GrpcClient] PlaywrightConfig request successful
2026-07-04 21:02:50 - [33mwarn[39m: [modifyPlaywrightConf] Playwright "video" and "trace" recording are not supported over BrowserStack remote sessions and have been disabled to prevent run failures. Session video is available on the BrowserStack Automate dashboard. The "screenshot" option is unaffected.
2026-07-04 21:02:51 - [32minfo[39m: Setting up TestInfo directory at /Users/tsl/Documents/projects/qa-automation/log/.obs_test_details-default
2026-07-04 21:02:51 - [32minfo[39m: [PlaywrightTestFramework] trackPlaywrightInstance: created instance for target=8895:0, state=TestFrameworkState.INIT_TEST
2026-07-04 21:02:51 - [32minfo[39m: [PlaywrightTestFramework] trackPlaywrightInstance: saved instance contextId=4882b2f43b304b2702f1c0b74b602b14684492a489c7e407c2ae75969f0282c5 target=8895:0
2026-07-04 21:02:51 - [32minfo[39m: [BrowserstackCLI] Starting as child process with session ID: acbd1c78-23a8-436f-b194-e52285271019
2026-07-04 21:02:51 - [32minfo[39m: [BrowserstackCLI] Starting as child process with session ID: acbd1c78-23a8-436f-b194-e52285271019
2026-07-04 21:02:51 - [32minfo[39m: [GrpcClient] Connected to gRPC server at unix:/tmp/sdk-platform-acbd1c78-23a8-436f-b194-e52285271019.sock
2026-07-04 21:02:51 - [32minfo[39m: [GrpcClient] Connecting bin session
2026-07-04 21:02:51 - [32minfo[39m: [GrpcClient] Connected to gRPC server at unix:/tmp/sdk-platform-acbd1c78-23a8-436f-b194-e52285271019.sock
2026-07-04 21:02:51 - [32minfo[39m: [GrpcClient] Connecting bin session
2026-07-04 21:02:51 - [32minfo[39m: [GrpcClient] ConnectBinSession successful
2026-07-04 21:02:51 - [32minfo[39m: [BrowserstackCLI] Starting as child process with session ID: acbd1c78-23a8-436f-b194-e52285271019
2026-07-04 21:02:51 - [32minfo[39m: [GrpcClient] ConnectBinSession successful
2026-07-04 21:02:51 - [32minfo[39m: [GrpcClient] Connected to gRPC server at unix:/tmp/sdk-platform-acbd1c78-23a8-436f-b194-e52285271019.sock
2026-07-04 21:02:51 - [32minfo[39m: [GrpcClient] Connecting bin session
2026-07-04 21:02:52 - [32minfo[39m: [GrpcClient] ConnectBinSession successful
2026-07-04 21:02:51 - [32minfo[39m: [BrowserstackCLI] loadModules: Loading modules
2026-07-04 21:02:51 - [32minfo[39m: [BrowserstackCLI] loadModules: binSessionId=acbd1c78-23a8-436f-b194-e52285271019
2026-07-04 21:02:51 - [32minfo[39m: [BrowserstackCLI] loading Modules.
2026-07-04 21:02:51 - [32minfo[39m: [BrowserstackCLI] Accessibility success=false
2026-07-04 21:02:52 - [32minfo[39m: [GrpcClient] Getting Playwright config
2026-07-04 21:02:51 - [32minfo[39m: [BrowserstackCLI] loadModules: Loading modules
2026-07-04 21:02:51 - [32minfo[39m: [BrowserstackCLI] loadModules: binSessionId=acbd1c78-23a8-436f-b194-e52285271019
2026-07-04 21:02:51 - [32minfo[39m: [BrowserstackCLI] loading Modules.
2026-07-04 21:02:51 - [32minfo[39m: [BrowserstackCLI] Accessibility success=false
2026-07-04 21:02:52 - [32minfo[39m: [GrpcClient] Getting Playwright config
2026-07-04 21:02:52 - [32minfo[39m: [GrpcClient] PlaywrightConfig request successful
2026-07-04 21:02:52 - [32minfo[39m: [GrpcClient] PlaywrightConfig request successful
2026-07-04 21:02:52 - [32minfo[39m: [BrowserstackCLI] loadModules: Loading modules
2026-07-04 21:02:52 - [32minfo[39m: [BrowserstackCLI] loadModules: binSessionId=acbd1c78-23a8-436f-b194-e52285271019
2026-07-04 21:02:52 - [32minfo[39m: [BrowserstackCLI] loading Modules.
2026-07-04 21:02:52 - [32minfo[39m: [BrowserstackCLI] Accessibility success=false
2026-07-04 21:02:52 - [32minfo[39m: [GrpcClient] Getting Playwright config
2026-07-04 21:02:52 - [32minfo[39m: [GrpcClient] PlaywrightConfig request successful
2026-07-04 21:02:52 - [33mwarn[39m: [modifyPlaywrightConf] Playwright "video" and "trace" recording are not supported over BrowserStack remote sessions and have been disabled to prevent run failures. Session video is available on the BrowserStack Automate dashboard. The "screenshot" option is unaffected.
2026-07-04 21:02:52 - [33mwarn[39m: [modifyPlaywrightConf] Playwright "video" and "trace" recording are not supported over BrowserStack remote sessions and have been disabled to prevent run failures. Session video is available on the BrowserStack Automate dashboard. The "screenshot" option is unaffected.
2026-07-04 21:02:52 - [33mwarn[39m: [modifyPlaywrightConf] Playwright "video" and "trace" recording are not supported over BrowserStack remote sessions and have been disabled to prevent run failures. Session video is available on the BrowserStack Automate dashboard. The "screenshot" option is unaffected.
2026-07-04 21:02:52 - [32minfo[39m: [GrpcClient] Sending TestFrameworkEvent
2026-07-04 21:02:52 - [32minfo[39m: [GrpcClient] Sending TestFrameworkEvent
2026-07-04 21:02:52 - [32minfo[39m: [GrpcClient] Sending TestFrameworkEvent
2026-07-04 21:02:52 - [32minfo[39m: [BrowserstackCLI] Starting as child process with session ID: acbd1c78-23a8-436f-b194-e52285271019
2026-07-04 21:02:52 - [32minfo[39m: [GrpcClient] TestFrameworkEvent request successful
2026-07-04 21:02:52 - [32minfo[39m: [GrpcClient] TestFrameworkEvent request successful
2026-07-04 21:02:52 - [32minfo[39m: [GrpcClient] TestFrameworkEvent request successful
2026-07-04 21:02:52 - [32minfo[39m: [BrowserstackCLI] Starting as child process with session ID: acbd1c78-23a8-436f-b194-e52285271019
2026-07-04 21:02:52 - [32minfo[39m: [BrowserstackCLI] Starting as child process with session ID: acbd1c78-23a8-436f-b194-e52285271019
2026-07-04 21:02:52 - [32minfo[39m: [BrowserstackCLI] startChild: client and channel already exist, stopping here
2026-07-04 21:02:52 - [32minfo[39m: [PlaywrightAutomationFramework] trackPlaywrightInstance: created instance for target=8901:0, state=AutomationFrameworkState.CREATE
2026-07-04 21:02:52 - [32minfo[39m: [PlaywrightAutomationFramework] trackPlaywrightInstance: saved instance contextId=73983442e311d4c512e03749f24a9e6e419dbfe66bd43c15e8e1806f244f425a target=8901:0
2026-07-04 21:02:52 - [32minfo[39m: [BrowserstackCLI] startChild: client and channel already exist, stopping here
2026-07-04 21:02:52 - [32minfo[39m: [PlaywrightAutomationFramework] trackPlaywrightInstance: created instance for target=8902:0, state=AutomationFrameworkState.CREATE
2026-07-04 21:02:52 - [32minfo[39m: [PlaywrightAutomationFramework] trackPlaywrightInstance: saved instance contextId=585deab89d6766c98497272ba90891f5b4d1791af8dfa380b3c17ce258bcfc90 target=8902:0
2026-07-04 21:02:52 - [32minfo[39m: [BrowserstackCLI] startChild: client and channel already exist, stopping here
2026-07-04 21:02:52 - [32minfo[39m: [PlaywrightAutomationFramework] trackPlaywrightInstance: created instance for target=8903:0, state=AutomationFrameworkState.CREATE
2026-07-04 21:02:52 - [32minfo[39m: [PlaywrightAutomationFramework] trackPlaywrightInstance: saved instance contextId=50ead45036a7a6bb44529e903a00af47ee8c31609ba2273a079e659504a71c95 target=8903:0
2026-07-04 21:02:55 - [32minfo[39m: [PlaywrightAutomationFramework] trackPlaywrightInstance: instance already exists
2026-07-04 21:02:55 - [32minfo[39m: [PlaywrightAutomationFramework] trackPlaywrightInstance: instance already exists
2026-07-04 21:02:55 - [32minfo[39m: [GrpcClient] Sending DriverInit
2026-07-04 21:02:55 - [32minfo[39m: [GrpcClient] DriverInit request successful
2026-07-04 21:02:55 - [32minfo[39m: [PlaywrightAutomationFramework] trackPlaywrightInstance: instance already exists
2026-07-04 21:02:56 - [32minfo[39m: [PlaywrightAutomationFramework] trackPlaywrightInstance: instance already exists
2026-07-04 21:02:56 - [32minfo[39m: [GrpcClient] Sending TestSessionEvent
2026-07-04 21:02:56 - [32minfo[39m: [GrpcClient] TestSessionEvent request successful
2026-07-04 21:02:56 - [32minfo[39m: [ObservabilityModule] onBeforeTest: TEST REPORTING AND ANALYTICS sync done
2026-07-04 21:02:57 - [33mwarn[39m: Accessibility Automation will run only on Chrome or ChromeForTesting browsers.
2026-07-04 21:02:57 - [32minfo[39m: [PlaywrightAutomationFramework] trackPlaywrightInstance: instance already exists
2026-07-04 21:02:57 - [32minfo[39m: [PlaywrightAutomationFramework] trackPlaywrightInstance: instance already exists
2026-07-04 21:02:57 - [32minfo[39m: [GrpcClient] Sending DriverInit
2026-07-04 21:02:57 - [32minfo[39m: [GrpcClient] DriverInit request successful
2026-07-04 21:02:57 - [32minfo[39m: [Accessibility] afterTestHook state: accessibilityPlatform=false, bstackA11yShouldScan=true
2026-07-04 21:02:57 - [32minfo[39m: [PlaywrightAutomationFramework] trackPlaywrightInstance: instance already exists
2026-07-04 21:02:57 - [32minfo[39m: [GrpcClient] Sending TestSessionEvent
2026-07-04 21:02:57 - [32minfo[39m: [GrpcClient] TestSessionEvent request successful
2026-07-04 21:02:57 - [32minfo[39m: [ObservabilityModule] onBeforeTest: TEST REPORTING AND ANALYTICS sync done
2026-07-04 21:02:57 - [32minfo[39m: [PlaywrightAutomationFramework] trackPlaywrightInstance: instance already exists
2026-07-04 21:02:58 - [32minfo[39m: [PlaywrightDriverModule] testId: 537b83cfbdf14afda252-c10a54f5d3a608be0c88
2026-07-04 21:02:58 - [32minfo[39m: [PlaywrightDriverModule] testData from onAfterTest: {
  uuid: '603bc00f-913f-4e24-8810-678350db5518',
  test_framework_name: 'Playwright',
  test_framework_version: '1.61.0',
  test_logs: [],
  test_hooks_finished: {},
  test_hooks_started: {},
  test_uuid: '603bc00f-913f-4e24-8810-678350db5518',
  test_result: 'pending',
  automate_session_name: 'e2e/login.spec.ts - successful login redirects to products page',
  test_file_path: '/Users/tsl/Documents/projects/qa-automation/tests/e2e/login.spec.ts',
  test_id: '537b83cfbdf14afda252-c10a54f5d3a608be0c88',
  test_name: 'successful login redirects to products page',
  test_location: '/Users/tsl/Documents/projects/qa-automation/tests/e2e/login.spec.ts',
  test_code: 'async ({\n' +
    '  page\n' +
    '}) => {\n' +
    '  const loginPage = new _login.LoginPage(page);\n' +
    '  await loginPage.login(_user.Usernames.STANDARD, _user.Passwords.STANDARD_PASSWORD);\n' +
    '  await (0, _test.expect)(page).toHaveURL(/inventory/);\n' +
    '  await (0, _test.expect)(page.locator(".title")).toHaveText("Products");\n' +
    '}',
  test_tags: [],
  test_started_at: '2026-07-04T19:02:52.095Z',
  test_scope: 'e2e/login.spec.ts - successful login redirects to products page',
  test_scopes: [],
  test_rerun_name: ' -latest:OSX Ventura-browserstack e2e/login.spec.ts successful login redirects to products page'
}
2026-07-04 21:02:58 - [32minfo[39m: [GrpcClient] Sending TestSessionEvent
2026-07-04 21:02:58 - [32minfo[39m: [GrpcClient] TestSessionEvent request successful
2026-07-04 21:02:58 - [32minfo[39m: [PlaywrightAutomationFramework] trackPlaywrightInstance: instance already exists
2026-07-04 21:02:58 - [32minfo[39m: [GrpcClient] Sending TestSessionEvent
2026-07-04 21:02:58 - [32minfo[39m: [GrpcClient] TestSessionEvent request successful
2026-07-04 21:02:58 - [32minfo[39m: [ObservabilityModule] onBeforeTest: TEST REPORTING AND ANALYTICS sync done
2026-07-04 21:02:58 - [32minfo[39m: [PlaywrightDriverModule] markSessionStatusViaRestApi: PUT https://api.browserstack.com/automate/sessions/e0aa7aedc84cfe507ec9111507cc7f0f1255c9e5.json status=passed
2026-07-04 21:02:58 - [32minfo[39m: [PlaywrightAutomationFramework] trackPlaywrightInstance: instance already exists
2026-07-04 21:02:58 - [32minfo[39m: [PlaywrightAutomationFramework] trackPlaywrightInstance: instance already exists
2026-07-04 21:02:58 - [32minfo[39m: [GrpcClient] Sending DriverInit
2026-07-04 21:02:58 - [32minfo[39m: [GrpcClient] DriverInit request successful
2026-07-04 21:02:58 - [32minfo[39m: [PlaywrightAutomationFramework] trackPlaywrightInstance: instance already exists
2026-07-04 21:02:59 - [32minfo[39m: getting screenshots results.
2026-07-04 21:02:59 - [32minfo[39m: [GrpcClient] Sending LogCreatedEvent
2026-07-04 21:02:59 - [32minfo[39m: [GrpcClient] Sending TestFrameworkEvent
2026-07-04 21:02:59 - [32minfo[39m: [GrpcClient] LogCreatedEvent request successful
2026-07-04 21:02:59 - [32minfo[39m: [GrpcClient] Sending TestFrameworkEvent
2026-07-04 21:02:59 - [32minfo[39m: [GrpcClient] TestFrameworkEvent request successful
2026-07-04 21:02:59 - [32minfo[39m: [GrpcClient] TestFrameworkEvent request successful
2026-07-04 21:02:59 - [32minfo[39m: [PlaywrightAutomationFramework] trackPlaywrightInstance: instance already exists
2026-07-04 21:02:59 - [32minfo[39m: Automate test case execution has ended. Processing for accessibility testing is underway. 
2026-07-04 21:02:59 - [33mwarn[39m: Not a valid Accessibility Automation session for playwright-page, cannot perform scan with retry.
2026-07-04 21:02:59 - [33mwarn[39m: Not a valid Accessibility Automation session for playwright-page, cannot save accessibility results with retry.
2026-07-04 21:02:59 - [32minfo[39m: Accessibility testing for this test case has ended.
2026-07-04 21:02:59 - [32minfo[39m: [Accessibility] afterTestHook state: accessibilityPlatform=false, bstackA11yShouldScan=true
2026-07-04 21:02:59 - [32minfo[39m: [PlaywrightAutomationFramework] trackPlaywrightInstance: instance already exists
2026-07-04 21:02:59 - [32minfo[39m: [GrpcClient] Sending TestSessionEvent
2026-07-04 21:02:59 - [32minfo[39m: [GrpcClient] TestSessionEvent request successful
2026-07-04 21:02:59 - [32minfo[39m: [PlaywrightAutomationFramework] trackPlaywrightInstance: instance already exists
2026-07-04 21:02:59 - [32minfo[39m: [GrpcClient] Sending TestSessionEvent
2026-07-04 21:02:59 - [32minfo[39m: [GrpcClient] TestSessionEvent request successful
2026-07-04 21:02:59 - [32minfo[39m: [ObservabilityModule] onBeforeTest: TEST REPORTING AND ANALYTICS sync done
2026-07-04 21:02:59 - [32minfo[39m: [ObservabilityModule] onBeforeTest: TEST REPORTING AND ANALYTICS sync done
2026-07-04 21:02:59 - [32minfo[39m: [PlaywrightDriverModule] testId: 537b83cfbdf14afda252-35b58795cca1dc249e25
2026-07-04 21:02:59 - [32minfo[39m: [PlaywrightDriverModule] testData from onAfterTest: {
  uuid: 'fd96c147-5ed1-45f5-9d53-19230cc5a5ec',
  test_framework_name: 'Playwright',
  test_framework_version: '1.61.0',
  test_logs: [],
  test_hooks_finished: {},
  test_hooks_started: {},
  test_uuid: 'fd96c147-5ed1-45f5-9d53-19230cc5a5ec',
  test_result: 'pending',
  automate_session_name: 'e2e/login.spec.ts - successful login redirects to products page',
  test_file_path: '/Users/tsl/Documents/projects/qa-automation/tests/e2e/login.spec.ts',
  test_id: '537b83cfbdf14afda252-35b58795cca1dc249e25',
  test_name: 'successful login redirects to products page',
  test_location: '/Users/tsl/Documents/projects/qa-automation/tests/e2e/login.spec.ts',
  test_code: 'async ({\n' +
    '  page\n' +
    '}) => {\n' +
    '  const loginPage = new _login.LoginPage(page);\n' +
    '  await loginPage.login(_user.Usernames.STANDARD, _user.Passwords.STANDARD_PASSWORD);\n' +
    '  await (0, _test.expect)(page).toHaveURL(/inventory/);\n' +
    '  await (0, _test.expect)(page.locator(".title")).toHaveText("Products");\n' +
    '}',
  test_tags: [],
  test_started_at: '2026-07-04T19:02:52.102Z',
  test_scope: 'e2e/login.spec.ts - successful login redirects to products page',
  test_scopes: [],
  test_rerun_name: ' -latest:Windows 11-browserstack e2e/login.spec.ts successful login redirects to products page'
}
2026-07-04 21:02:59 - [32minfo[39m: [GrpcClient] Sending TestSessionEvent
2026-07-04 21:02:59 - [32minfo[39m: [GrpcClient] TestSessionEvent request successful
2026-07-04 21:03:00 - [32minfo[39m: [PlaywrightAutomationFramework] trackPlaywrightInstance: instance already exists
2026-07-04 21:03:00 - [32minfo[39m: [GrpcClient] Sending TestSessionEvent
2026-07-04 21:03:00 - [32minfo[39m: [GrpcClient] TestSessionEvent request successful
2026-07-04 21:03:00 - [32minfo[39m: [PlaywrightDriverModule] markSessionStatusViaRestApi: PUT https://api.browserstack.com/automate/sessions/77abf810044fe8a1c9345f7f52e987db63561e82.json status=passed
2026-07-04 21:03:00 - [32minfo[39m: [ObservabilityModule] onBeforeTest: TEST REPORTING AND ANALYTICS sync done
2026-07-04 21:03:00 - [33mwarn[39m: Accessibility Automation will run only on Chrome or ChromeForTesting browsers.
2026-07-04 21:03:00 - [32minfo[39m: [Accessibility] afterTestHook state: accessibilityPlatform=false, bstackA11yShouldScan=true
2026-07-04 21:03:00 - [32minfo[39m: [PlaywrightAutomationFramework] trackPlaywrightInstance: instance already exists
2026-07-04 21:03:00 - [32minfo[39m: [GrpcClient] Sending TestSessionEvent
2026-07-04 21:03:00 - [32minfo[39m: [GrpcClient] TestSessionEvent request successful
2026-07-04 21:03:00 - [32minfo[39m: [ObservabilityModule] onBeforeTest: TEST REPORTING AND ANALYTICS sync done
2026-07-04 21:03:00 - [32minfo[39m: getting screenshots results.
2026-07-04 21:03:00 - [32minfo[39m: [GrpcClient] Sending LogCreatedEvent
2026-07-04 21:03:00 - [32minfo[39m: [GrpcClient] Sending TestFrameworkEvent
2026-07-04 21:03:00 - [32minfo[39m: [GrpcClient] LogCreatedEvent request successful
2026-07-04 21:03:00 - [32minfo[39m: [GrpcClient] Sending TestFrameworkEvent
2026-07-04 21:03:00 - [32minfo[39m: [GrpcClient] TestFrameworkEvent request successful
2026-07-04 21:03:00 - [32minfo[39m: [GrpcClient] TestFrameworkEvent request successful
2026-07-04 21:03:00 - [32minfo[39m: [PlaywrightDriverModule] testId: 537b83cfbdf14afda252-d34d80b0ed6dd5276f24
2026-07-04 21:03:00 - [32minfo[39m: [PlaywrightDriverModule] testData from onAfterTest: {
  uuid: '0f3e0caf-6c7e-4c5e-bd79-aaca1d9cb328',
  test_framework_name: 'Playwright',
  test_framework_version: '1.61.0',
  test_logs: [],
  test_hooks_finished: {},
  test_hooks_started: {},
  test_uuid: '0f3e0caf-6c7e-4c5e-bd79-aaca1d9cb328',
  test_result: 'pending',
  automate_session_name: 'e2e/login.spec.ts - wrong password shows error',
  test_file_path: '/Users/tsl/Documents/projects/qa-automation/tests/e2e/login.spec.ts',
  test_id: '537b83cfbdf14afda252-d34d80b0ed6dd5276f24',
  test_name: 'wrong password shows error',
  test_location: '/Users/tsl/Documents/projects/qa-automation/tests/e2e/login.spec.ts',
  test_code: 'async ({\n' +
    '  page\n' +
    '}) => {\n' +
    '  const loginPage = new _login.LoginPage(page);\n' +
    '  await loginPage.login(_user.Usernames.STANDARD, _user.Passwords.WRONG_PASSWORD);\n' +
    '  await (0, _test.expect)(loginPage.getErrorBanner()).toBeVisible();\n' +
    '}',
  test_tags: [],
  test_started_at: '2026-07-04T19:02:59.272Z',
  test_scope: 'e2e/login.spec.ts - wrong password shows error',
  test_scopes: [],
  test_rerun_name: ' -latest:OSX Ventura-browserstack e2e/login.spec.ts wrong password shows error'
}
2026-07-04 21:03:00 - [32minfo[39m: [GrpcClient] Sending TestSessionEvent
2026-07-04 21:03:00 - [32minfo[39m: [GrpcClient] TestSessionEvent request successful
2026-07-04 21:03:01 - [32minfo[39m: [PlaywrightAutomationFramework] trackPlaywrightInstance: instance already exists
2026-07-04 21:03:01 - [32minfo[39m: [PlaywrightAutomationFramework] trackPlaywrightInstance: instance already exists
2026-07-04 21:03:01 - [32minfo[39m: [GrpcClient] Sending TestSessionEvent
2026-07-04 21:03:01 - [32minfo[39m: [GrpcClient] TestSessionEvent request successful
2026-07-04 21:03:01 - [32minfo[39m: [ObservabilityModule] onBeforeTest: TEST REPORTING AND ANALYTICS sync done
2026-07-04 21:03:01 - [32minfo[39m: [PlaywrightDriverModule] markSessionStatusViaRestApi: PUT https://api.browserstack.com/automate/sessions/e0aa7aedc84cfe507ec9111507cc7f0f1255c9e5.json status=passed
2026-07-04 21:03:01 - [32minfo[39m: getting screenshots results.
2026-07-04 21:03:01 - [32minfo[39m: [GrpcClient] Sending LogCreatedEvent
2026-07-04 21:03:01 - [32minfo[39m: [GrpcClient] Sending TestFrameworkEvent
2026-07-04 21:03:01 - [32minfo[39m: [GrpcClient] LogCreatedEvent request successful
2026-07-04 21:03:01 - [32minfo[39m: [GrpcClient] Sending TestFrameworkEvent
2026-07-04 21:03:01 - [32minfo[39m: [GrpcClient] TestFrameworkEvent request successful
2026-07-04 21:03:01 - [32minfo[39m: [GrpcClient] TestFrameworkEvent request successful
2026-07-04 21:03:01 - [32minfo[39m: [PlaywrightAutomationFramework] trackPlaywrightInstance: instance already exists
2026-07-04 21:03:01 - [32minfo[39m: [PlaywrightAutomationFramework] trackPlaywrightInstance: instance already exists
2026-07-04 21:03:01 - [32minfo[39m: [GrpcClient] Sending TestSessionEvent
2026-07-04 21:03:01 - [32minfo[39m: [GrpcClient] TestSessionEvent request successful
2026-07-04 21:03:02 - [32minfo[39m: [ObservabilityModule] onBeforeTest: TEST REPORTING AND ANALYTICS sync done
2026-07-04 21:03:02 - [32minfo[39m: Automate test case execution has ended. Processing for accessibility testing is underway. 
2026-07-04 21:03:02 - [33mwarn[39m: Not a valid Accessibility Automation session for playwright-page, cannot perform scan with retry.
2026-07-04 21:03:02 - [33mwarn[39m: Not a valid Accessibility Automation session for playwright-page, cannot save accessibility results with retry.
2026-07-04 21:03:02 - [32minfo[39m: Accessibility testing for this test case has ended.
2026-07-04 21:03:02 - [32minfo[39m: [Accessibility] afterTestHook state: accessibilityPlatform=false, bstackA11yShouldScan=true
2026-07-04 21:03:02 - [32minfo[39m: [PlaywrightAutomationFramework] trackPlaywrightInstance: instance already exists
2026-07-04 21:03:02 - [32minfo[39m: [GrpcClient] Sending TestSessionEvent
2026-07-04 21:03:02 - [32minfo[39m: [GrpcClient] TestSessionEvent request successful
2026-07-04 21:03:02 - [32minfo[39m: [ObservabilityModule] onBeforeTest: TEST REPORTING AND ANALYTICS sync done
2026-07-04 21:03:02 - [33mwarn[39m: Accessibility Automation will run only on Chrome or ChromeForTesting browsers.
2026-07-04 21:03:02 - [32minfo[39m: [PlaywrightDriverModule] testId: 537b83cfbdf14afda252-f54344e0c95999009928
2026-07-04 21:03:02 - [32minfo[39m: [PlaywrightDriverModule] testData from onAfterTest: {
  uuid: '14dc630b-0614-488e-bf3b-168bc2cc9576',
  test_framework_name: 'Playwright',
  test_framework_version: '1.61.0',
  test_logs: [],
  test_hooks_finished: {},
  test_hooks_started: {},
  test_uuid: '14dc630b-0614-488e-bf3b-168bc2cc9576',
  test_result: 'pending',
  automate_session_name: 'e2e/login.spec.ts - wrong password shows error',
  test_file_path: '/Users/tsl/Documents/projects/qa-automation/tests/e2e/login.spec.ts',
  test_id: '537b83cfbdf14afda252-f54344e0c95999009928',
  test_name: 'wrong password shows error',
  test_location: '/Users/tsl/Documents/projects/qa-automation/tests/e2e/login.spec.ts',
  test_code: 'async ({\n' +
    '  page\n' +
    '}) => {\n' +
    '  const loginPage = new _login.LoginPage(page);\n' +
    '  await loginPage.login(_user.Usernames.STANDARD, _user.Passwords.WRONG_PASSWORD);\n' +
    '  await (0, _test.expect)(loginPage.getErrorBanner()).toBeVisible();\n' +
    '}',
  test_tags: [],
  test_started_at: '2026-07-04T19:03:00.864Z',
  test_scope: 'e2e/login.spec.ts - wrong password shows error',
  test_scopes: [],
  test_rerun_name: ' -latest:Windows 11-browserstack e2e/login.spec.ts wrong password shows error'
}
2026-07-04 21:03:02 - [32minfo[39m: [GrpcClient] Sending TestSessionEvent
2026-07-04 21:03:02 - [32minfo[39m: [GrpcClient] TestSessionEvent request successful
2026-07-04 21:03:02 - [32minfo[39m: [Accessibility] afterTestHook state: accessibilityPlatform=false, bstackA11yShouldScan=true
2026-07-04 21:03:02 - [32minfo[39m: [PlaywrightAutomationFramework] trackPlaywrightInstance: instance already exists
2026-07-04 21:03:02 - [32minfo[39m: [GrpcClient] Sending TestSessionEvent
2026-07-04 21:03:02 - [32minfo[39m: [GrpcClient] TestSessionEvent request successful
2026-07-04 21:03:02 - [32minfo[39m: [ObservabilityModule] onBeforeTest: TEST REPORTING AND ANALYTICS sync done
2026-07-04 21:03:02 - [32minfo[39m: [PlaywrightDriverModule] markSessionStatusViaRestApi: PUT https://api.browserstack.com/automate/sessions/77abf810044fe8a1c9345f7f52e987db63561e82.json status=passed
2026-07-04 21:03:03 - [33mwarn[39m: Accessibility Automation will run only on Chrome or ChromeForTesting browsers.
2026-07-04 21:03:03 - [32minfo[39m: [Accessibility] afterTestHook state: accessibilityPlatform=false, bstackA11yShouldScan=true
2026-07-04 21:03:03 - [32minfo[39m: [PlaywrightAutomationFramework] trackPlaywrightInstance: instance already exists
2026-07-04 21:03:03 - [32minfo[39m: [GrpcClient] Sending TestSessionEvent
2026-07-04 21:03:03 - [32minfo[39m: [GrpcClient] TestSessionEvent request successful
2026-07-04 21:03:03 - [32minfo[39m: [PlaywrightDriverModule] testId: 537b83cfbdf14afda252-c1c8d9b26a60fe56273c
2026-07-04 21:03:03 - [32minfo[39m: [PlaywrightDriverModule] testData from onAfterTest: {
  uuid: '737ec374-423b-4771-85cf-a453fc69a271',
  test_framework_name: 'Playwright',
  test_framework_version: '1.61.0',
  test_logs: [],
  test_hooks_finished: {},
  test_hooks_started: {},
  test_uuid: '737ec374-423b-4771-85cf-a453fc69a271',
  test_result: 'pending',
  automate_session_name: 'e2e/login.spec.ts - successful login redirects to products page',
  test_file_path: '/Users/tsl/Documents/projects/qa-automation/tests/e2e/login.spec.ts',
  test_id: '537b83cfbdf14afda252-c1c8d9b26a60fe56273c',
  test_name: 'successful login redirects to products page',
  test_location: '/Users/tsl/Documents/projects/qa-automation/tests/e2e/login.spec.ts',
  test_code: 'async ({\n' +
    '  page\n' +
    '}) => {\n' +
    '  const loginPage = new _login.LoginPage(page);\n' +
    '  await loginPage.login(_user.Usernames.STANDARD, _user.Passwords.STANDARD_PASSWORD);\n' +
    '  await (0, _test.expect)(page).toHaveURL(/inventory/);\n' +
    '  await (0, _test.expect)(page.locator(".title")).toHaveText("Products");\n' +
    '}',
  test_tags: [],
  test_started_at: '2026-07-04T19:02:52.091Z',
  test_scope: 'e2e/login.spec.ts - successful login redirects to products page',
  test_scopes: [],
  test_rerun_name: ' -latest:Windows 11-browserstack e2e/login.spec.ts successful login redirects to products page'
}
2026-07-04 21:03:03 - [32minfo[39m: [GrpcClient] Sending TestSessionEvent
2026-07-04 21:03:03 - [32minfo[39m: [GrpcClient] TestSessionEvent request successful
2026-07-04 21:03:03 - [32minfo[39m: [ObservabilityModule] onBeforeTest: TEST REPORTING AND ANALYTICS sync done
2026-07-04 21:03:03 - [32minfo[39m: [PlaywrightDriverModule] testId: 537b83cfbdf14afda252-0bd5001251d09742046f
2026-07-04 21:03:03 - [32minfo[39m: [PlaywrightDriverModule] testData from onAfterTest: {
  uuid: '43dafd69-4278-4ed6-9620-18d3d55c164b',
  test_framework_name: 'Playwright',
  test_framework_version: '1.61.0',
  test_logs: [],
  test_hooks_finished: {},
  test_hooks_started: {},
  test_uuid: '43dafd69-4278-4ed6-9620-18d3d55c164b',
  test_result: 'pending',
  automate_session_name: 'e2e/login.spec.ts - locked user login shows error',
  test_file_path: '/Users/tsl/Documents/projects/qa-automation/tests/e2e/login.spec.ts',
  test_id: '537b83cfbdf14afda252-0bd5001251d09742046f',
  test_name: 'locked user login shows error',
  test_location: '/Users/tsl/Documents/projects/qa-automation/tests/e2e/login.spec.ts',
  test_code: 'async ({\n' +
    '  page\n' +
    '}) => {\n' +
    '  const loginPage = new _login.LoginPage(page);\n' +
    '  const banner = loginPage.getErrorBanner();\n' +
    '  await loginPage.login(_user.Usernames.LOCKED_OUT, _user.Passwords.STANDARD_PASSWORD);\n' +
    '  await (0, _test.expect)(page).toHaveURL(/saucedemo\\.com\\/$/);\n' +
    '  await (0, _test.expect)(banner).toBeVisible();\n' +
    '  await (0, _test.expect)(banner).toContainText(_login2.LoginMessages.LOCKED_OUT);\n' +
    '}',
  test_tags: [],
  test_started_at: '2026-07-04T19:03:01.621Z',
  test_scope: 'e2e/login.spec.ts - locked user login shows error',
  test_scopes: [],
  test_rerun_name: ' -latest:OSX Ventura-browserstack e2e/login.spec.ts locked user login shows error'
}
2026-07-04 21:03:03 - [32minfo[39m: [GrpcClient] Sending TestSessionEvent
2026-07-04 21:03:03 - [32minfo[39m: [GrpcClient] TestSessionEvent request successful
2026-07-04 21:03:03 - [32minfo[39m: getting screenshots results.
2026-07-04 21:03:03 - [32minfo[39m: [GrpcClient] Sending LogCreatedEvent
2026-07-04 21:03:03 - [32minfo[39m: [GrpcClient] Sending TestFrameworkEvent
2026-07-04 21:03:03 - [32minfo[39m: [GrpcClient] LogCreatedEvent request successful
2026-07-04 21:03:03 - [32minfo[39m: [GrpcClient] Sending TestFrameworkEvent
2026-07-04 21:03:03 - [32minfo[39m: [GrpcClient] TestFrameworkEvent request successful
2026-07-04 21:03:03 - [32minfo[39m: [GrpcClient] TestFrameworkEvent request successful
2026-07-04 21:03:03 - [32minfo[39m: [PlaywrightDriverModule] markSessionStatusViaRestApi: PUT https://api.browserstack.com/automate/sessions/65b1fe6eae91a138af2519f931154286ad9ea35b.json status=passed
2026-07-04 21:03:03 - [32minfo[39m: [PlaywrightAutomationFramework] trackPlaywrightInstance: instance already exists
2026-07-04 21:03:03 - [32minfo[39m: [PlaywrightDriverModule] markSessionStatusViaRestApi: PUT https://api.browserstack.com/automate/sessions/e0aa7aedc84cfe507ec9111507cc7f0f1255c9e5.json status=passed
2026-07-04 21:03:03 - [32minfo[39m: [PlaywrightAutomationFramework] trackPlaywrightInstance: instance already exists
2026-07-04 21:03:03 - [32minfo[39m: [GrpcClient] Sending TestSessionEvent
2026-07-04 21:03:03 - [32minfo[39m: [GrpcClient] TestSessionEvent request successful
2026-07-04 21:03:03 - [32minfo[39m: [ObservabilityModule] onBeforeTest: TEST REPORTING AND ANALYTICS sync done
2026-07-04 21:03:04 - [32minfo[39m: getting screenshots results.
2026-07-04 21:03:04 - [32minfo[39m: [GrpcClient] Sending LogCreatedEvent
2026-07-04 21:03:04 - [32minfo[39m: [GrpcClient] Sending TestFrameworkEvent
2026-07-04 21:03:04 - [32minfo[39m: [GrpcClient] LogCreatedEvent request successful
2026-07-04 21:03:04 - [32minfo[39m: [GrpcClient] Sending TestFrameworkEvent
2026-07-04 21:03:04 - [32minfo[39m: [GrpcClient] TestFrameworkEvent request successful
2026-07-04 21:03:04 - [32minfo[39m: [GrpcClient] TestFrameworkEvent request successful
2026-07-04 21:03:04 - [32minfo[39m: [PlaywrightAutomationFramework] trackPlaywrightInstance: instance already exists
2026-07-04 21:03:04 - [32minfo[39m: getting screenshots results.
2026-07-04 21:03:04 - [32minfo[39m: [GrpcClient] Sending LogCreatedEvent
2026-07-04 21:03:04 - [32minfo[39m: [GrpcClient] LogCreatedEvent request successful
2026-07-04 21:03:04 - [32minfo[39m: [GrpcClient] Sending TestFrameworkEvent
2026-07-04 21:03:04 - [32minfo[39m: [GrpcClient] TestFrameworkEvent request successful
2026-07-04 21:03:04 - [32minfo[39m: [PlaywrightAutomationFramework] trackPlaywrightInstance: instance already exists
2026-07-04 21:03:04 - [32minfo[39m: [GrpcClient] Sending TestSessionEvent
2026-07-04 21:03:04 - [32minfo[39m: [GrpcClient] TestSessionEvent request successful
2026-07-04 21:03:04 - [32minfo[39m: [ObservabilityModule] onBeforeTest: TEST REPORTING AND ANALYTICS sync done
2026-07-04 21:03:05 - [32minfo[39m: Automate test case execution has ended. Processing for accessibility testing is underway. 
2026-07-04 21:03:05 - [33mwarn[39m: Not a valid Accessibility Automation session for playwright-page, cannot perform scan with retry.
2026-07-04 21:03:05 - [33mwarn[39m: Not a valid Accessibility Automation session for playwright-page, cannot save accessibility results with retry.
2026-07-04 21:03:05 - [32minfo[39m: Accessibility testing for this test case has ended.
2026-07-04 21:03:05 - [32minfo[39m: [Accessibility] afterTestHook state: accessibilityPlatform=false, bstackA11yShouldScan=true
2026-07-04 21:03:05 - [32minfo[39m: [PlaywrightAutomationFramework] trackPlaywrightInstance: instance already exists
2026-07-04 21:03:05 - [32minfo[39m: [GrpcClient] Sending TestSessionEvent
2026-07-04 21:03:05 - [32minfo[39m: [GrpcClient] TestSessionEvent request successful
2026-07-04 21:03:05 - [32minfo[39m: [ObservabilityModule] onBeforeTest: TEST REPORTING AND ANALYTICS sync done
2026-07-04 21:03:05 - [32minfo[39m: [PlaywrightDriverModule] testId: 537b83cfbdf14afda252-718fbb77e918c549a6ef
2026-07-04 21:03:05 - [32minfo[39m: [PlaywrightDriverModule] testData from onAfterTest: {
  uuid: '213ae9f0-69c0-40c6-956b-02b900286083',
  test_framework_name: 'Playwright',
  test_framework_version: '1.61.0',
  test_logs: [],
  test_hooks_finished: {},
  test_hooks_started: {},
  test_uuid: '213ae9f0-69c0-40c6-956b-02b900286083',
  test_result: 'pending',
  automate_session_name: 'e2e/login.spec.ts - locked user login shows error',
  test_file_path: '/Users/tsl/Documents/projects/qa-automation/tests/e2e/login.spec.ts',
  test_id: '537b83cfbdf14afda252-718fbb77e918c549a6ef',
  test_name: 'locked user login shows error',
  test_location: '/Users/tsl/Documents/projects/qa-automation/tests/e2e/login.spec.ts',
  test_code: 'async ({\n' +
    '  page\n' +
    '}) => {\n' +
    '  const loginPage = new _login.LoginPage(page);\n' +
    '  const banner = loginPage.getErrorBanner();\n' +
    '  await loginPage.login(_user.Usernames.LOCKED_OUT, _user.Passwords.STANDARD_PASSWORD);\n' +
    '  await (0, _test.expect)(page).toHaveURL(/saucedemo\\.com\\/$/);\n' +
    '  await (0, _test.expect)(banner).toBeVisible();\n' +
    '  await (0, _test.expect)(banner).toContainText(_login2.LoginMessages.LOCKED_OUT);\n' +
    '}',
  test_tags: [],
  test_started_at: '2026-07-04T19:03:03.574Z',
  test_scope: 'e2e/login.spec.ts - locked user login shows error',
  test_scopes: [],
  test_rerun_name: ' -latest:Windows 11-browserstack e2e/login.spec.ts locked user login shows error'
}
2026-07-04 21:03:05 - [32minfo[39m: [GrpcClient] Sending TestSessionEvent
2026-07-04 21:03:05 - [32minfo[39m: [GrpcClient] TestSessionEvent request successful
2026-07-04 21:03:05 - [32minfo[39m: [PlaywrightDriverModule] markSessionStatusViaRestApi: PUT https://api.browserstack.com/automate/sessions/77abf810044fe8a1c9345f7f52e987db63561e82.json status=passed
2026-07-04 21:03:06 - [32minfo[39m: getting screenshots results.
2026-07-04 21:03:06 - [32minfo[39m: [GrpcClient] Sending LogCreatedEvent
2026-07-04 21:03:06 - [32minfo[39m: [GrpcClient] LogCreatedEvent request successful
2026-07-04 21:03:06 - [32minfo[39m: [GrpcClient] Sending TestFrameworkEvent
2026-07-04 21:03:06 - [32minfo[39m: [GrpcClient] TestFrameworkEvent request successful
2026-07-04 21:03:06 - [33mwarn[39m: Accessibility Automation will run only on Chrome or ChromeForTesting browsers.
2026-07-04 21:03:06 - [32minfo[39m: [Accessibility] afterTestHook state: accessibilityPlatform=false, bstackA11yShouldScan=true
2026-07-04 21:03:06 - [32minfo[39m: [PlaywrightAutomationFramework] trackPlaywrightInstance: instance already exists
2026-07-04 21:03:06 - [32minfo[39m: [GrpcClient] Sending TestSessionEvent
2026-07-04 21:03:06 - [32minfo[39m: [GrpcClient] TestSessionEvent request successful
2026-07-04 21:03:06 - [32minfo[39m: [ObservabilityModule] onBeforeTest: TEST REPORTING AND ANALYTICS sync done
2026-07-04 21:03:06 - [32minfo[39m: [PlaywrightDriverModule] testId: 537b83cfbdf14afda252-f97246ce5c6f33f1a704
2026-07-04 21:03:06 - [32minfo[39m: [PlaywrightDriverModule] testData from onAfterTest: {
  uuid: 'cfbead91-8099-4698-91ef-585f68192573',
  test_framework_name: 'Playwright',
  test_framework_version: '1.61.0',
  test_logs: [],
  test_hooks_finished: {},
  test_hooks_started: {},
  test_uuid: 'cfbead91-8099-4698-91ef-585f68192573',
  test_result: 'pending',
  automate_session_name: 'e2e/login.spec.ts - wrong password shows error',
  test_file_path: '/Users/tsl/Documents/projects/qa-automation/tests/e2e/login.spec.ts',
  test_id: '537b83cfbdf14afda252-f97246ce5c6f33f1a704',
  test_name: 'wrong password shows error',
  test_location: '/Users/tsl/Documents/projects/qa-automation/tests/e2e/login.spec.ts',
  test_code: 'async ({\n' +
    '  page\n' +
    '}) => {\n' +
    '  const loginPage = new _login.LoginPage(page);\n' +
    '  await loginPage.login(_user.Usernames.STANDARD, _user.Passwords.WRONG_PASSWORD);\n' +
    '  await (0, _test.expect)(loginPage.getErrorBanner()).toBeVisible();\n' +
    '}',
  test_tags: [],
  test_started_at: '2026-07-04T19:03:04.308Z',
  test_scope: 'e2e/login.spec.ts - wrong password shows error',
  test_scopes: [],
  test_rerun_name: ' -latest:Windows 11-browserstack e2e/login.spec.ts wrong password shows error'
}
2026-07-04 21:03:06 - [32minfo[39m: [GrpcClient] Sending TestSessionEvent
2026-07-04 21:03:06 - [32minfo[39m: [GrpcClient] TestSessionEvent request successful
2026-07-04 21:03:07 - [32minfo[39m: [PlaywrightDriverModule] markSessionStatusViaRestApi: PUT https://api.browserstack.com/automate/sessions/65b1fe6eae91a138af2519f931154286ad9ea35b.json status=passed
2026-07-04 21:03:08 - [32minfo[39m: getting screenshots results.
2026-07-04 21:03:08 - [32minfo[39m: [GrpcClient] Sending LogCreatedEvent
2026-07-04 21:03:08 - [32minfo[39m: [GrpcClient] Sending TestFrameworkEvent
2026-07-04 21:03:08 - [32minfo[39m: [GrpcClient] LogCreatedEvent request successful
2026-07-04 21:03:08 - [32minfo[39m: [GrpcClient] Sending TestFrameworkEvent
2026-07-04 21:03:08 - [32minfo[39m: [GrpcClient] TestFrameworkEvent request successful
2026-07-04 21:03:08 - [32minfo[39m: [GrpcClient] TestFrameworkEvent request successful
2026-07-04 21:03:08 - [32minfo[39m: [PlaywrightAutomationFramework] trackPlaywrightInstance: instance already exists
2026-07-04 21:03:08 - [32minfo[39m: [PlaywrightAutomationFramework] trackPlaywrightInstance: instance already exists
2026-07-04 21:03:08 - [32minfo[39m: [GrpcClient] Sending TestSessionEvent
2026-07-04 21:03:08 - [32minfo[39m: [GrpcClient] TestSessionEvent request successful
2026-07-04 21:03:08 - [32minfo[39m: [ObservabilityModule] onBeforeTest: TEST REPORTING AND ANALYTICS sync done
2026-07-04 21:03:11 - [33mwarn[39m: Accessibility Automation will run only on Chrome or ChromeForTesting browsers.
2026-07-04 21:03:11 - [32minfo[39m: [Accessibility] afterTestHook state: accessibilityPlatform=false, bstackA11yShouldScan=true
2026-07-04 21:03:11 - [32minfo[39m: [PlaywrightAutomationFramework] trackPlaywrightInstance: instance already exists
2026-07-04 21:03:11 - [32minfo[39m: [GrpcClient] Sending TestSessionEvent
2026-07-04 21:03:11 - [32minfo[39m: [GrpcClient] TestSessionEvent request successful
2026-07-04 21:03:11 - [32minfo[39m: [ObservabilityModule] onBeforeTest: TEST REPORTING AND ANALYTICS sync done
2026-07-04 21:03:11 - [32minfo[39m: [PlaywrightDriverModule] testId: 537b83cfbdf14afda252-c99d43c50a18b930bc40
2026-07-04 21:03:11 - [32minfo[39m: [PlaywrightDriverModule] testData from onAfterTest: {
  uuid: '3c062d02-1ebd-4373-848c-f888dc80c91f',
  test_framework_name: 'Playwright',
  test_framework_version: '1.61.0',
  test_logs: [],
  test_hooks_finished: {},
  test_hooks_started: {},
  test_uuid: '3c062d02-1ebd-4373-848c-f888dc80c91f',
  test_result: 'pending',
  automate_session_name: 'e2e/login.spec.ts - locked user login shows error',
  test_file_path: '/Users/tsl/Documents/projects/qa-automation/tests/e2e/login.spec.ts',
  test_id: '537b83cfbdf14afda252-c99d43c50a18b930bc40',
  test_name: 'locked user login shows error',
  test_location: '/Users/tsl/Documents/projects/qa-automation/tests/e2e/login.spec.ts',
  test_code: 'async ({\n' +
    '  page\n' +
    '}) => {\n' +
    '  const loginPage = new _login.LoginPage(page);\n' +
    '  const banner = loginPage.getErrorBanner();\n' +
    '  await loginPage.login(_user.Usernames.LOCKED_OUT, _user.Passwords.STANDARD_PASSWORD);\n' +
    '  await (0, _test.expect)(page).toHaveURL(/saucedemo\\.com\\/$/);\n' +
    '  await (0, _test.expect)(banner).toBeVisible();\n' +
    '  await (0, _test.expect)(banner).toContainText(_login2.LoginMessages.LOCKED_OUT);\n' +
    '}',
  test_tags: [],
  test_started_at: '2026-07-04T19:03:08.147Z',
  test_scope: 'e2e/login.spec.ts - locked user login shows error',
  test_scopes: [],
  test_rerun_name: ' -latest:Windows 11-browserstack e2e/login.spec.ts locked user login shows error'
}
2026-07-04 21:03:11 - [32minfo[39m: [GrpcClient] Sending TestSessionEvent
2026-07-04 21:03:11 - [32minfo[39m: [GrpcClient] TestSessionEvent request successful
2026-07-04 21:03:11 - [32minfo[39m: [PlaywrightDriverModule] markSessionStatusViaRestApi: PUT https://api.browserstack.com/automate/sessions/65b1fe6eae91a138af2519f931154286ad9ea35b.json status=passed
2026-07-04 21:03:12 - [32minfo[39m: getting screenshots results.
2026-07-04 21:03:12 - [32minfo[39m: [GrpcClient] Sending LogCreatedEvent
2026-07-04 21:03:12 - [32minfo[39m: [GrpcClient] LogCreatedEvent request successful
2026-07-04 21:03:12 - [32minfo[39m: [GrpcClient] Sending TestFrameworkEvent
2026-07-04 21:03:12 - [32minfo[39m: [GrpcClient] TestFrameworkEvent request successful
2026-07-04 21:03:12 - [32minfo[39m: [BrowserstackCLI] stop: CLI stop triggered
2026-07-04 21:03:12 - [32minfo[39m: [GrpcClient] Stopping bin session
2026-07-04 21:03:14 - [32minfo[39m: [GrpcClient] StopBinSession successful
2026-07-04 21:03:14 - [32minfo[39m: stop: stopBinSession build_link=https://automate.browserstack.com/dashboard/v2/builds/5b7a0364477b0f8a82a5cdd589dab49e6e1630df hashed_id=5b7a0364477b0f8a82a5cdd589dab49e6e1630df o11y_uuid=tno8xqkngqe0arwfbaa89uptipcjwq4z5wipbhcl
2026-07-04 21:03:14 - [32minfo[39m: [BrowserstackCLI] Unconfiguring modules
2026-07-04 21:03:14 - [32minfo[39m: [BrowserstackCLI] stop: channel closed
2026-07-04 21:03:19 - [32minfo[39m: [BrowserstackCLI] stop: shutting down CLI
2026-07-04 21:03:19 - [32minfo[39m: [BrowserstackCLI] stop: CLI process exited
2026-07-04 21:03:19 - [32minfo[39m: Visit https://automation.browserstack.com/builds/tno8xqkngqe0arwfbaa89uptipcjwq4z5wipbhcl to view build report, insights, and many more debugging information all at one place!

2026-07-04 21:03:19 - [32minfo[39m: View build on BrowserStack dashboard: https://automate.browserstack.com/dashboard/v2/builds/5b7a0364477b0f8a82a5cdd589dab49e6e1630df
2026-07-04 21:03:20 - [32minfo[39m: SDK run ended for id: e4834ddf-b26e-4cdf-a7ad-a87fad6c9e5d, testhub id: tno8xqkngqe0arwfbaa89uptipcjwq4z5wipbhcl
2026-07-04 21:03:22 - [32minfo[39m: Deleting /Users/tsl/Documents/projects/qa-automation/playwright-browserstack-sdk.config.ts
2026-07-04 21:03:22 - [32minfo[39m: [BrowserstackCLI] stop: CLI is not running, skipping stop
2026-07-04 21:06:23 - [32minfo[39m: Reading configs from /Users/tsl/Documents/projects/qa-automation/browserstack.yml
2026-07-04 21:06:23 - [32minfo[39m: Log Directory has been set to /Users/tsl/Documents/projects/qa-automation/log
2026-07-04 21:06:23 - [32minfo[39m: Running SDK with args /opt/homebrew/Cellar/node/26.0.0/bin/node /Users/tsl/Documents/projects/qa-automation/node_modules/.bin/browserstack-node-sdk playwright test tests/e2e/login.spec.ts --config=playwright.browserstack.config.ts
2026-07-04 21:06:23 - [32minfo[39m: SDK run started with id: 93e48f72-b567-4690-a7cd-55f5c950d942
2026-07-04 21:06:23 - [32minfo[39m: Project and debug logs are captured by default. To disable, set disableAutoCaptureLogs: true in config.
2026-07-04 21:06:24 - [32minfo[39m: [BrowserstackCLI] startMain: Starting main process
2026-07-04 21:06:24 - [32minfo[39m: [CLIUtils] Current CLI Path Found: /Users/tsl/.browserstack/cli/binary-macos-arm64
2026-07-04 21:06:25 - [32minfo[39m: [BrowserstackCLI] spawning command='/Users/tsl/.browserstack/cli/binary-macos-arm64,sdk'
2026-07-04 21:06:25 - [32minfo[39m: [BrowserstackCLI] CLI params loaded: {"id":"d4126759-d85a-4f90-bb95-498625ce7ebf","listen":"unix:/tmp/sdk-platform-d4126759-d85a-4f90-bb95-498625ce7ebf.sock"}
2026-07-04 21:06:25 - [32minfo[39m: [GrpcClient] Connected to gRPC server at unix:/tmp/sdk-platform-d4126759-d85a-4f90-bb95-498625ce7ebf.sock
2026-07-04 21:06:25 - [32minfo[39m: [GrpcClient] Initialized gRPC client with bin session id: d4126759-d85a-4f90-bb95-498625ce7ebf and listen address: unix:/tmp/sdk-platform-d4126759-d85a-4f90-bb95-498625ce7ebf.sock
2026-07-04 21:06:25 - [32minfo[39m: [GrpcClient] startBinSession: Calling startBinSession
2026-07-04 21:06:25 - [32minfo[39m: [GrpcClient] setCliArgs: cliArgs=["playwright","test","tests/e2e/login.spec.ts"], parsedConfig=[]
2026-07-04 21:06:28 - [32minfo[39m: [GrpcClient] StartBinSession successful
2026-07-04 21:06:28 - [32minfo[39m: [BrowserstackCLI] loadModules: Loading modules
2026-07-04 21:06:28 - [32minfo[39m: [BrowserstackCLI] loadModules: binSessionId=d4126759-d85a-4f90-bb95-498625ce7ebf
2026-07-04 21:06:28 - [32minfo[39m: [BrowserstackCLI] loading Modules.
2026-07-04 21:06:28 - [32minfo[39m: [BrowserstackCLI] setCliArgs: cliArgs=["playwright","test","tests/e2e/login.spec.ts"]
2026-07-04 21:06:28 - [32minfo[39m: [BrowserstackCLI] Accessibility success=false
2026-07-04 21:06:29 - [32minfo[39m: [BrowserstackCLI] Starting as child process with session ID: d4126759-d85a-4f90-bb95-498625ce7ebf
2026-07-04 21:06:29 - [32minfo[39m: [GrpcClient] Connected to gRPC server at unix:/tmp/sdk-platform-d4126759-d85a-4f90-bb95-498625ce7ebf.sock
2026-07-04 21:06:29 - [32minfo[39m: [GrpcClient] Connecting bin session
2026-07-04 21:06:29 - [32minfo[39m: [GrpcClient] ConnectBinSession successful
2026-07-04 21:06:29 - [32minfo[39m: [BrowserstackCLI] loadModules: Loading modules
2026-07-04 21:06:29 - [32minfo[39m: [BrowserstackCLI] loadModules: binSessionId=d4126759-d85a-4f90-bb95-498625ce7ebf
2026-07-04 21:06:29 - [32minfo[39m: [BrowserstackCLI] loading Modules.
2026-07-04 21:06:29 - [32minfo[39m: [BrowserstackCLI] Accessibility success=false
2026-07-04 21:06:29 - [32minfo[39m: [GrpcClient] Getting Playwright config
2026-07-04 21:06:29 - [32minfo[39m: [GrpcClient] PlaywrightConfig request successful
2026-07-04 21:06:29 - [33mwarn[39m: [modifyPlaywrightConf] Playwright "video" and "trace" recording are not supported over BrowserStack remote sessions and have been disabled to prevent run failures. Session video is available on the BrowserStack Automate dashboard. The "screenshot" option is unaffected.
2026-07-04 21:06:29 - [32minfo[39m: Setting up TestInfo directory at /Users/tsl/Documents/projects/qa-automation/log/.obs_test_details-default
2026-07-04 21:06:29 - [32minfo[39m: [PlaywrightTestFramework] trackPlaywrightInstance: created instance for target=9271:0, state=TestFrameworkState.INIT_TEST
2026-07-04 21:06:29 - [32minfo[39m: [PlaywrightTestFramework] trackPlaywrightInstance: saved instance contextId=c4faaa7fd4c3889a7e8a6b5645fbdb372d3522263a3c44314fa62fbf60011984 target=9271:0
2026-07-04 21:06:29 - [32minfo[39m: [BrowserstackCLI] Starting as child process with session ID: d4126759-d85a-4f90-bb95-498625ce7ebf
2026-07-04 21:06:30 - [32minfo[39m: [GrpcClient] Connected to gRPC server at unix:/tmp/sdk-platform-d4126759-d85a-4f90-bb95-498625ce7ebf.sock
2026-07-04 21:06:30 - [32minfo[39m: [GrpcClient] Connecting bin session
2026-07-04 21:06:30 - [32minfo[39m: [BrowserstackCLI] Starting as child process with session ID: d4126759-d85a-4f90-bb95-498625ce7ebf
2026-07-04 21:06:30 - [32minfo[39m: [GrpcClient] Connected to gRPC server at unix:/tmp/sdk-platform-d4126759-d85a-4f90-bb95-498625ce7ebf.sock
2026-07-04 21:06:30 - [32minfo[39m: [GrpcClient] Connecting bin session
2026-07-04 21:06:30 - [32minfo[39m: [BrowserstackCLI] Starting as child process with session ID: d4126759-d85a-4f90-bb95-498625ce7ebf
2026-07-04 21:06:30 - [32minfo[39m: [GrpcClient] Connected to gRPC server at unix:/tmp/sdk-platform-d4126759-d85a-4f90-bb95-498625ce7ebf.sock
2026-07-04 21:06:30 - [32minfo[39m: [GrpcClient] Connecting bin session
2026-07-04 21:06:30 - [32minfo[39m: [GrpcClient] ConnectBinSession successful
2026-07-04 21:06:30 - [32minfo[39m: [GrpcClient] ConnectBinSession successful
2026-07-04 21:06:30 - [32minfo[39m: [GrpcClient] ConnectBinSession successful
2026-07-04 21:06:30 - [32minfo[39m: [BrowserstackCLI] loadModules: Loading modules
2026-07-04 21:06:30 - [32minfo[39m: [BrowserstackCLI] loadModules: binSessionId=d4126759-d85a-4f90-bb95-498625ce7ebf
2026-07-04 21:06:30 - [32minfo[39m: [BrowserstackCLI] loading Modules.
2026-07-04 21:06:30 - [32minfo[39m: [BrowserstackCLI] Accessibility success=false
2026-07-04 21:06:30 - [32minfo[39m: [GrpcClient] Getting Playwright config
2026-07-04 21:06:30 - [32minfo[39m: [GrpcClient] PlaywrightConfig request successful
2026-07-04 21:06:30 - [32minfo[39m: [BrowserstackCLI] loadModules: Loading modules
2026-07-04 21:06:30 - [32minfo[39m: [BrowserstackCLI] loadModules: binSessionId=d4126759-d85a-4f90-bb95-498625ce7ebf
2026-07-04 21:06:30 - [32minfo[39m: [BrowserstackCLI] loading Modules.
2026-07-04 21:06:30 - [32minfo[39m: [BrowserstackCLI] Accessibility success=false
2026-07-04 21:06:30 - [32minfo[39m: [GrpcClient] Getting Playwright config
2026-07-04 21:06:30 - [32minfo[39m: [GrpcClient] PlaywrightConfig request successful
2026-07-04 21:06:30 - [32minfo[39m: [BrowserstackCLI] loadModules: Loading modules
2026-07-04 21:06:30 - [32minfo[39m: [BrowserstackCLI] loadModules: binSessionId=d4126759-d85a-4f90-bb95-498625ce7ebf
2026-07-04 21:06:30 - [32minfo[39m: [BrowserstackCLI] loading Modules.
2026-07-04 21:06:30 - [32minfo[39m: [BrowserstackCLI] Accessibility success=false
2026-07-04 21:06:30 - [32minfo[39m: [GrpcClient] Getting Playwright config
2026-07-04 21:06:30 - [32minfo[39m: [GrpcClient] PlaywrightConfig request successful
2026-07-04 21:06:30 - [33mwarn[39m: [modifyPlaywrightConf] Playwright "video" and "trace" recording are not supported over BrowserStack remote sessions and have been disabled to prevent run failures. Session video is available on the BrowserStack Automate dashboard. The "screenshot" option is unaffected.
2026-07-04 21:06:30 - [33mwarn[39m: [modifyPlaywrightConf] Playwright "video" and "trace" recording are not supported over BrowserStack remote sessions and have been disabled to prevent run failures. Session video is available on the BrowserStack Automate dashboard. The "screenshot" option is unaffected.
2026-07-04 21:06:30 - [33mwarn[39m: [modifyPlaywrightConf] Playwright "video" and "trace" recording are not supported over BrowserStack remote sessions and have been disabled to prevent run failures. Session video is available on the BrowserStack Automate dashboard. The "screenshot" option is unaffected.
2026-07-04 21:06:30 - [32minfo[39m: [GrpcClient] Sending TestFrameworkEvent
2026-07-04 21:06:30 - [32minfo[39m: [GrpcClient] Sending TestFrameworkEvent
2026-07-04 21:06:30 - [32minfo[39m: [GrpcClient] Sending TestFrameworkEvent
2026-07-04 21:06:30 - [32minfo[39m: [BrowserstackCLI] Starting as child process with session ID: d4126759-d85a-4f90-bb95-498625ce7ebf
2026-07-04 21:06:30 - [32minfo[39m: [BrowserstackCLI] Starting as child process with session ID: d4126759-d85a-4f90-bb95-498625ce7ebf
2026-07-04 21:06:30 - [32minfo[39m: [BrowserstackCLI] Starting as child process with session ID: d4126759-d85a-4f90-bb95-498625ce7ebf
2026-07-04 21:06:30 - [32minfo[39m: [GrpcClient] TestFrameworkEvent request successful
2026-07-04 21:06:30 - [32minfo[39m: [GrpcClient] TestFrameworkEvent request successful
2026-07-04 21:06:30 - [32minfo[39m: [GrpcClient] TestFrameworkEvent request successful
2026-07-04 21:06:30 - [32minfo[39m: [BrowserstackCLI] startChild: client and channel already exist, stopping here
2026-07-04 21:06:30 - [32minfo[39m: [PlaywrightAutomationFramework] trackPlaywrightInstance: created instance for target=9273:0, state=AutomationFrameworkState.CREATE
2026-07-04 21:06:30 - [32minfo[39m: [PlaywrightAutomationFramework] trackPlaywrightInstance: saved instance contextId=84324be76709a496f58396b9aed5c4ddae5d4a75c4f1644e4ce9a82f7626d93b target=9273:0
2026-07-04 21:06:30 - [32minfo[39m: [BrowserstackCLI] startChild: client and channel already exist, stopping here
2026-07-04 21:06:30 - [32minfo[39m: [PlaywrightAutomationFramework] trackPlaywrightInstance: created instance for target=9274:0, state=AutomationFrameworkState.CREATE
2026-07-04 21:06:30 - [32minfo[39m: [PlaywrightAutomationFramework] trackPlaywrightInstance: saved instance contextId=47bd8200405c0b99f3eb7806a1ccd6c6d1f3ecee78e7f3663dcd3a9f430a7d90 target=9274:0
2026-07-04 21:06:30 - [32minfo[39m: [BrowserstackCLI] startChild: client and channel already exist, stopping here
2026-07-04 21:06:30 - [32minfo[39m: [PlaywrightAutomationFramework] trackPlaywrightInstance: created instance for target=9275:0, state=AutomationFrameworkState.CREATE
2026-07-04 21:06:30 - [32minfo[39m: [PlaywrightAutomationFramework] trackPlaywrightInstance: saved instance contextId=99a7289aece3daf90813d118f47697ee1b3e713352c936827a2f5211989c15ea target=9275:0
2026-07-04 21:06:33 - [32minfo[39m: [PlaywrightAutomationFramework] trackPlaywrightInstance: instance already exists
2026-07-04 21:06:33 - [32minfo[39m: [PlaywrightAutomationFramework] trackPlaywrightInstance: instance already exists
2026-07-04 21:06:33 - [32minfo[39m: [GrpcClient] Sending DriverInit
2026-07-04 21:06:33 - [32minfo[39m: [GrpcClient] DriverInit request successful
2026-07-04 21:06:33 - [32minfo[39m: [PlaywrightAutomationFramework] trackPlaywrightInstance: instance already exists
2026-07-04 21:06:34 - [32minfo[39m: [PlaywrightAutomationFramework] trackPlaywrightInstance: instance already exists
2026-07-04 21:06:34 - [32minfo[39m: [GrpcClient] Sending TestSessionEvent
2026-07-04 21:06:34 - [32minfo[39m: [GrpcClient] TestSessionEvent request successful
2026-07-04 21:06:34 - [32minfo[39m: [ObservabilityModule] onBeforeTest: TEST REPORTING AND ANALYTICS sync done
2026-07-04 21:06:35 - [33mwarn[39m: Accessibility Automation will run only on Chrome or ChromeForTesting browsers.
2026-07-04 21:06:35 - [32minfo[39m: [Accessibility] afterTestHook state: accessibilityPlatform=false, bstackA11yShouldScan=true
2026-07-04 21:06:35 - [32minfo[39m: [PlaywrightAutomationFramework] trackPlaywrightInstance: instance already exists
2026-07-04 21:06:35 - [32minfo[39m: [GrpcClient] Sending TestSessionEvent
2026-07-04 21:06:35 - [32minfo[39m: [GrpcClient] TestSessionEvent request successful
2026-07-04 21:06:35 - [32minfo[39m: [ObservabilityModule] onBeforeTest: TEST REPORTING AND ANALYTICS sync done
2026-07-04 21:06:35 - [32minfo[39m: [PlaywrightDriverModule] testId: 537b83cfbdf14afda252-c10a54f5d3a608be0c88
2026-07-04 21:06:35 - [32minfo[39m: [PlaywrightDriverModule] testData from onAfterTest: {
  uuid: 'aac5523c-3775-4370-aacd-bc82fa0a0755',
  test_framework_name: 'Playwright',
  test_framework_version: '1.61.0',
  test_logs: [],
  test_hooks_finished: {},
  test_hooks_started: {},
  test_uuid: 'aac5523c-3775-4370-aacd-bc82fa0a0755',
  test_result: 'pending',
  automate_session_name: 'e2e/login.spec.ts - successful login redirects to products page',
  test_file_path: '/Users/tsl/Documents/projects/qa-automation/tests/e2e/login.spec.ts',
  test_id: '537b83cfbdf14afda252-c10a54f5d3a608be0c88',
  test_name: 'successful login redirects to products page',
  test_location: '/Users/tsl/Documents/projects/qa-automation/tests/e2e/login.spec.ts',
  test_code: 'async ({\n' +
    '  page\n' +
    '}) => {\n' +
    '  const loginPage = new _login.LoginPage(page);\n' +
    '  await loginPage.login(_user.Usernames.STANDARD, _user.Passwords.STANDARD_PASSWORD);\n' +
    '  await (0, _test.expect)(page).toHaveURL(/inventory/);\n' +
    '  await (0, _test.expect)(page.locator(".title")).toHaveText("Products");\n' +
    '}',
  test_tags: [],
  test_started_at: '2026-07-04T19:06:30.117Z',
  test_scope: 'e2e/login.spec.ts - successful login redirects to products page',
  test_scopes: [],
  test_rerun_name: ' -latest:OSX Ventura-browserstack e2e/login.spec.ts successful login redirects to products page'
}
2026-07-04 21:06:35 - [32minfo[39m: [GrpcClient] Sending TestSessionEvent
2026-07-04 21:06:35 - [32minfo[39m: [GrpcClient] TestSessionEvent request successful
2026-07-04 21:06:36 - [32minfo[39m: [PlaywrightDriverModule] markSessionStatusViaRestApi: PUT https://api.browserstack.com/automate/sessions/5ba110fecd8d404c1567a4bd175c9cea6e565501.json status=passed
2026-07-04 21:06:36 - [32minfo[39m: [PlaywrightAutomationFramework] trackPlaywrightInstance: instance already exists
2026-07-04 21:06:36 - [32minfo[39m: [PlaywrightAutomationFramework] trackPlaywrightInstance: instance already exists
2026-07-04 21:06:36 - [32minfo[39m: [GrpcClient] Sending DriverInit
2026-07-04 21:06:36 - [32minfo[39m: [GrpcClient] DriverInit request successful
2026-07-04 21:06:36 - [32minfo[39m: [PlaywrightAutomationFramework] trackPlaywrightInstance: instance already exists
2026-07-04 21:06:36 - [32minfo[39m: getting screenshots results.
2026-07-04 21:06:36 - [32minfo[39m: [PlaywrightAutomationFramework] trackPlaywrightInstance: instance already exists
2026-07-04 21:06:36 - [32minfo[39m: [GrpcClient] Sending LogCreatedEvent
2026-07-04 21:06:36 - [32minfo[39m: [GrpcClient] Sending TestFrameworkEvent
2026-07-04 21:06:36 - [32minfo[39m: [GrpcClient] Sending TestSessionEvent
2026-07-04 21:06:36 - [32minfo[39m: [GrpcClient] LogCreatedEvent request successful
2026-07-04 21:06:36 - [32minfo[39m: [GrpcClient] Sending TestFrameworkEvent
2026-07-04 21:06:36 - [32minfo[39m: [GrpcClient] TestFrameworkEvent request successful
2026-07-04 21:06:36 - [32minfo[39m: [GrpcClient] TestFrameworkEvent request successful
2026-07-04 21:06:36 - [32minfo[39m: [GrpcClient] TestSessionEvent request successful
2026-07-04 21:06:37 - [32minfo[39m: [PlaywrightAutomationFramework] trackPlaywrightInstance: instance already exists
2026-07-04 21:06:37 - [32minfo[39m: [ObservabilityModule] onBeforeTest: TEST REPORTING AND ANALYTICS sync done
2026-07-04 21:06:37 - [32minfo[39m: [PlaywrightAutomationFramework] trackPlaywrightInstance: instance already exists
2026-07-04 21:06:37 - [32minfo[39m: [GrpcClient] Sending TestSessionEvent
2026-07-04 21:06:37 - [32minfo[39m: [GrpcClient] TestSessionEvent request successful
2026-07-04 21:06:37 - [32minfo[39m: [ObservabilityModule] onBeforeTest: TEST REPORTING AND ANALYTICS sync done
2026-07-04 21:06:38 - [32minfo[39m: [PlaywrightAutomationFramework] trackPlaywrightInstance: instance already exists
2026-07-04 21:06:38 - [32minfo[39m: [PlaywrightAutomationFramework] trackPlaywrightInstance: instance already exists
2026-07-04 21:06:38 - [32minfo[39m: [GrpcClient] Sending DriverInit
2026-07-04 21:06:38 - [32minfo[39m: [GrpcClient] DriverInit request successful
2026-07-04 21:06:38 - [32minfo[39m: [PlaywrightAutomationFramework] trackPlaywrightInstance: instance already exists
2026-07-04 21:06:38 - [33mwarn[39m: Accessibility Automation will run only on Chrome or ChromeForTesting browsers.
2026-07-04 21:06:38 - [32minfo[39m: Automate test case execution has ended. Processing for accessibility testing is underway. 
2026-07-04 21:06:38 - [33mwarn[39m: Not a valid Accessibility Automation session for playwright-page, cannot perform scan with retry.
2026-07-04 21:06:38 - [33mwarn[39m: Not a valid Accessibility Automation session for playwright-page, cannot save accessibility results with retry.
2026-07-04 21:06:38 - [32minfo[39m: Accessibility testing for this test case has ended.
2026-07-04 21:06:38 - [32minfo[39m: [Accessibility] afterTestHook state: accessibilityPlatform=false, bstackA11yShouldScan=true
2026-07-04 21:06:38 - [32minfo[39m: [PlaywrightAutomationFramework] trackPlaywrightInstance: instance already exists
2026-07-04 21:06:38 - [32minfo[39m: [GrpcClient] Sending TestSessionEvent
2026-07-04 21:06:38 - [32minfo[39m: [GrpcClient] TestSessionEvent request successful
2026-07-04 21:06:38 - [32minfo[39m: [ObservabilityModule] onBeforeTest: TEST REPORTING AND ANALYTICS sync done
2026-07-04 21:06:38 - [32minfo[39m: [Accessibility] afterTestHook state: accessibilityPlatform=false, bstackA11yShouldScan=true
2026-07-04 21:06:38 - [32minfo[39m: [PlaywrightAutomationFramework] trackPlaywrightInstance: instance already exists
2026-07-04 21:06:38 - [32minfo[39m: [GrpcClient] Sending TestSessionEvent
2026-07-04 21:06:38 - [32minfo[39m: [GrpcClient] TestSessionEvent request successful
2026-07-04 21:06:38 - [32minfo[39m: [ObservabilityModule] onBeforeTest: TEST REPORTING AND ANALYTICS sync done
2026-07-04 21:06:38 - [32minfo[39m: [PlaywrightDriverModule] testId: 537b83cfbdf14afda252-d34d80b0ed6dd5276f24
2026-07-04 21:06:38 - [32minfo[39m: [PlaywrightDriverModule] testData from onAfterTest: {
  uuid: '4f5b092d-4a60-4adf-825b-8bcaece3ec7e',
  test_framework_name: 'Playwright',
  test_framework_version: '1.61.0',
  test_logs: [],
  test_hooks_finished: {},
  test_hooks_started: {},
  test_uuid: '4f5b092d-4a60-4adf-825b-8bcaece3ec7e',
  test_result: 'pending',
  automate_session_name: 'e2e/login.spec.ts - wrong password shows error',
  test_file_path: '/Users/tsl/Documents/projects/qa-automation/tests/e2e/login.spec.ts',
  test_id: '537b83cfbdf14afda252-d34d80b0ed6dd5276f24',
  test_name: 'wrong password shows error',
  test_location: '/Users/tsl/Documents/projects/qa-automation/tests/e2e/login.spec.ts',
  test_code: 'async ({\n' +
    '  page\n' +
    '}) => {\n' +
    '  const loginPage = new _login.LoginPage(page);\n' +
    '  await loginPage.login(_user.Usernames.STANDARD, _user.Passwords.WRONG_PASSWORD);\n' +
    '  await (0, _test.expect)(loginPage.getErrorBanner()).toBeVisible();\n' +
    '}',
  test_tags: [],
  test_started_at: '2026-07-04T19:06:36.944Z',
  test_scope: 'e2e/login.spec.ts - wrong password shows error',
  test_scopes: [],
  test_rerun_name: ' -latest:OSX Ventura-browserstack e2e/login.spec.ts wrong password shows error'
}
2026-07-04 21:06:38 - [32minfo[39m: [GrpcClient] Sending TestSessionEvent
2026-07-04 21:06:38 - [32minfo[39m: [GrpcClient] TestSessionEvent request successful
2026-07-04 21:06:38 - [32minfo[39m: [PlaywrightDriverModule] testId: 537b83cfbdf14afda252-35b58795cca1dc249e25
2026-07-04 21:06:38 - [32minfo[39m: [PlaywrightDriverModule] testData from onAfterTest: {
  uuid: 'c1748892-e12d-4631-9cd5-32566831a39e',
  test_framework_name: 'Playwright',
  test_framework_version: '1.61.0',
  test_logs: [],
  test_hooks_finished: {},
  test_hooks_started: {},
  test_uuid: 'c1748892-e12d-4631-9cd5-32566831a39e',
  test_result: 'pending',
  automate_session_name: 'e2e/login.spec.ts - successful login redirects to products page',
  test_file_path: '/Users/tsl/Documents/projects/qa-automation/tests/e2e/login.spec.ts',
  test_id: '537b83cfbdf14afda252-35b58795cca1dc249e25',
  test_name: 'successful login redirects to products page',
  test_location: '/Users/tsl/Documents/projects/qa-automation/tests/e2e/login.spec.ts',
  test_code: 'async ({\n' +
    '  page\n' +
    '}) => {\n' +
    '  const loginPage = new _login.LoginPage(page);\n' +
    '  await loginPage.login(_user.Usernames.STANDARD, _user.Passwords.STANDARD_PASSWORD);\n' +
    '  await (0, _test.expect)(page).toHaveURL(/inventory/);\n' +
    '  await (0, _test.expect)(page.locator(".title")).toHaveText("Products");\n' +
    '}',
  test_tags: [],
  test_started_at: '2026-07-04T19:06:30.117Z',
  test_scope: 'e2e/login.spec.ts - successful login redirects to products page',
  test_scopes: [],
  test_rerun_name: ' -latest:Windows 11-browserstack e2e/login.spec.ts successful login redirects to products page'
}
2026-07-04 21:06:38 - [32minfo[39m: [GrpcClient] Sending TestSessionEvent
2026-07-04 21:06:38 - [32minfo[39m: [GrpcClient] TestSessionEvent request successful
2026-07-04 21:06:39 - [32minfo[39m: [PlaywrightDriverModule] markSessionStatusViaRestApi: PUT https://api.browserstack.com/automate/sessions/5ba110fecd8d404c1567a4bd175c9cea6e565501.json status=passed
2026-07-04 21:06:39 - [32minfo[39m: [PlaywrightAutomationFramework] trackPlaywrightInstance: instance already exists
2026-07-04 21:06:39 - [32minfo[39m: [GrpcClient] Sending TestSessionEvent
2026-07-04 21:06:39 - [32minfo[39m: [GrpcClient] TestSessionEvent request successful
2026-07-04 21:06:39 - [32minfo[39m: [ObservabilityModule] onBeforeTest: TEST REPORTING AND ANALYTICS sync done
2026-07-04 21:06:39 - [32minfo[39m: getting screenshots results.
2026-07-04 21:06:39 - [32minfo[39m: [GrpcClient] Sending LogCreatedEvent
2026-07-04 21:06:39 - [32minfo[39m: [GrpcClient] Sending TestFrameworkEvent
2026-07-04 21:06:39 - [32minfo[39m: [GrpcClient] LogCreatedEvent request successful
2026-07-04 21:06:39 - [32minfo[39m: [GrpcClient] Sending TestFrameworkEvent
2026-07-04 21:06:39 - [32minfo[39m: [GrpcClient] TestFrameworkEvent request successful
2026-07-04 21:06:39 - [32minfo[39m: [GrpcClient] TestFrameworkEvent request successful
2026-07-04 21:06:40 - [32minfo[39m: [PlaywrightAutomationFramework] trackPlaywrightInstance: instance already exists
2026-07-04 21:06:40 - [32minfo[39m: [PlaywrightDriverModule] markSessionStatusViaRestApi: PUT https://api.browserstack.com/automate/sessions/3e9e1bf10600f22d64fe87b13de0716cc729acad.json status=passed
2026-07-04 21:06:40 - [32minfo[39m: [PlaywrightAutomationFramework] trackPlaywrightInstance: instance already exists
2026-07-04 21:06:40 - [32minfo[39m: [GrpcClient] Sending TestSessionEvent
2026-07-04 21:06:40 - [32minfo[39m: [GrpcClient] TestSessionEvent request successful
2026-07-04 21:06:40 - [32minfo[39m: [ObservabilityModule] onBeforeTest: TEST REPORTING AND ANALYTICS sync done
2026-07-04 21:06:40 - [32minfo[39m: getting screenshots results.
2026-07-04 21:06:40 - [32minfo[39m: [GrpcClient] Sending LogCreatedEvent
2026-07-04 21:06:40 - [32minfo[39m: [GrpcClient] Sending TestFrameworkEvent
2026-07-04 21:06:40 - [32minfo[39m: [GrpcClient] LogCreatedEvent request successful
2026-07-04 21:06:40 - [32minfo[39m: [GrpcClient] Sending TestFrameworkEvent
2026-07-04 21:06:40 - [32minfo[39m: [GrpcClient] TestFrameworkEvent request successful
2026-07-04 21:06:40 - [32minfo[39m: [GrpcClient] TestFrameworkEvent request successful
2026-07-04 21:06:41 - [32minfo[39m: [PlaywrightAutomationFramework] trackPlaywrightInstance: instance already exists
2026-07-04 21:06:41 - [32minfo[39m: [PlaywrightAutomationFramework] trackPlaywrightInstance: instance already exists
2026-07-04 21:06:41 - [32minfo[39m: [GrpcClient] Sending TestSessionEvent
2026-07-04 21:06:41 - [32minfo[39m: [GrpcClient] TestSessionEvent request successful
2026-07-04 21:06:41 - [32minfo[39m: [ObservabilityModule] onBeforeTest: TEST REPORTING AND ANALYTICS sync done
2026-07-04 21:06:41 - [33mwarn[39m: Accessibility Automation will run only on Chrome or ChromeForTesting browsers.
2026-07-04 21:06:41 - [32minfo[39m: [Accessibility] afterTestHook state: accessibilityPlatform=false, bstackA11yShouldScan=true
2026-07-04 21:06:41 - [32minfo[39m: [PlaywrightAutomationFramework] trackPlaywrightInstance: instance already exists
2026-07-04 21:06:41 - [32minfo[39m: [GrpcClient] Sending TestSessionEvent
2026-07-04 21:06:41 - [32minfo[39m: [GrpcClient] TestSessionEvent request successful
2026-07-04 21:06:41 - [32minfo[39m: [ObservabilityModule] onBeforeTest: TEST REPORTING AND ANALYTICS sync done
2026-07-04 21:06:41 - [33mwarn[39m: Accessibility Automation will run only on Chrome or ChromeForTesting browsers.
2026-07-04 21:06:41 - [32minfo[39m: [PlaywrightDriverModule] testId: 537b83cfbdf14afda252-0bd5001251d09742046f
2026-07-04 21:06:41 - [32minfo[39m: [PlaywrightDriverModule] testData from onAfterTest: {
  uuid: '655bf1de-be5a-492f-84d8-fe69c06d1d4e',
  test_framework_name: 'Playwright',
  test_framework_version: '1.61.0',
  test_logs: [],
  test_hooks_finished: {},
  test_hooks_started: {},
  test_uuid: '655bf1de-be5a-492f-84d8-fe69c06d1d4e',
  test_result: 'pending',
  automate_session_name: 'e2e/login.spec.ts - locked user login shows error',
  test_file_path: '/Users/tsl/Documents/projects/qa-automation/tests/e2e/login.spec.ts',
  test_id: '537b83cfbdf14afda252-0bd5001251d09742046f',
  test_name: 'locked user login shows error',
  test_location: '/Users/tsl/Documents/projects/qa-automation/tests/e2e/login.spec.ts',
  test_code: 'async ({\n' +
    '  page\n' +
    '}) => {\n' +
    '  const loginPage = new _login.LoginPage(page);\n' +
    '  const banner = loginPage.getErrorBanner();\n' +
    '  await loginPage.login(_user.Usernames.LOCKED_OUT, _user.Passwords.STANDARD_PASSWORD);\n' +
    '  await (0, _test.expect)(page).toHaveURL(/saucedemo\\.com\\/$/);\n' +
    '  await (0, _test.expect)(banner).toBeVisible();\n' +
    '  await (0, _test.expect)(banner).toContainText(_login2.LoginMessages.LOCKED_OUT);\n' +
    '}',
  test_tags: [],
  test_started_at: '2026-07-04T19:06:39.922Z',
  test_scope: 'e2e/login.spec.ts - locked user login shows error',
  test_scopes: [],
  test_rerun_name: ' -latest:OSX Ventura-browserstack e2e/login.spec.ts locked user login shows error'
}
2026-07-04 21:06:41 - [32minfo[39m: [GrpcClient] Sending TestSessionEvent
2026-07-04 21:06:41 - [32minfo[39m: [GrpcClient] TestSessionEvent request successful
2026-07-04 21:06:41 - [32minfo[39m: [Accessibility] afterTestHook state: accessibilityPlatform=false, bstackA11yShouldScan=true
2026-07-04 21:06:41 - [32minfo[39m: [PlaywrightAutomationFramework] trackPlaywrightInstance: instance already exists
2026-07-04 21:06:41 - [32minfo[39m: [GrpcClient] Sending TestSessionEvent
2026-07-04 21:06:41 - [32minfo[39m: [GrpcClient] TestSessionEvent request successful
2026-07-04 21:06:42 - [32minfo[39m: [ObservabilityModule] onBeforeTest: TEST REPORTING AND ANALYTICS sync done
2026-07-04 21:06:42 - [32minfo[39m: [PlaywrightDriverModule] markSessionStatusViaRestApi: PUT https://api.browserstack.com/automate/sessions/5ba110fecd8d404c1567a4bd175c9cea6e565501.json status=passed
2026-07-04 21:06:42 - [32minfo[39m: Automate test case execution has ended. Processing for accessibility testing is underway. 
2026-07-04 21:06:42 - [33mwarn[39m: Not a valid Accessibility Automation session for playwright-page, cannot perform scan with retry.
2026-07-04 21:06:42 - [33mwarn[39m: Not a valid Accessibility Automation session for playwright-page, cannot save accessibility results with retry.
2026-07-04 21:06:42 - [32minfo[39m: Accessibility testing for this test case has ended.
2026-07-04 21:06:42 - [32minfo[39m: [PlaywrightDriverModule] testId: 537b83cfbdf14afda252-c1c8d9b26a60fe56273c
2026-07-04 21:06:42 - [32minfo[39m: [PlaywrightDriverModule] testData from onAfterTest: {
  uuid: '81348dc7-f2b7-4d87-87a0-ced1d79f8f5a',
  test_framework_name: 'Playwright',
  test_framework_version: '1.61.0',
  test_logs: [],
  test_hooks_finished: {},
  test_hooks_started: {},
  test_uuid: '81348dc7-f2b7-4d87-87a0-ced1d79f8f5a',
  test_result: 'pending',
  automate_session_name: 'e2e/login.spec.ts - successful login redirects to products page',
  test_file_path: '/Users/tsl/Documents/projects/qa-automation/tests/e2e/login.spec.ts',
  test_id: '537b83cfbdf14afda252-c1c8d9b26a60fe56273c',
  test_name: 'successful login redirects to products page',
  test_location: '/Users/tsl/Documents/projects/qa-automation/tests/e2e/login.spec.ts',
  test_code: 'async ({\n' +
    '  page\n' +
    '}) => {\n' +
    '  const loginPage = new _login.LoginPage(page);\n' +
    '  await loginPage.login(_user.Usernames.STANDARD, _user.Passwords.STANDARD_PASSWORD);\n' +
    '  await (0, _test.expect)(page).toHaveURL(/inventory/);\n' +
    '  await (0, _test.expect)(page.locator(".title")).toHaveText("Products");\n' +
    '}',
  test_tags: [],
  test_started_at: '2026-07-04T19:06:30.112Z',
  test_scope: 'e2e/login.spec.ts - successful login redirects to products page',
  test_scopes: [],
  test_rerun_name: ' -latest:Windows 11-browserstack e2e/login.spec.ts successful login redirects to products page'
}
2026-07-04 21:06:42 - [32minfo[39m: [GrpcClient] Sending TestSessionEvent
2026-07-04 21:06:42 - [32minfo[39m: [GrpcClient] TestSessionEvent request successful
2026-07-04 21:06:42 - [32minfo[39m: [Accessibility] afterTestHook state: accessibilityPlatform=false, bstackA11yShouldScan=true
2026-07-04 21:06:42 - [32minfo[39m: [PlaywrightAutomationFramework] trackPlaywrightInstance: instance already exists
2026-07-04 21:06:42 - [32minfo[39m: [GrpcClient] Sending TestSessionEvent
2026-07-04 21:06:42 - [32minfo[39m: [GrpcClient] TestSessionEvent request successful
2026-07-04 21:06:42 - [32minfo[39m: [ObservabilityModule] onBeforeTest: TEST REPORTING AND ANALYTICS sync done
2026-07-04 21:06:42 - [32minfo[39m: getting screenshots results.
2026-07-04 21:06:42 - [32minfo[39m: [GrpcClient] Sending LogCreatedEvent
2026-07-04 21:06:42 - [32minfo[39m: [GrpcClient] LogCreatedEvent request successful
2026-07-04 21:06:42 - [32minfo[39m: [GrpcClient] Sending TestFrameworkEvent
2026-07-04 21:06:42 - [32minfo[39m: [GrpcClient] TestFrameworkEvent request successful
2026-07-04 21:06:42 - [32minfo[39m: [PlaywrightDriverModule] markSessionStatusViaRestApi: PUT https://api.browserstack.com/automate/sessions/d6ef80f083133018b18c109ba196eb88c25896e0.json status=passed
2026-07-04 21:06:42 - [32minfo[39m: [PlaywrightDriverModule] testId: 537b83cfbdf14afda252-f54344e0c95999009928
2026-07-04 21:06:42 - [32minfo[39m: [PlaywrightDriverModule] testData from onAfterTest: {
  uuid: 'abf23426-5fdb-4b38-b361-ca982ed16deb',
  test_framework_name: 'Playwright',
  test_framework_version: '1.61.0',
  test_logs: [],
  test_hooks_finished: {},
  test_hooks_started: {},
  test_uuid: 'abf23426-5fdb-4b38-b361-ca982ed16deb',
  test_result: 'pending',
  automate_session_name: 'e2e/login.spec.ts - wrong password shows error',
  test_file_path: '/Users/tsl/Documents/projects/qa-automation/tests/e2e/login.spec.ts',
  test_id: '537b83cfbdf14afda252-f54344e0c95999009928',
  test_name: 'wrong password shows error',
  test_location: '/Users/tsl/Documents/projects/qa-automation/tests/e2e/login.spec.ts',
  test_code: 'async ({\n' +
    '  page\n' +
    '}) => {\n' +
    '  const loginPage = new _login.LoginPage(page);\n' +
    '  await loginPage.login(_user.Usernames.STANDARD, _user.Passwords.WRONG_PASSWORD);\n' +
    '  await (0, _test.expect)(loginPage.getErrorBanner()).toBeVisible();\n' +
    '}',
  test_tags: [],
  test_started_at: '2026-07-04T19:06:40.930Z',
  test_scope: 'e2e/login.spec.ts - wrong password shows error',
  test_scopes: [],
  test_rerun_name: ' -latest:Windows 11-browserstack e2e/login.spec.ts wrong password shows error'
}
2026-07-04 21:06:42 - [32minfo[39m: [GrpcClient] Sending TestSessionEvent
2026-07-04 21:06:42 - [32minfo[39m: [GrpcClient] TestSessionEvent request successful
2026-07-04 21:06:43 - [32minfo[39m: [PlaywrightDriverModule] markSessionStatusViaRestApi: PUT https://api.browserstack.com/automate/sessions/3e9e1bf10600f22d64fe87b13de0716cc729acad.json status=passed
2026-07-04 21:06:43 - [32minfo[39m: getting screenshots results.
2026-07-04 21:06:43 - [32minfo[39m: [GrpcClient] Sending LogCreatedEvent
2026-07-04 21:06:43 - [32minfo[39m: [GrpcClient] Sending TestFrameworkEvent
2026-07-04 21:06:43 - [32minfo[39m: [GrpcClient] LogCreatedEvent request successful
2026-07-04 21:06:43 - [32minfo[39m: [GrpcClient] Sending TestFrameworkEvent
2026-07-04 21:06:43 - [32minfo[39m: [GrpcClient] TestFrameworkEvent request successful
2026-07-04 21:06:43 - [32minfo[39m: [GrpcClient] TestFrameworkEvent request successful
2026-07-04 21:06:43 - [32minfo[39m: [PlaywrightAutomationFramework] trackPlaywrightInstance: instance already exists
2026-07-04 21:06:43 - [32minfo[39m: getting screenshots results.
2026-07-04 21:06:43 - [32minfo[39m: [GrpcClient] Sending LogCreatedEvent
2026-07-04 21:06:43 - [32minfo[39m: [GrpcClient] Sending TestFrameworkEvent
2026-07-04 21:06:43 - [32minfo[39m: [PlaywrightAutomationFramework] trackPlaywrightInstance: instance already exists
2026-07-04 21:06:43 - [32minfo[39m: [GrpcClient] LogCreatedEvent request successful
2026-07-04 21:06:43 - [32minfo[39m: [GrpcClient] Sending TestSessionEvent
2026-07-04 21:06:43 - [32minfo[39m: [GrpcClient] Sending TestFrameworkEvent
2026-07-04 21:06:43 - [32minfo[39m: [GrpcClient] TestFrameworkEvent request successful
2026-07-04 21:06:43 - [32minfo[39m: [GrpcClient] TestFrameworkEvent request successful
2026-07-04 21:06:43 - [32minfo[39m: [GrpcClient] TestSessionEvent request successful
2026-07-04 21:06:43 - [32minfo[39m: [ObservabilityModule] onBeforeTest: TEST REPORTING AND ANALYTICS sync done
2026-07-04 21:06:43 - [32minfo[39m: [PlaywrightAutomationFramework] trackPlaywrightInstance: instance already exists
2026-07-04 21:06:44 - [32minfo[39m: [PlaywrightAutomationFramework] trackPlaywrightInstance: instance already exists
2026-07-04 21:06:44 - [32minfo[39m: [GrpcClient] Sending TestSessionEvent
2026-07-04 21:06:44 - [32minfo[39m: [GrpcClient] TestSessionEvent request successful
2026-07-04 21:06:44 - [32minfo[39m: [ObservabilityModule] onBeforeTest: TEST REPORTING AND ANALYTICS sync done
2026-07-04 21:06:45 - [33mwarn[39m: Accessibility Automation will run only on Chrome or ChromeForTesting browsers.
2026-07-04 21:06:45 - [32minfo[39m: [Accessibility] afterTestHook state: accessibilityPlatform=false, bstackA11yShouldScan=true
2026-07-04 21:06:45 - [32minfo[39m: [PlaywrightAutomationFramework] trackPlaywrightInstance: instance already exists
2026-07-04 21:06:45 - [32minfo[39m: [GrpcClient] Sending TestSessionEvent
2026-07-04 21:06:45 - [32minfo[39m: [GrpcClient] TestSessionEvent request successful
2026-07-04 21:06:45 - [32minfo[39m: [ObservabilityModule] onBeforeTest: TEST REPORTING AND ANALYTICS sync done
2026-07-04 21:06:45 - [32minfo[39m: Automate test case execution has ended. Processing for accessibility testing is underway. 
2026-07-04 21:06:45 - [33mwarn[39m: Not a valid Accessibility Automation session for playwright-page, cannot perform scan with retry.
2026-07-04 21:06:45 - [33mwarn[39m: Not a valid Accessibility Automation session for playwright-page, cannot save accessibility results with retry.
2026-07-04 21:06:45 - [32minfo[39m: Accessibility testing for this test case has ended.
2026-07-04 21:06:45 - [32minfo[39m: [Accessibility] afterTestHook state: accessibilityPlatform=false, bstackA11yShouldScan=true
2026-07-04 21:06:45 - [32minfo[39m: [PlaywrightAutomationFramework] trackPlaywrightInstance: instance already exists
2026-07-04 21:06:45 - [32minfo[39m: [GrpcClient] Sending TestSessionEvent
2026-07-04 21:06:45 - [32minfo[39m: [GrpcClient] TestSessionEvent request successful
2026-07-04 21:06:45 - [32minfo[39m: [ObservabilityModule] onBeforeTest: TEST REPORTING AND ANALYTICS sync done
2026-07-04 21:06:45 - [32minfo[39m: [PlaywrightDriverModule] testId: 537b83cfbdf14afda252-f97246ce5c6f33f1a704
2026-07-04 21:06:45 - [32minfo[39m: [PlaywrightDriverModule] testData from onAfterTest: {
  uuid: '48e509e2-c3ba-4de4-8114-1a7545ee2f3b',
  test_framework_name: 'Playwright',
  test_framework_version: '1.61.0',
  test_logs: [],
  test_hooks_finished: {},
  test_hooks_started: {},
  test_uuid: '48e509e2-c3ba-4de4-8114-1a7545ee2f3b',
  test_result: 'pending',
  automate_session_name: 'e2e/login.spec.ts - wrong password shows error',
  test_file_path: '/Users/tsl/Documents/projects/qa-automation/tests/e2e/login.spec.ts',
  test_id: '537b83cfbdf14afda252-f97246ce5c6f33f1a704',
  test_name: 'wrong password shows error',
  test_location: '/Users/tsl/Documents/projects/qa-automation/tests/e2e/login.spec.ts',
  test_code: 'async ({\n' +
    '  page\n' +
    '}) => {\n' +
    '  const loginPage = new _login.LoginPage(page);\n' +
    '  await loginPage.login(_user.Usernames.STANDARD, _user.Passwords.WRONG_PASSWORD);\n' +
    '  await (0, _test.expect)(loginPage.getErrorBanner()).toBeVisible();\n' +
    '}',
  test_tags: [],
  test_started_at: '2026-07-04T19:06:43.256Z',
  test_scope: 'e2e/login.spec.ts - wrong password shows error',
  test_scopes: [],
  test_rerun_name: ' -latest:Windows 11-browserstack e2e/login.spec.ts wrong password shows error'
}
2026-07-04 21:06:45 - [32minfo[39m: [GrpcClient] Sending TestSessionEvent
2026-07-04 21:06:45 - [32minfo[39m: [GrpcClient] TestSessionEvent request successful
2026-07-04 21:06:45 - [32minfo[39m: [PlaywrightDriverModule] testId: 537b83cfbdf14afda252-718fbb77e918c549a6ef
2026-07-04 21:06:45 - [32minfo[39m: [PlaywrightDriverModule] testData from onAfterTest: {
  uuid: '43e9b72b-2f7d-4994-ae73-2316b8eafe27',
  test_framework_name: 'Playwright',
  test_framework_version: '1.61.0',
  test_logs: [],
  test_hooks_finished: {},
  test_hooks_started: {},
  test_uuid: '43e9b72b-2f7d-4994-ae73-2316b8eafe27',
  test_result: 'pending',
  automate_session_name: 'e2e/login.spec.ts - locked user login shows error',
  test_file_path: '/Users/tsl/Documents/projects/qa-automation/tests/e2e/login.spec.ts',
  test_id: '537b83cfbdf14afda252-718fbb77e918c549a6ef',
  test_name: 'locked user login shows error',
  test_location: '/Users/tsl/Documents/projects/qa-automation/tests/e2e/login.spec.ts',
  test_code: 'async ({\n' +
    '  page\n' +
    '}) => {\n' +
    '  const loginPage = new _login.LoginPage(page);\n' +
    '  const banner = loginPage.getErrorBanner();\n' +
    '  await loginPage.login(_user.Usernames.LOCKED_OUT, _user.Passwords.STANDARD_PASSWORD);\n' +
    '  await (0, _test.expect)(page).toHaveURL(/saucedemo\\.com\\/$/);\n' +
    '  await (0, _test.expect)(banner).toBeVisible();\n' +
    '  await (0, _test.expect)(banner).toContainText(_login2.LoginMessages.LOCKED_OUT);\n' +
    '}',
  test_tags: [],
  test_started_at: '2026-07-04T19:06:43.819Z',
  test_scope: 'e2e/login.spec.ts - locked user login shows error',
  test_scopes: [],
  test_rerun_name: ' -latest:Windows 11-browserstack e2e/login.spec.ts locked user login shows error'
}
2026-07-04 21:06:45 - [32minfo[39m: [GrpcClient] Sending TestSessionEvent
2026-07-04 21:06:45 - [32minfo[39m: [GrpcClient] TestSessionEvent request successful
2026-07-04 21:06:45 - [32minfo[39m: [PlaywrightDriverModule] markSessionStatusViaRestApi: PUT https://api.browserstack.com/automate/sessions/d6ef80f083133018b18c109ba196eb88c25896e0.json status=passed
2026-07-04 21:06:46 - [32minfo[39m: getting screenshots results.
2026-07-04 21:06:46 - [32minfo[39m: [GrpcClient] Sending LogCreatedEvent
2026-07-04 21:06:46 - [32minfo[39m: [GrpcClient] Sending TestFrameworkEvent
2026-07-04 21:06:46 - [32minfo[39m: [GrpcClient] LogCreatedEvent request successful
2026-07-04 21:06:46 - [32minfo[39m: [GrpcClient] Sending TestFrameworkEvent
2026-07-04 21:06:46 - [32minfo[39m: [GrpcClient] TestFrameworkEvent request successful
2026-07-04 21:06:46 - [32minfo[39m: [GrpcClient] TestFrameworkEvent request successful
2026-07-04 21:06:46 - [32minfo[39m: [PlaywrightAutomationFramework] trackPlaywrightInstance: instance already exists
2026-07-04 21:06:46 - [32minfo[39m: [PlaywrightDriverModule] markSessionStatusViaRestApi: PUT https://api.browserstack.com/automate/sessions/3e9e1bf10600f22d64fe87b13de0716cc729acad.json status=passed
2026-07-04 21:06:46 - [32minfo[39m: [PlaywrightAutomationFramework] trackPlaywrightInstance: instance already exists
2026-07-04 21:06:46 - [32minfo[39m: [GrpcClient] Sending TestSessionEvent
2026-07-04 21:06:46 - [32minfo[39m: [GrpcClient] TestSessionEvent request successful
2026-07-04 21:06:46 - [32minfo[39m: getting screenshots results.
2026-07-04 21:06:46 - [32minfo[39m: [GrpcClient] Sending LogCreatedEvent
2026-07-04 21:06:46 - [32minfo[39m: [GrpcClient] LogCreatedEvent request successful
2026-07-04 21:06:46 - [32minfo[39m: [GrpcClient] Sending TestFrameworkEvent
2026-07-04 21:06:46 - [32minfo[39m: [GrpcClient] TestFrameworkEvent request successful
2026-07-04 21:06:46 - [32minfo[39m: [ObservabilityModule] onBeforeTest: TEST REPORTING AND ANALYTICS sync done
2026-07-04 21:06:47 - [33mwarn[39m: Accessibility Automation will run only on Chrome or ChromeForTesting browsers.
2026-07-04 21:06:48 - [32minfo[39m: [Accessibility] afterTestHook state: accessibilityPlatform=false, bstackA11yShouldScan=true
2026-07-04 21:06:48 - [32minfo[39m: [PlaywrightAutomationFramework] trackPlaywrightInstance: instance already exists
2026-07-04 21:06:48 - [32minfo[39m: [GrpcClient] Sending TestSessionEvent
2026-07-04 21:06:48 - [32minfo[39m: [GrpcClient] TestSessionEvent request successful
2026-07-04 21:06:48 - [32minfo[39m: [ObservabilityModule] onBeforeTest: TEST REPORTING AND ANALYTICS sync done
2026-07-04 21:06:48 - [32minfo[39m: [PlaywrightDriverModule] testId: 537b83cfbdf14afda252-c99d43c50a18b930bc40
2026-07-04 21:06:48 - [32minfo[39m: [PlaywrightDriverModule] testData from onAfterTest: {
  uuid: '859190f0-70ed-4397-8856-e2a9c3279cbc',
  test_framework_name: 'Playwright',
  test_framework_version: '1.61.0',
  test_logs: [],
  test_hooks_finished: {},
  test_hooks_started: {},
  test_uuid: '859190f0-70ed-4397-8856-e2a9c3279cbc',
  test_result: 'pending',
  automate_session_name: 'e2e/login.spec.ts - locked user login shows error',
  test_file_path: '/Users/tsl/Documents/projects/qa-automation/tests/e2e/login.spec.ts',
  test_id: '537b83cfbdf14afda252-c99d43c50a18b930bc40',
  test_name: 'locked user login shows error',
  test_location: '/Users/tsl/Documents/projects/qa-automation/tests/e2e/login.spec.ts',
  test_code: 'async ({\n' +
    '  page\n' +
    '}) => {\n' +
    '  const loginPage = new _login.LoginPage(page);\n' +
    '  const banner = loginPage.getErrorBanner();\n' +
    '  await loginPage.login(_user.Usernames.LOCKED_OUT, _user.Passwords.STANDARD_PASSWORD);\n' +
    '  await (0, _test.expect)(page).toHaveURL(/saucedemo\\.com\\/$/);\n' +
    '  await (0, _test.expect)(banner).toBeVisible();\n' +
    '  await (0, _test.expect)(banner).toContainText(_login2.LoginMessages.LOCKED_OUT);\n' +
    '}',
  test_tags: [],
  test_started_at: '2026-07-04T19:06:46.161Z',
  test_scope: 'e2e/login.spec.ts - locked user login shows error',
  test_scopes: [],
  test_rerun_name: ' -latest:Windows 11-browserstack e2e/login.spec.ts locked user login shows error'
}
2026-07-04 21:06:48 - [32minfo[39m: [GrpcClient] Sending TestSessionEvent
2026-07-04 21:06:48 - [32minfo[39m: [GrpcClient] TestSessionEvent request successful
2026-07-04 21:06:48 - [32minfo[39m: [PlaywrightDriverModule] markSessionStatusViaRestApi: PUT https://api.browserstack.com/automate/sessions/d6ef80f083133018b18c109ba196eb88c25896e0.json status=passed
2026-07-04 21:06:49 - [32minfo[39m: getting screenshots results.
2026-07-04 21:06:49 - [32minfo[39m: [GrpcClient] Sending LogCreatedEvent
2026-07-04 21:06:49 - [32minfo[39m: [GrpcClient] LogCreatedEvent request successful
2026-07-04 21:06:49 - [32minfo[39m: [GrpcClient] Sending TestFrameworkEvent
2026-07-04 21:06:49 - [32minfo[39m: [GrpcClient] TestFrameworkEvent request successful
2026-07-04 21:06:49 - [32minfo[39m: [BrowserstackCLI] stop: CLI stop triggered
2026-07-04 21:06:49 - [32minfo[39m: [GrpcClient] Stopping bin session
2026-07-04 21:06:50 - [32minfo[39m: [GrpcClient] StopBinSession successful
2026-07-04 21:06:50 - [32minfo[39m: stop: stopBinSession build_link=https://automate.browserstack.com/dashboard/v2/builds/6582b369cc32cddb92855572c4ca08342b672515 hashed_id=6582b369cc32cddb92855572c4ca08342b672515 o11y_uuid=6pvdn4wdmkuvytkuehsvnmroaiaygystbeozcird
2026-07-04 21:06:50 - [32minfo[39m: [BrowserstackCLI] Unconfiguring modules
2026-07-04 21:06:50 - [32minfo[39m: [BrowserstackCLI] stop: channel closed
2026-07-04 21:06:55 - [32minfo[39m: [BrowserstackCLI] stop: shutting down CLI
2026-07-04 21:06:55 - [32minfo[39m: [BrowserstackCLI] stop: CLI process exited
2026-07-04 21:06:55 - [32minfo[39m: Visit https://automation.browserstack.com/builds/6pvdn4wdmkuvytkuehsvnmroaiaygystbeozcird to view build report, insights, and many more debugging information all at one place!

2026-07-04 21:06:56 - [32minfo[39m: View build on BrowserStack dashboard: https://automate.browserstack.com/dashboard/v2/builds/6582b369cc32cddb92855572c4ca08342b672515
2026-07-04 21:06:57 - [32minfo[39m: SDK run ended for id: 93e48f72-b567-4690-a7cd-55f5c950d942, testhub id: 6pvdn4wdmkuvytkuehsvnmroaiaygystbeozcird
2026-07-04 21:06:58 - [32minfo[39m: Deleting /Users/tsl/Documents/projects/qa-automation/playwright-browserstack-sdk.config.ts
2026-07-04 21:06:58 - [32minfo[39m: [BrowserstackCLI] stop: CLI is not running, skipping stop
2026-07-04 21:07:37 - [32minfo[39m: Reading configs from /Users/tsl/Documents/projects/qa-automation/browserstack.yml
2026-07-04 21:07:37 - [32minfo[39m: Log Directory has been set to /Users/tsl/Documents/projects/qa-automation/log
2026-07-04 21:07:37 - [32minfo[39m: Running SDK with args /opt/homebrew/Cellar/node/26.0.0/bin/node /Users/tsl/Documents/projects/qa-automation/node_modules/.bin/browserstack-node-sdk playwright test tests/e2e/login.spec.ts --config=playwright.browserstack.config.ts
2026-07-04 21:07:37 - [32minfo[39m: SDK run started with id: 145c3cfc-3350-4ba0-8e96-034f6d62331a
2026-07-04 21:07:37 - [32minfo[39m: Project and debug logs are captured by default. To disable, set disableAutoCaptureLogs: true in config.
2026-07-04 21:07:37 - [32minfo[39m: [BrowserstackCLI] startMain: Starting main process
2026-07-04 21:07:37 - [32minfo[39m: [CLIUtils] Current CLI Path Found: /Users/tsl/.browserstack/cli/binary-macos-arm64
2026-07-04 21:07:38 - [32minfo[39m: [BrowserstackCLI] spawning command='/Users/tsl/.browserstack/cli/binary-macos-arm64,sdk'
2026-07-04 21:07:39 - [32minfo[39m: [BrowserstackCLI] CLI params loaded: {"id":"ad84b816-3fb9-4477-aea6-bf71236a2d66","listen":"unix:/tmp/sdk-platform-ad84b816-3fb9-4477-aea6-bf71236a2d66.sock"}
2026-07-04 21:07:39 - [32minfo[39m: [GrpcClient] Connected to gRPC server at unix:/tmp/sdk-platform-ad84b816-3fb9-4477-aea6-bf71236a2d66.sock
2026-07-04 21:07:39 - [32minfo[39m: [GrpcClient] Initialized gRPC client with bin session id: ad84b816-3fb9-4477-aea6-bf71236a2d66 and listen address: unix:/tmp/sdk-platform-ad84b816-3fb9-4477-aea6-bf71236a2d66.sock
2026-07-04 21:07:39 - [32minfo[39m: [GrpcClient] startBinSession: Calling startBinSession
2026-07-04 21:07:39 - [32minfo[39m: [GrpcClient] setCliArgs: cliArgs=["playwright","test","tests/e2e/login.spec.ts"], parsedConfig=[]
2026-07-04 21:07:41 - [32minfo[39m: [GrpcClient] StartBinSession successful
2026-07-04 21:07:41 - [32minfo[39m: [BrowserstackCLI] loadModules: Loading modules
2026-07-04 21:07:41 - [32minfo[39m: [BrowserstackCLI] loadModules: binSessionId=ad84b816-3fb9-4477-aea6-bf71236a2d66
2026-07-04 21:07:41 - [32minfo[39m: [BrowserstackCLI] loading Modules.
2026-07-04 21:07:41 - [32minfo[39m: [BrowserstackCLI] setCliArgs: cliArgs=["playwright","test","tests/e2e/login.spec.ts"]
2026-07-04 21:07:41 - [32minfo[39m: [BrowserstackCLI] Accessibility success=false
2026-07-04 21:07:42 - [32minfo[39m: [BrowserstackCLI] Starting as child process with session ID: ad84b816-3fb9-4477-aea6-bf71236a2d66
2026-07-04 21:07:42 - [32minfo[39m: [GrpcClient] Connected to gRPC server at unix:/tmp/sdk-platform-ad84b816-3fb9-4477-aea6-bf71236a2d66.sock
2026-07-04 21:07:42 - [32minfo[39m: [GrpcClient] Connecting bin session
2026-07-04 21:07:42 - [32minfo[39m: [GrpcClient] ConnectBinSession successful
2026-07-04 21:07:42 - [32minfo[39m: [BrowserstackCLI] loadModules: Loading modules
2026-07-04 21:07:42 - [32minfo[39m: [BrowserstackCLI] loadModules: binSessionId=ad84b816-3fb9-4477-aea6-bf71236a2d66
2026-07-04 21:07:42 - [32minfo[39m: [BrowserstackCLI] loading Modules.
2026-07-04 21:07:42 - [32minfo[39m: [BrowserstackCLI] Accessibility success=false
2026-07-04 21:07:42 - [32minfo[39m: [GrpcClient] Getting Playwright config
2026-07-04 21:07:42 - [32minfo[39m: [GrpcClient] PlaywrightConfig request successful
2026-07-04 21:07:42 - [33mwarn[39m: [modifyPlaywrightConf] Playwright "video" and "trace" recording are not supported over BrowserStack remote sessions and have been disabled to prevent run failures. Session video is available on the BrowserStack Automate dashboard. The "screenshot" option is unaffected.
2026-07-04 21:07:42 - [32minfo[39m: Setting up TestInfo directory at /Users/tsl/Documents/projects/qa-automation/log/.obs_test_details-default
2026-07-04 21:07:42 - [32minfo[39m: [PlaywrightTestFramework] trackPlaywrightInstance: created instance for target=9564:0, state=TestFrameworkState.INIT_TEST
2026-07-04 21:07:42 - [32minfo[39m: [PlaywrightTestFramework] trackPlaywrightInstance: saved instance contextId=fcd3dd045dc66b0bc65f2c4c97a3438277487449bc9cc8d4e8040c6c2267c434 target=9564:0
2026-07-04 21:07:42 - [32minfo[39m: [BrowserstackCLI] Starting as child process with session ID: ad84b816-3fb9-4477-aea6-bf71236a2d66
2026-07-04 21:07:42 - [32minfo[39m: [GrpcClient] Connected to gRPC server at unix:/tmp/sdk-platform-ad84b816-3fb9-4477-aea6-bf71236a2d66.sock
2026-07-04 21:07:42 - [32minfo[39m: [GrpcClient] Connecting bin session
2026-07-04 21:07:42 - [32minfo[39m: [BrowserstackCLI] Starting as child process with session ID: ad84b816-3fb9-4477-aea6-bf71236a2d66
2026-07-04 21:07:42 - [32minfo[39m: [BrowserstackCLI] Starting as child process with session ID: ad84b816-3fb9-4477-aea6-bf71236a2d66
2026-07-04 21:07:42 - [32minfo[39m: [GrpcClient] Connected to gRPC server at unix:/tmp/sdk-platform-ad84b816-3fb9-4477-aea6-bf71236a2d66.sock
2026-07-04 21:07:42 - [32minfo[39m: [GrpcClient] Connecting bin session
2026-07-04 21:07:42 - [32minfo[39m: [GrpcClient] Connected to gRPC server at unix:/tmp/sdk-platform-ad84b816-3fb9-4477-aea6-bf71236a2d66.sock
2026-07-04 21:07:42 - [32minfo[39m: [GrpcClient] Connecting bin session
2026-07-04 21:07:42 - [32minfo[39m: [GrpcClient] ConnectBinSession successful
2026-07-04 21:07:42 - [32minfo[39m: [GrpcClient] ConnectBinSession successful
2026-07-04 21:07:42 - [32minfo[39m: [GrpcClient] ConnectBinSession successful
2026-07-04 21:07:43 - [32minfo[39m: [BrowserstackCLI] loadModules: Loading modules
2026-07-04 21:07:43 - [32minfo[39m: [BrowserstackCLI] loadModules: binSessionId=ad84b816-3fb9-4477-aea6-bf71236a2d66
2026-07-04 21:07:43 - [32minfo[39m: [BrowserstackCLI] loading Modules.
2026-07-04 21:07:43 - [32minfo[39m: [BrowserstackCLI] Accessibility success=false
2026-07-04 21:07:43 - [32minfo[39m: [GrpcClient] Getting Playwright config
2026-07-04 21:07:43 - [32minfo[39m: [BrowserstackCLI] loadModules: Loading modules
2026-07-04 21:07:43 - [32minfo[39m: [BrowserstackCLI] loadModules: binSessionId=ad84b816-3fb9-4477-aea6-bf71236a2d66
2026-07-04 21:07:43 - [32minfo[39m: [BrowserstackCLI] loading Modules.
2026-07-04 21:07:43 - [32minfo[39m: [BrowserstackCLI] Accessibility success=false
2026-07-04 21:07:43 - [32minfo[39m: [GrpcClient] Getting Playwright config
2026-07-04 21:07:43 - [32minfo[39m: [BrowserstackCLI] loadModules: Loading modules
2026-07-04 21:07:43 - [32minfo[39m: [BrowserstackCLI] loadModules: binSessionId=ad84b816-3fb9-4477-aea6-bf71236a2d66
2026-07-04 21:07:43 - [32minfo[39m: [BrowserstackCLI] loading Modules.
2026-07-04 21:07:43 - [32minfo[39m: [BrowserstackCLI] Accessibility success=false
2026-07-04 21:07:43 - [32minfo[39m: [GrpcClient] Getting Playwright config
2026-07-04 21:07:43 - [32minfo[39m: [GrpcClient] PlaywrightConfig request successful
2026-07-04 21:07:43 - [32minfo[39m: [GrpcClient] PlaywrightConfig request successful
2026-07-04 21:07:43 - [32minfo[39m: [GrpcClient] PlaywrightConfig request successful
2026-07-04 21:07:43 - [33mwarn[39m: [modifyPlaywrightConf] Playwright "video" and "trace" recording are not supported over BrowserStack remote sessions and have been disabled to prevent run failures. Session video is available on the BrowserStack Automate dashboard. The "screenshot" option is unaffected.
2026-07-04 21:07:43 - [33mwarn[39m: [modifyPlaywrightConf] Playwright "video" and "trace" recording are not supported over BrowserStack remote sessions and have been disabled to prevent run failures. Session video is available on the BrowserStack Automate dashboard. The "screenshot" option is unaffected.
2026-07-04 21:07:43 - [33mwarn[39m: [modifyPlaywrightConf] Playwright "video" and "trace" recording are not supported over BrowserStack remote sessions and have been disabled to prevent run failures. Session video is available on the BrowserStack Automate dashboard. The "screenshot" option is unaffected.
2026-07-04 21:07:43 - [32minfo[39m: [GrpcClient] Sending TestFrameworkEvent
2026-07-04 21:07:43 - [32minfo[39m: [GrpcClient] Sending TestFrameworkEvent
2026-07-04 21:07:43 - [32minfo[39m: [GrpcClient] Sending TestFrameworkEvent
2026-07-04 21:07:43 - [32minfo[39m: [BrowserstackCLI] Starting as child process with session ID: ad84b816-3fb9-4477-aea6-bf71236a2d66
2026-07-04 21:07:43 - [32minfo[39m: [BrowserstackCLI] Starting as child process with session ID: ad84b816-3fb9-4477-aea6-bf71236a2d66
2026-07-04 21:07:43 - [32minfo[39m: [GrpcClient] TestFrameworkEvent request successful
2026-07-04 21:07:43 - [32minfo[39m: [GrpcClient] TestFrameworkEvent request successful
2026-07-04 21:07:43 - [32minfo[39m: [BrowserstackCLI] Starting as child process with session ID: ad84b816-3fb9-4477-aea6-bf71236a2d66
2026-07-04 21:07:43 - [32minfo[39m: [GrpcClient] TestFrameworkEvent request successful
2026-07-04 21:07:43 - [32minfo[39m: [BrowserstackCLI] startChild: client and channel already exist, stopping here
2026-07-04 21:07:43 - [32minfo[39m: [PlaywrightAutomationFramework] trackPlaywrightInstance: created instance for target=9568:0, state=AutomationFrameworkState.CREATE
2026-07-04 21:07:43 - [32minfo[39m: [PlaywrightAutomationFramework] trackPlaywrightInstance: saved instance contextId=f56739a66dce97704683fef0cb088701faa86214691d1347007992e6907bf027 target=9568:0
2026-07-04 21:07:43 - [32minfo[39m: [BrowserstackCLI] startChild: client and channel already exist, stopping here
2026-07-04 21:07:43 - [32minfo[39m: [PlaywrightAutomationFramework] trackPlaywrightInstance: created instance for target=9570:0, state=AutomationFrameworkState.CREATE
2026-07-04 21:07:43 - [32minfo[39m: [PlaywrightAutomationFramework] trackPlaywrightInstance: saved instance contextId=52227ff1383db8eb6617a444a39e4354e64eca6b29ab526dfee757cb84701cde target=9570:0
2026-07-04 21:07:43 - [32minfo[39m: [BrowserstackCLI] startChild: client and channel already exist, stopping here
2026-07-04 21:07:43 - [32minfo[39m: [PlaywrightAutomationFramework] trackPlaywrightInstance: created instance for target=9569:0, state=AutomationFrameworkState.CREATE
2026-07-04 21:07:43 - [32minfo[39m: [PlaywrightAutomationFramework] trackPlaywrightInstance: saved instance contextId=095dd75354b537de36af8ea06975ac52302ea1a32f7d263eec3f0f99d619f69a target=9569:0
2026-07-04 21:07:45 - [32minfo[39m: [PlaywrightAutomationFramework] trackPlaywrightInstance: instance already exists
2026-07-04 21:07:46 - [32minfo[39m: [PlaywrightAutomationFramework] trackPlaywrightInstance: instance already exists
2026-07-04 21:07:46 - [32minfo[39m: [GrpcClient] Sending DriverInit
2026-07-04 21:07:46 - [32minfo[39m: [GrpcClient] DriverInit request successful
2026-07-04 21:07:46 - [32minfo[39m: [PlaywrightAutomationFramework] trackPlaywrightInstance: instance already exists
2026-07-04 21:07:47 - [32minfo[39m: [PlaywrightAutomationFramework] trackPlaywrightInstance: instance already exists
2026-07-04 21:07:47 - [32minfo[39m: [GrpcClient] Sending TestSessionEvent
2026-07-04 21:07:47 - [32minfo[39m: [GrpcClient] TestSessionEvent request successful
2026-07-04 21:07:47 - [32minfo[39m: [ObservabilityModule] onBeforeTest: TEST REPORTING AND ANALYTICS sync done
2026-07-04 21:07:48 - [32minfo[39m: [PlaywrightAutomationFramework] trackPlaywrightInstance: instance already exists
2026-07-04 21:07:48 - [32minfo[39m: [PlaywrightAutomationFramework] trackPlaywrightInstance: instance already exists
2026-07-04 21:07:48 - [32minfo[39m: [GrpcClient] Sending DriverInit
2026-07-04 21:07:48 - [32minfo[39m: [GrpcClient] DriverInit request successful
2026-07-04 21:07:48 - [33mwarn[39m: Accessibility Automation will run only on Chrome or ChromeForTesting browsers.
2026-07-04 21:07:48 - [32minfo[39m: [PlaywrightAutomationFramework] trackPlaywrightInstance: instance already exists
2026-07-04 21:07:48 - [32minfo[39m: [Accessibility] afterTestHook state: accessibilityPlatform=false, bstackA11yShouldScan=true
2026-07-04 21:07:48 - [32minfo[39m: [PlaywrightAutomationFramework] trackPlaywrightInstance: instance already exists
2026-07-04 21:07:48 - [32minfo[39m: [GrpcClient] Sending TestSessionEvent
2026-07-04 21:07:48 - [32minfo[39m: [GrpcClient] TestSessionEvent request successful
2026-07-04 21:07:48 - [32minfo[39m: [ObservabilityModule] onBeforeTest: TEST REPORTING AND ANALYTICS sync done
2026-07-04 21:07:49 - [32minfo[39m: [PlaywrightAutomationFramework] trackPlaywrightInstance: instance already exists
2026-07-04 21:07:49 - [32minfo[39m: [GrpcClient] Sending TestSessionEvent
2026-07-04 21:07:49 - [32minfo[39m: [GrpcClient] TestSessionEvent request successful
2026-07-04 21:07:49 - [32minfo[39m: [ObservabilityModule] onBeforeTest: TEST REPORTING AND ANALYTICS sync done
2026-07-04 21:07:49 - [32minfo[39m: [PlaywrightDriverModule] testId: 537b83cfbdf14afda252-c10a54f5d3a608be0c88
2026-07-04 21:07:49 - [32minfo[39m: [PlaywrightDriverModule] testData from onAfterTest: {
  uuid: '9dd350ff-1888-4ac1-b8a7-e8b5be802fd7',
  test_framework_name: 'Playwright',
  test_framework_version: '1.61.0',
  test_logs: [],
  test_hooks_finished: {},
  test_hooks_started: {},
  test_uuid: '9dd350ff-1888-4ac1-b8a7-e8b5be802fd7',
  test_result: 'pending',
  automate_session_name: 'e2e/login.spec.ts - successful login redirects to products page',
  test_file_path: '/Users/tsl/Documents/projects/qa-automation/tests/e2e/login.spec.ts',
  test_id: '537b83cfbdf14afda252-c10a54f5d3a608be0c88',
  test_name: 'successful login redirects to products page',
  test_location: '/Users/tsl/Documents/projects/qa-automation/tests/e2e/login.spec.ts',
  test_code: 'async ({\n' +
    '  page\n' +
    '}) => {\n' +
    '  const loginPage = new _login.LoginPage(page);\n' +
    '  await loginPage.login(_user.Usernames.STANDARD, _user.Passwords.STANDARD_PASSWORD);\n' +
    '  await (0, _test.expect)(page).toHaveURL(/inventory/);\n' +
    '  await (0, _test.expect)(page.locator(".title")).toHaveText("Products");\n' +
    '}',
  test_tags: [],
  test_started_at: '2026-07-04T19:07:43.102Z',
  test_scope: 'e2e/login.spec.ts - successful login redirects to products page',
  test_scopes: [],
  test_rerun_name: ' -latest:OSX Ventura-browserstack e2e/login.spec.ts successful login redirects to products page'
}
2026-07-04 21:07:49 - [32minfo[39m: [GrpcClient] Sending TestSessionEvent
2026-07-04 21:07:49 - [32minfo[39m: [GrpcClient] TestSessionEvent request successful
2026-07-04 21:07:49 - [32minfo[39m: [PlaywrightDriverModule] markSessionStatusViaRestApi: PUT https://api.browserstack.com/automate/sessions/6e237d0913254485194c7b997fc39ea3079f5840.json status=passed
2026-07-04 21:07:49 - [32minfo[39m: [PlaywrightAutomationFramework] trackPlaywrightInstance: instance already exists
2026-07-04 21:07:49 - [32minfo[39m: [PlaywrightAutomationFramework] trackPlaywrightInstance: instance already exists
2026-07-04 21:07:49 - [32minfo[39m: [GrpcClient] Sending DriverInit
2026-07-04 21:07:49 - [32minfo[39m: [GrpcClient] DriverInit request successful
2026-07-04 21:07:50 - [32minfo[39m: [PlaywrightAutomationFramework] trackPlaywrightInstance: instance already exists
2026-07-04 21:07:50 - [32minfo[39m: Automate test case execution has ended. Processing for accessibility testing is underway. 
2026-07-04 21:07:50 - [33mwarn[39m: Not a valid Accessibility Automation session for playwright-page, cannot perform scan with retry.
2026-07-04 21:07:50 - [33mwarn[39m: Not a valid Accessibility Automation session for playwright-page, cannot save accessibility results with retry.
2026-07-04 21:07:50 - [32minfo[39m: Accessibility testing for this test case has ended.
2026-07-04 21:07:50 - [32minfo[39m: getting screenshots results.
2026-07-04 21:07:50 - [32minfo[39m: [GrpcClient] Sending LogCreatedEvent
2026-07-04 21:07:50 - [32minfo[39m: [GrpcClient] Sending TestFrameworkEvent
2026-07-04 21:07:50 - [32minfo[39m: [GrpcClient] LogCreatedEvent request successful
2026-07-04 21:07:50 - [32minfo[39m: [GrpcClient] Sending TestFrameworkEvent
2026-07-04 21:07:50 - [32minfo[39m: [GrpcClient] TestFrameworkEvent request successful
2026-07-04 21:07:50 - [32minfo[39m: [GrpcClient] TestFrameworkEvent request successful
2026-07-04 21:07:50 - [32minfo[39m: [PlaywrightAutomationFramework] trackPlaywrightInstance: instance already exists
2026-07-04 21:07:50 - [32minfo[39m: [Accessibility] afterTestHook state: accessibilityPlatform=false, bstackA11yShouldScan=true
2026-07-04 21:07:50 - [32minfo[39m: [PlaywrightAutomationFramework] trackPlaywrightInstance: instance already exists
2026-07-04 21:07:50 - [32minfo[39m: [GrpcClient] Sending TestSessionEvent
2026-07-04 21:07:50 - [32minfo[39m: [GrpcClient] TestSessionEvent request successful
2026-07-04 21:07:50 - [32minfo[39m: [ObservabilityModule] onBeforeTest: TEST REPORTING AND ANALYTICS sync done
2026-07-04 21:07:50 - [32minfo[39m: [PlaywrightDriverModule] testId: 537b83cfbdf14afda252-35b58795cca1dc249e25
2026-07-04 21:07:50 - [32minfo[39m: [PlaywrightDriverModule] testData from onAfterTest: {
  uuid: 'a985dee8-7eae-4429-9460-d07029024d4f',
  test_framework_name: 'Playwright',
  test_framework_version: '1.61.0',
  test_logs: [],
  test_hooks_finished: {},
  test_hooks_started: {},
  test_uuid: 'a985dee8-7eae-4429-9460-d07029024d4f',
  test_result: 'pending',
  automate_session_name: 'e2e/login.spec.ts - successful login redirects to products page',
  test_file_path: '/Users/tsl/Documents/projects/qa-automation/tests/e2e/login.spec.ts',
  test_id: '537b83cfbdf14afda252-35b58795cca1dc249e25',
  test_name: 'successful login redirects to products page',
  test_location: '/Users/tsl/Documents/projects/qa-automation/tests/e2e/login.spec.ts',
  test_code: 'async ({\n' +
    '  page\n' +
    '}) => {\n' +
    '  const loginPage = new _login.LoginPage(page);\n' +
    '  await loginPage.login(_user.Usernames.STANDARD, _user.Passwords.STANDARD_PASSWORD);\n' +
    '  await (0, _test.expect)(page).toHaveURL(/inventory/);\n' +
    '  await (0, _test.expect)(page.locator(".title")).toHaveText("Products");\n' +
    '}',
  test_tags: [],
  test_started_at: '2026-07-04T19:07:43.102Z',
  test_scope: 'e2e/login.spec.ts - successful login redirects to products page',
  test_scopes: [],
  test_rerun_name: ' -latest:Windows 11-browserstack e2e/login.spec.ts successful login redirects to products page'
}
2026-07-04 21:07:50 - [32minfo[39m: [GrpcClient] Sending TestSessionEvent
2026-07-04 21:07:50 - [32minfo[39m: [GrpcClient] TestSessionEvent request successful
2026-07-04 21:07:50 - [32minfo[39m: [PlaywrightAutomationFramework] trackPlaywrightInstance: instance already exists
2026-07-04 21:07:50 - [32minfo[39m: [GrpcClient] Sending TestSessionEvent
2026-07-04 21:07:50 - [32minfo[39m: [GrpcClient] TestSessionEvent request successful
2026-07-04 21:07:50 - [32minfo[39m: [ObservabilityModule] onBeforeTest: TEST REPORTING AND ANALYTICS sync done
2026-07-04 21:07:51 - [32minfo[39m: [PlaywrightDriverModule] markSessionStatusViaRestApi: PUT https://api.browserstack.com/automate/sessions/5dba5de373887178885e8868724f87b4cb1fc179.json status=passed
2026-07-04 21:07:51 - [32minfo[39m: [PlaywrightAutomationFramework] trackPlaywrightInstance: instance already exists
2026-07-04 21:07:51 - [32minfo[39m: [GrpcClient] Sending TestSessionEvent
2026-07-04 21:07:51 - [32minfo[39m: [GrpcClient] TestSessionEvent request successful
2026-07-04 21:07:51 - [32minfo[39m: [ObservabilityModule] onBeforeTest: TEST REPORTING AND ANALYTICS sync done
2026-07-04 21:07:51 - [33mwarn[39m: Accessibility Automation will run only on Chrome or ChromeForTesting browsers.
2026-07-04 21:07:51 - [32minfo[39m: getting screenshots results.
2026-07-04 21:07:51 - [32minfo[39m: [GrpcClient] Sending LogCreatedEvent
2026-07-04 21:07:51 - [32minfo[39m: [GrpcClient] Sending TestFrameworkEvent
2026-07-04 21:07:51 - [32minfo[39m: [GrpcClient] LogCreatedEvent request successful
2026-07-04 21:07:51 - [32minfo[39m: [GrpcClient] Sending TestFrameworkEvent
2026-07-04 21:07:51 - [32minfo[39m: [GrpcClient] TestFrameworkEvent request successful
2026-07-04 21:07:51 - [32minfo[39m: [GrpcClient] TestFrameworkEvent request successful
2026-07-04 21:07:51 - [32minfo[39m: [Accessibility] afterTestHook state: accessibilityPlatform=false, bstackA11yShouldScan=true
2026-07-04 21:07:51 - [32minfo[39m: [PlaywrightAutomationFramework] trackPlaywrightInstance: instance already exists
2026-07-04 21:07:51 - [32minfo[39m: [GrpcClient] Sending TestSessionEvent
2026-07-04 21:07:51 - [32minfo[39m: [GrpcClient] TestSessionEvent request successful
2026-07-04 21:07:51 - [32minfo[39m: [ObservabilityModule] onBeforeTest: TEST REPORTING AND ANALYTICS sync done
2026-07-04 21:07:51 - [32minfo[39m: [PlaywrightAutomationFramework] trackPlaywrightInstance: instance already exists
2026-07-04 21:07:52 - [32minfo[39m: [PlaywrightAutomationFramework] trackPlaywrightInstance: instance already exists
2026-07-04 21:07:52 - [32minfo[39m: [GrpcClient] Sending TestSessionEvent
2026-07-04 21:07:52 - [32minfo[39m: [GrpcClient] TestSessionEvent request successful
2026-07-04 21:07:52 - [32minfo[39m: [PlaywrightDriverModule] testId: 537b83cfbdf14afda252-d34d80b0ed6dd5276f24
2026-07-04 21:07:52 - [32minfo[39m: [PlaywrightDriverModule] testData from onAfterTest: {
  uuid: 'fc45969c-16a9-4878-a096-f3553c0fc3fd',
  test_framework_name: 'Playwright',
  test_framework_version: '1.61.0',
  test_logs: [],
  test_hooks_finished: {},
  test_hooks_started: {},
  test_uuid: 'fc45969c-16a9-4878-a096-f3553c0fc3fd',
  test_result: 'pending',
  automate_session_name: 'e2e/login.spec.ts - wrong password shows error',
  test_file_path: '/Users/tsl/Documents/projects/qa-automation/tests/e2e/login.spec.ts',
  test_id: '537b83cfbdf14afda252-d34d80b0ed6dd5276f24',
  test_name: 'wrong password shows error',
  test_location: '/Users/tsl/Documents/projects/qa-automation/tests/e2e/login.spec.ts',
  test_code: 'async ({\n' +
    '  page\n' +
    '}) => {\n' +
    '  const loginPage = new _login.LoginPage(page);\n' +
    '  await loginPage.login(_user.Usernames.STANDARD, _user.Passwords.WRONG_PASSWORD);\n' +
    '  await (0, _test.expect)(loginPage.getErrorBanner()).toBeVisible();\n' +
    '}',
  test_tags: [],
  test_started_at: '2026-07-04T19:07:50.321Z',
  test_scope: 'e2e/login.spec.ts - wrong password shows error',
  test_scopes: [],
  test_rerun_name: ' -latest:OSX Ventura-browserstack e2e/login.spec.ts wrong password shows error'
}
2026-07-04 21:07:52 - [32minfo[39m: [GrpcClient] Sending TestSessionEvent
2026-07-04 21:07:52 - [32minfo[39m: [GrpcClient] TestSessionEvent request successful
2026-07-04 21:07:52 - [32minfo[39m: [ObservabilityModule] onBeforeTest: TEST REPORTING AND ANALYTICS sync done
2026-07-04 21:07:52 - [32minfo[39m: [PlaywrightDriverModule] markSessionStatusViaRestApi: PUT https://api.browserstack.com/automate/sessions/6e237d0913254485194c7b997fc39ea3079f5840.json status=passed
2026-07-04 21:07:52 - [32minfo[39m: getting screenshots results.
2026-07-04 21:07:52 - [32minfo[39m: [GrpcClient] Sending LogCreatedEvent
2026-07-04 21:07:52 - [32minfo[39m: [GrpcClient] Sending TestFrameworkEvent
2026-07-04 21:07:52 - [32minfo[39m: [GrpcClient] LogCreatedEvent request successful
2026-07-04 21:07:52 - [32minfo[39m: [GrpcClient] Sending TestFrameworkEvent
2026-07-04 21:07:52 - [32minfo[39m: [GrpcClient] TestFrameworkEvent request successful
2026-07-04 21:07:52 - [32minfo[39m: [GrpcClient] TestFrameworkEvent request successful
2026-07-04 21:07:53 - [32minfo[39m: [PlaywrightAutomationFramework] trackPlaywrightInstance: instance already exists
2026-07-04 21:07:53 - [32minfo[39m: Automate test case execution has ended. Processing for accessibility testing is underway. 
2026-07-04 21:07:53 - [33mwarn[39m: Not a valid Accessibility Automation session for playwright-page, cannot perform scan with retry.
2026-07-04 21:07:53 - [33mwarn[39m: Not a valid Accessibility Automation session for playwright-page, cannot save accessibility results with retry.
2026-07-04 21:07:53 - [32minfo[39m: Accessibility testing for this test case has ended.
2026-07-04 21:07:53 - [32minfo[39m: [Accessibility] afterTestHook state: accessibilityPlatform=false, bstackA11yShouldScan=true
2026-07-04 21:07:53 - [32minfo[39m: [PlaywrightAutomationFramework] trackPlaywrightInstance: instance already exists
2026-07-04 21:07:53 - [32minfo[39m: [GrpcClient] Sending TestSessionEvent
2026-07-04 21:07:53 - [32minfo[39m: [GrpcClient] TestSessionEvent request successful
2026-07-04 21:07:53 - [32minfo[39m: [ObservabilityModule] onBeforeTest: TEST REPORTING AND ANALYTICS sync done
2026-07-04 21:07:53 - [32minfo[39m: [PlaywrightAutomationFramework] trackPlaywrightInstance: instance already exists
2026-07-04 21:07:53 - [32minfo[39m: [GrpcClient] Sending TestSessionEvent
2026-07-04 21:07:53 - [32minfo[39m: [GrpcClient] TestSessionEvent request successful
2026-07-04 21:07:53 - [32minfo[39m: [ObservabilityModule] onBeforeTest: TEST REPORTING AND ANALYTICS sync done
2026-07-04 21:07:53 - [33mwarn[39m: Accessibility Automation will run only on Chrome or ChromeForTesting browsers.
2026-07-04 21:07:53 - [32minfo[39m: [PlaywrightDriverModule] testId: 537b83cfbdf14afda252-f54344e0c95999009928
2026-07-04 21:07:53 - [32minfo[39m: [PlaywrightDriverModule] testData from onAfterTest: {
  uuid: 'b54c5892-42cd-4a0f-a918-99480bdf7c5c',
  test_framework_name: 'Playwright',
  test_framework_version: '1.61.0',
  test_logs: [],
  test_hooks_finished: {},
  test_hooks_started: {},
  test_uuid: 'b54c5892-42cd-4a0f-a918-99480bdf7c5c',
  test_result: 'pending',
  automate_session_name: 'e2e/login.spec.ts - wrong password shows error',
  test_file_path: '/Users/tsl/Documents/projects/qa-automation/tests/e2e/login.spec.ts',
  test_id: '537b83cfbdf14afda252-f54344e0c95999009928',
  test_name: 'wrong password shows error',
  test_location: '/Users/tsl/Documents/projects/qa-automation/tests/e2e/login.spec.ts',
  test_code: 'async ({\n' +
    '  page\n' +
    '}) => {\n' +
    '  const loginPage = new _login.LoginPage(page);\n' +
    '  await loginPage.login(_user.Usernames.STANDARD, _user.Passwords.WRONG_PASSWORD);\n' +
    '  await (0, _test.expect)(loginPage.getErrorBanner()).toBeVisible();\n' +
    '}',
  test_tags: [],
  test_started_at: '2026-07-04T19:07:51.763Z',
  test_scope: 'e2e/login.spec.ts - wrong password shows error',
  test_scopes: [],
  test_rerun_name: ' -latest:Windows 11-browserstack e2e/login.spec.ts wrong password shows error'
}
2026-07-04 21:07:53 - [32minfo[39m: [GrpcClient] Sending TestSessionEvent
2026-07-04 21:07:53 - [32minfo[39m: [GrpcClient] TestSessionEvent request successful
2026-07-04 21:07:53 - [32minfo[39m: [Accessibility] afterTestHook state: accessibilityPlatform=false, bstackA11yShouldScan=true
2026-07-04 21:07:53 - [32minfo[39m: [PlaywrightAutomationFramework] trackPlaywrightInstance: instance already exists
2026-07-04 21:07:53 - [32minfo[39m: [GrpcClient] Sending TestSessionEvent
2026-07-04 21:07:53 - [32minfo[39m: [GrpcClient] TestSessionEvent request successful
2026-07-04 21:07:53 - [32minfo[39m: [ObservabilityModule] onBeforeTest: TEST REPORTING AND ANALYTICS sync done
2026-07-04 21:07:53 - [32minfo[39m: [PlaywrightDriverModule] markSessionStatusViaRestApi: PUT https://api.browserstack.com/automate/sessions/5dba5de373887178885e8868724f87b4cb1fc179.json status=passed
2026-07-04 21:07:53 - [32minfo[39m: [PlaywrightDriverModule] testId: 537b83cfbdf14afda252-c1c8d9b26a60fe56273c
2026-07-04 21:07:53 - [32minfo[39m: [PlaywrightDriverModule] testData from onAfterTest: {
  uuid: 'ed55cbf1-3f81-46e5-8b57-144b7ee07515',
  test_framework_name: 'Playwright',
  test_framework_version: '1.61.0',
  test_logs: [],
  test_hooks_finished: {},
  test_hooks_started: {},
  test_uuid: 'ed55cbf1-3f81-46e5-8b57-144b7ee07515',
  test_result: 'pending',
  automate_session_name: 'e2e/login.spec.ts - successful login redirects to products page',
  test_file_path: '/Users/tsl/Documents/projects/qa-automation/tests/e2e/login.spec.ts',
  test_id: '537b83cfbdf14afda252-c1c8d9b26a60fe56273c',
  test_name: 'successful login redirects to products page',
  test_location: '/Users/tsl/Documents/projects/qa-automation/tests/e2e/login.spec.ts',
  test_code: 'async ({\n' +
    '  page\n' +
    '}) => {\n' +
    '  const loginPage = new _login.LoginPage(page);\n' +
    '  await loginPage.login(_user.Usernames.STANDARD, _user.Passwords.STANDARD_PASSWORD);\n' +
    '  await (0, _test.expect)(page).toHaveURL(/inventory/);\n' +
    '  await (0, _test.expect)(page.locator(".title")).toHaveText("Products");\n' +
    '}',
  test_tags: [],
  test_started_at: '2026-07-04T19:07:43.101Z',
  test_scope: 'e2e/login.spec.ts - successful login redirects to products page',
  test_scopes: [],
  test_rerun_name: ' -latest:Windows 11-browserstack e2e/login.spec.ts successful login redirects to products page'
}
2026-07-04 21:07:53 - [32minfo[39m: [GrpcClient] Sending TestSessionEvent
2026-07-04 21:07:53 - [32minfo[39m: [GrpcClient] TestSessionEvent request successful
2026-07-04 21:07:54 - [32minfo[39m: getting screenshots results.
2026-07-04 21:07:54 - [32minfo[39m: [PlaywrightDriverModule] markSessionStatusViaRestApi: PUT https://api.browserstack.com/automate/sessions/3a2d32b7ecb24bd5d633d0c8298d708ba9b39957.json status=passed
2026-07-04 21:07:54 - [32minfo[39m: [GrpcClient] Sending LogCreatedEvent
2026-07-04 21:07:54 - [32minfo[39m: [GrpcClient] Sending TestFrameworkEvent
2026-07-04 21:07:54 - [32minfo[39m: [GrpcClient] LogCreatedEvent request successful
2026-07-04 21:07:54 - [32minfo[39m: [GrpcClient] Sending TestFrameworkEvent
2026-07-04 21:07:54 - [32minfo[39m: [GrpcClient] TestFrameworkEvent request successful
2026-07-04 21:07:54 - [32minfo[39m: [GrpcClient] TestFrameworkEvent request successful
2026-07-04 21:07:54 - [32minfo[39m: [PlaywrightAutomationFramework] trackPlaywrightInstance: instance already exists
2026-07-04 21:07:54 - [33mwarn[39m: Accessibility Automation will run only on Chrome or ChromeForTesting browsers.
2026-07-04 21:07:54 - [32minfo[39m: [Accessibility] afterTestHook state: accessibilityPlatform=false, bstackA11yShouldScan=true
2026-07-04 21:07:54 - [32minfo[39m: [PlaywrightAutomationFramework] trackPlaywrightInstance: instance already exists
2026-07-04 21:07:54 - [32minfo[39m: [GrpcClient] Sending TestSessionEvent
2026-07-04 21:07:54 - [32minfo[39m: [GrpcClient] TestSessionEvent request successful
2026-07-04 21:07:54 - [32minfo[39m: [PlaywrightAutomationFramework] trackPlaywrightInstance: instance already exists
2026-07-04 21:07:54 - [32minfo[39m: [GrpcClient] Sending TestSessionEvent
2026-07-04 21:07:54 - [32minfo[39m: [GrpcClient] TestSessionEvent request successful
2026-07-04 21:07:54 - [32minfo[39m: [ObservabilityModule] onBeforeTest: TEST REPORTING AND ANALYTICS sync done
2026-07-04 21:07:54 - [32minfo[39m: [ObservabilityModule] onBeforeTest: TEST REPORTING AND ANALYTICS sync done
2026-07-04 21:07:54 - [32minfo[39m: [PlaywrightDriverModule] testId: 537b83cfbdf14afda252-0bd5001251d09742046f
2026-07-04 21:07:54 - [32minfo[39m: [PlaywrightDriverModule] testData from onAfterTest: {
  uuid: '06a7e91b-57c5-4436-8eaa-d3222b314bc5',
  test_framework_name: 'Playwright',
  test_framework_version: '1.61.0',
  test_logs: [],
  test_hooks_finished: {},
  test_hooks_started: {},
  test_uuid: '06a7e91b-57c5-4436-8eaa-d3222b314bc5',
  test_result: 'pending',
  automate_session_name: 'e2e/login.spec.ts - locked user login shows error',
  test_file_path: '/Users/tsl/Documents/projects/qa-automation/tests/e2e/login.spec.ts',
  test_id: '537b83cfbdf14afda252-0bd5001251d09742046f',
  test_name: 'locked user login shows error',
  test_location: '/Users/tsl/Documents/projects/qa-automation/tests/e2e/login.spec.ts',
  test_code: 'async ({\n' +
    '  page\n' +
    '}) => {\n' +
    '  const loginPage = new _login.LoginPage(page);\n' +
    '  const banner = loginPage.getErrorBanner();\n' +
    '  await loginPage.login(_user.Usernames.LOCKED_OUT, _user.Passwords.STANDARD_PASSWORD);\n' +
    '  await (0, _test.expect)(page).toHaveURL(/saucedemo\\.com\\/$/);\n' +
    '  await (0, _test.expect)(banner).toBeVisible();\n' +
    '  await (0, _test.expect)(banner).toContainText(_login2.LoginMessages.LOCKED_OUT);\n' +
    '}',
  test_tags: [],
  test_started_at: '2026-07-04T19:07:52.949Z',
  test_scope: 'e2e/login.spec.ts - locked user login shows error',
  test_scopes: [],
  test_rerun_name: ' -latest:OSX Ventura-browserstack e2e/login.spec.ts locked user login shows error'
}
2026-07-04 21:07:54 - [32minfo[39m: [GrpcClient] Sending TestSessionEvent
2026-07-04 21:07:54 - [32minfo[39m: [GrpcClient] TestSessionEvent request successful
2026-07-04 21:07:54 - [32minfo[39m: getting screenshots results.
2026-07-04 21:07:54 - [32minfo[39m: [GrpcClient] Sending LogCreatedEvent
2026-07-04 21:07:54 - [32minfo[39m: [GrpcClient] Sending TestFrameworkEvent
2026-07-04 21:07:54 - [32minfo[39m: [GrpcClient] LogCreatedEvent request successful
2026-07-04 21:07:54 - [32minfo[39m: [GrpcClient] Sending TestFrameworkEvent
2026-07-04 21:07:54 - [32minfo[39m: [GrpcClient] TestFrameworkEvent request successful
2026-07-04 21:07:54 - [32minfo[39m: [GrpcClient] TestFrameworkEvent request successful
2026-07-04 21:07:55 - [32minfo[39m: [PlaywrightAutomationFramework] trackPlaywrightInstance: instance already exists
2026-07-04 21:07:55 - [32minfo[39m: [PlaywrightDriverModule] markSessionStatusViaRestApi: PUT https://api.browserstack.com/automate/sessions/6e237d0913254485194c7b997fc39ea3079f5840.json status=passed
2026-07-04 21:07:55 - [32minfo[39m: [PlaywrightAutomationFramework] trackPlaywrightInstance: instance already exists
2026-07-04 21:07:55 - [32minfo[39m: [GrpcClient] Sending TestSessionEvent
2026-07-04 21:07:55 - [32minfo[39m: [GrpcClient] TestSessionEvent request successful
2026-07-04 21:07:55 - [32minfo[39m: [ObservabilityModule] onBeforeTest: TEST REPORTING AND ANALYTICS sync done
2026-07-04 21:07:55 - [32minfo[39m: Automate test case execution has ended. Processing for accessibility testing is underway. 
2026-07-04 21:07:55 - [33mwarn[39m: Not a valid Accessibility Automation session for playwright-page, cannot perform scan with retry.
2026-07-04 21:07:55 - [33mwarn[39m: Not a valid Accessibility Automation session for playwright-page, cannot save accessibility results with retry.
2026-07-04 21:07:55 - [32minfo[39m: Accessibility testing for this test case has ended.
2026-07-04 21:07:55 - [32minfo[39m: [Accessibility] afterTestHook state: accessibilityPlatform=false, bstackA11yShouldScan=true
2026-07-04 21:07:55 - [32minfo[39m: getting screenshots results.
2026-07-04 21:07:55 - [32minfo[39m: [PlaywrightAutomationFramework] trackPlaywrightInstance: instance already exists
2026-07-04 21:07:55 - [32minfo[39m: [GrpcClient] Sending TestSessionEvent
2026-07-04 21:07:55 - [32minfo[39m: [GrpcClient] Sending LogCreatedEvent
2026-07-04 21:07:55 - [32minfo[39m: [GrpcClient] LogCreatedEvent request successful
2026-07-04 21:07:55 - [32minfo[39m: [GrpcClient] TestSessionEvent request successful
2026-07-04 21:07:55 - [32minfo[39m: [GrpcClient] Sending TestFrameworkEvent
2026-07-04 21:07:55 - [32minfo[39m: [GrpcClient] TestFrameworkEvent request successful
2026-07-04 21:07:55 - [32minfo[39m: [ObservabilityModule] onBeforeTest: TEST REPORTING AND ANALYTICS sync done
2026-07-04 21:07:56 - [32minfo[39m: [PlaywrightDriverModule] testId: 537b83cfbdf14afda252-718fbb77e918c549a6ef
2026-07-04 21:07:56 - [32minfo[39m: [PlaywrightDriverModule] testData from onAfterTest: {
  uuid: '84cea6d8-1618-479e-a459-c5c68f6e0eef',
  test_framework_name: 'Playwright',
  test_framework_version: '1.61.0',
  test_logs: [],
  test_hooks_finished: {},
  test_hooks_started: {},
  test_uuid: '84cea6d8-1618-479e-a459-c5c68f6e0eef',
  test_result: 'pending',
  automate_session_name: 'e2e/login.spec.ts - locked user login shows error',
  test_file_path: '/Users/tsl/Documents/projects/qa-automation/tests/e2e/login.spec.ts',
  test_id: '537b83cfbdf14afda252-718fbb77e918c549a6ef',
  test_name: 'locked user login shows error',
  test_location: '/Users/tsl/Documents/projects/qa-automation/tests/e2e/login.spec.ts',
  test_code: 'async ({\n' +
    '  page\n' +
    '}) => {\n' +
    '  const loginPage = new _login.LoginPage(page);\n' +
    '  const banner = loginPage.getErrorBanner();\n' +
    '  await loginPage.login(_user.Usernames.LOCKED_OUT, _user.Passwords.STANDARD_PASSWORD);\n' +
    '  await (0, _test.expect)(page).toHaveURL(/saucedemo\\.com\\/$/);\n' +
    '  await (0, _test.expect)(banner).toBeVisible();\n' +
    '  await (0, _test.expect)(banner).toContainText(_login2.LoginMessages.LOCKED_OUT);\n' +
    '}',
  test_tags: [],
  test_started_at: '2026-07-04T19:07:54.256Z',
  test_scope: 'e2e/login.spec.ts - locked user login shows error',
  test_scopes: [],
  test_rerun_name: ' -latest:Windows 11-browserstack e2e/login.spec.ts locked user login shows error'
}
2026-07-04 21:07:56 - [32minfo[39m: [GrpcClient] Sending TestSessionEvent
2026-07-04 21:07:56 - [32minfo[39m: [GrpcClient] TestSessionEvent request successful
2026-07-04 21:07:56 - [32minfo[39m: [PlaywrightDriverModule] markSessionStatusViaRestApi: PUT https://api.browserstack.com/automate/sessions/5dba5de373887178885e8868724f87b4cb1fc179.json status=passed
2026-07-04 21:07:56 - [33mwarn[39m: Accessibility Automation will run only on Chrome or ChromeForTesting browsers.
2026-07-04 21:07:56 - [32minfo[39m: [Accessibility] afterTestHook state: accessibilityPlatform=false, bstackA11yShouldScan=true
2026-07-04 21:07:56 - [32minfo[39m: [PlaywrightAutomationFramework] trackPlaywrightInstance: instance already exists
2026-07-04 21:07:56 - [32minfo[39m: [GrpcClient] Sending TestSessionEvent
2026-07-04 21:07:56 - [32minfo[39m: [GrpcClient] TestSessionEvent request successful
2026-07-04 21:07:56 - [32minfo[39m: [ObservabilityModule] onBeforeTest: TEST REPORTING AND ANALYTICS sync done
2026-07-04 21:07:57 - [32minfo[39m: getting screenshots results.
2026-07-04 21:07:57 - [32minfo[39m: [GrpcClient] Sending LogCreatedEvent
2026-07-04 21:07:57 - [32minfo[39m: [GrpcClient] LogCreatedEvent request successful
2026-07-04 21:07:57 - [32minfo[39m: [GrpcClient] Sending TestFrameworkEvent
2026-07-04 21:07:57 - [32minfo[39m: [GrpcClient] TestFrameworkEvent request successful
2026-07-04 21:07:57 - [32minfo[39m: [PlaywrightDriverModule] testId: 537b83cfbdf14afda252-f97246ce5c6f33f1a704
2026-07-04 21:07:57 - [32minfo[39m: [PlaywrightDriverModule] testData from onAfterTest: {
  uuid: '783d57a0-157c-4f27-952d-ec2951a95954',
  test_framework_name: 'Playwright',
  test_framework_version: '1.61.0',
  test_logs: [],
  test_hooks_finished: {},
  test_hooks_started: {},
  test_uuid: '783d57a0-157c-4f27-952d-ec2951a95954',
  test_result: 'pending',
  automate_session_name: 'e2e/login.spec.ts - wrong password shows error',
  test_file_path: '/Users/tsl/Documents/projects/qa-automation/tests/e2e/login.spec.ts',
  test_id: '537b83cfbdf14afda252-f97246ce5c6f33f1a704',
  test_name: 'wrong password shows error',
  test_location: '/Users/tsl/Documents/projects/qa-automation/tests/e2e/login.spec.ts',
  test_code: 'async ({\n' +
    '  page\n' +
    '}) => {\n' +
    '  const loginPage = new _login.LoginPage(page);\n' +
    '  await loginPage.login(_user.Usernames.STANDARD, _user.Passwords.WRONG_PASSWORD);\n' +
    '  await (0, _test.expect)(loginPage.getErrorBanner()).toBeVisible();\n' +
    '}',
  test_tags: [],
  test_started_at: '2026-07-04T19:07:54.912Z',
  test_scope: 'e2e/login.spec.ts - wrong password shows error',
  test_scopes: [],
  test_rerun_name: ' -latest:Windows 11-browserstack e2e/login.spec.ts wrong password shows error'
}
2026-07-04 21:07:57 - [32minfo[39m: [GrpcClient] Sending TestSessionEvent
2026-07-04 21:07:57 - [32minfo[39m: [GrpcClient] TestSessionEvent request successful
2026-07-04 21:07:57 - [32minfo[39m: [PlaywrightDriverModule] markSessionStatusViaRestApi: PUT https://api.browserstack.com/automate/sessions/3a2d32b7ecb24bd5d633d0c8298d708ba9b39957.json status=passed
2026-07-04 21:07:58 - [32minfo[39m: getting screenshots results.
2026-07-04 21:07:58 - [32minfo[39m: [GrpcClient] Sending LogCreatedEvent
2026-07-04 21:07:58 - [32minfo[39m: [GrpcClient] Sending TestFrameworkEvent
2026-07-04 21:07:58 - [32minfo[39m: [GrpcClient] LogCreatedEvent request successful
2026-07-04 21:07:58 - [32minfo[39m: [GrpcClient] Sending TestFrameworkEvent
2026-07-04 21:07:58 - [32minfo[39m: [GrpcClient] TestFrameworkEvent request successful
2026-07-04 21:07:58 - [32minfo[39m: [GrpcClient] TestFrameworkEvent request successful
2026-07-04 21:07:58 - [32minfo[39m: [PlaywrightAutomationFramework] trackPlaywrightInstance: instance already exists
2026-07-04 21:07:58 - [32minfo[39m: [PlaywrightAutomationFramework] trackPlaywrightInstance: instance already exists
2026-07-04 21:07:58 - [32minfo[39m: [GrpcClient] Sending TestSessionEvent
2026-07-04 21:07:58 - [32minfo[39m: [GrpcClient] TestSessionEvent request successful
2026-07-04 21:07:58 - [32minfo[39m: [ObservabilityModule] onBeforeTest: TEST REPORTING AND ANALYTICS sync done
2026-07-04 21:07:59 - [33mwarn[39m: Accessibility Automation will run only on Chrome or ChromeForTesting browsers.
2026-07-04 21:08:00 - [32minfo[39m: [Accessibility] afterTestHook state: accessibilityPlatform=false, bstackA11yShouldScan=true
2026-07-04 21:08:00 - [32minfo[39m: [PlaywrightAutomationFramework] trackPlaywrightInstance: instance already exists
2026-07-04 21:08:00 - [32minfo[39m: [GrpcClient] Sending TestSessionEvent
2026-07-04 21:08:00 - [32minfo[39m: [GrpcClient] TestSessionEvent request successful
2026-07-04 21:08:00 - [32minfo[39m: [ObservabilityModule] onBeforeTest: TEST REPORTING AND ANALYTICS sync done
2026-07-04 21:08:00 - [32minfo[39m: [PlaywrightDriverModule] testId: 537b83cfbdf14afda252-c99d43c50a18b930bc40
2026-07-04 21:08:00 - [32minfo[39m: [PlaywrightDriverModule] testData from onAfterTest: {
  uuid: 'f85b8066-eac3-42eb-93fd-fa7f1915051f',
  test_framework_name: 'Playwright',
  test_framework_version: '1.61.0',
  test_logs: [],
  test_hooks_finished: {},
  test_hooks_started: {},
  test_uuid: 'f85b8066-eac3-42eb-93fd-fa7f1915051f',
  test_result: 'pending',
  automate_session_name: 'e2e/login.spec.ts - locked user login shows error',
  test_file_path: '/Users/tsl/Documents/projects/qa-automation/tests/e2e/login.spec.ts',
  test_id: '537b83cfbdf14afda252-c99d43c50a18b930bc40',
  test_name: 'locked user login shows error',
  test_location: '/Users/tsl/Documents/projects/qa-automation/tests/e2e/login.spec.ts',
  test_code: 'async ({\n' +
    '  page\n' +
    '}) => {\n' +
    '  const loginPage = new _login.LoginPage(page);\n' +
    '  const banner = loginPage.getErrorBanner();\n' +
    '  await loginPage.login(_user.Usernames.LOCKED_OUT, _user.Passwords.STANDARD_PASSWORD);\n' +
    '  await (0, _test.expect)(page).toHaveURL(/saucedemo\\.com\\/$/);\n' +
    '  await (0, _test.expect)(banner).toBeVisible();\n' +
    '  await (0, _test.expect)(banner).toContainText(_login2.LoginMessages.LOCKED_OUT);\n' +
    '}',
  test_tags: [],
  test_started_at: '2026-07-04T19:07:58.226Z',
  test_scope: 'e2e/login.spec.ts - locked user login shows error',
  test_scopes: [],
  test_rerun_name: ' -latest:Windows 11-browserstack e2e/login.spec.ts locked user login shows error'
}
2026-07-04 21:08:00 - [32minfo[39m: [GrpcClient] Sending TestSessionEvent
2026-07-04 21:08:00 - [32minfo[39m: [GrpcClient] TestSessionEvent request successful
2026-07-04 21:08:00 - [32minfo[39m: [PlaywrightDriverModule] markSessionStatusViaRestApi: PUT https://api.browserstack.com/automate/sessions/3a2d32b7ecb24bd5d633d0c8298d708ba9b39957.json status=passed
2026-07-04 21:08:01 - [32minfo[39m: getting screenshots results.
2026-07-04 21:08:01 - [32minfo[39m: [GrpcClient] Sending LogCreatedEvent
2026-07-04 21:08:01 - [32minfo[39m: [GrpcClient] LogCreatedEvent request successful
2026-07-04 21:08:01 - [32minfo[39m: [GrpcClient] Sending TestFrameworkEvent
2026-07-04 21:08:01 - [32minfo[39m: [GrpcClient] TestFrameworkEvent request successful
2026-07-04 21:08:01 - [32minfo[39m: [BrowserstackCLI] stop: CLI stop triggered
2026-07-04 21:08:01 - [32minfo[39m: [GrpcClient] Stopping bin session
2026-07-04 21:08:03 - [32minfo[39m: [GrpcClient] StopBinSession successful
2026-07-04 21:08:03 - [32minfo[39m: stop: stopBinSession build_link=https://automate.browserstack.com/dashboard/v2/builds/faaa2f28fa6a0e6dbaecc9882cc526634fe246e0 hashed_id=faaa2f28fa6a0e6dbaecc9882cc526634fe246e0 o11y_uuid=fwzapghlfqd3buj2ajzw9pzup62ommjropygewan
2026-07-04 21:08:03 - [32minfo[39m: [BrowserstackCLI] Unconfiguring modules
2026-07-04 21:08:03 - [32minfo[39m: [BrowserstackCLI] stop: channel closed
2026-07-04 21:08:08 - [32minfo[39m: [BrowserstackCLI] stop: shutting down CLI
2026-07-04 21:08:08 - [32minfo[39m: [BrowserstackCLI] stop: CLI process exited
2026-07-04 21:08:08 - [32minfo[39m: Visit https://automation.browserstack.com/builds/fwzapghlfqd3buj2ajzw9pzup62ommjropygewan to view build report, insights, and many more debugging information all at one place!

2026-07-04 21:08:09 - [32minfo[39m: View build on BrowserStack dashboard: https://automate.browserstack.com/dashboard/v2/builds/faaa2f28fa6a0e6dbaecc9882cc526634fe246e0
2026-07-04 21:08:09 - [32minfo[39m: SDK run ended for id: 145c3cfc-3350-4ba0-8e96-034f6d62331a, testhub id: fwzapghlfqd3buj2ajzw9pzup62ommjropygewan
2026-07-04 21:08:11 - [32minfo[39m: Deleting /Users/tsl/Documents/projects/qa-automation/playwright-browserstack-sdk.config.ts
2026-07-04 21:08:11 - [32minfo[39m: [BrowserstackCLI] stop: CLI is not running, skipping stop
